timestamp,bin_id,area,bin_type,latitude,longitude,fill_level_%,temperature_C,humidity_%,is_weekend,collection_needed,collected,hour,day_of_week,month,prev_fill_level,fill_change,bin_type_code
2024-01-01 04:00:00,BIN_001,Saddar,General,24.8607,67.0105,14.81,36.4,79.8,0,0,0,4,0,1,13.39,1.42,0
2024-01-01 08:00:00,BIN_001,Saddar,General,24.8607,67.0105,15.88,30.5,61.4,0,0,0,8,0,1,14.81,1.0700000000000003,0
2024-01-01 12:00:00,BIN_001,Saddar,General,24.8607,67.0105,18.46,32.3,73.4,0,0,0,12,0,1,15.88,2.58,0
2024-01-01 16:00:00,BIN_001,Saddar,General,24.8607,67.0105,17.64,36.6,59.9,0,0,0,16,0,1,18.46,-0.8200000000000003,0
2024-01-01 20:00:00,BIN_001,Saddar,General,24.8607,67.0105,18.57,32.1,67.8,0,0,0,20,0,1,17.64,0.9299999999999997,0
2024-01-02 00:00:00,BIN_001,Saddar,General,24.8607,67.0105,22.54,30.8,73.0,0,0,0,0,1,1,18.57,3.969999999999999,0
2024-01-02 04:00:00,BIN_001,Saddar,General,24.8607,67.0105,23.97,36.3,56.6,0,0,0,4,1,1,22.54,1.4299999999999997,0
2024-01-02 08:00:00,BIN_001,Saddar,General,24.8607,67.0105,24.02,28.9,88.2,0,0,0,8,1,1,23.97,0.05000000000000071,0
2024-01-02 12:00:00,BIN_001,Saddar,General,24.8607,67.0105,26.35,41.5,83.3,0,0,0,12,1,1,24.02,2.330000000000002,0
2024-01-02 16:00:00,BIN_001,Saddar,General,24.8607,67.0105,27.22,37.6,70.4,0,0,0,16,1,1,26.35,0.8699999999999974,0
2024-01-02 20:00:00,BIN_001,Saddar,General,24.8607,67.0105,28.55,29.7,72.3,0,0,0,20,1,1,27.22,1.3300000000000018,0
2024-01-03 00:00:00,BIN_001,Saddar,General,24.8607,67.0105,31.56,32.4,73.2,0,0,0,0,2,1,28.55,3.009999999999998,0
2024-01-03 04:00:00,BIN_001,Saddar,General,24.8607,67.0105,31.49,35.7,61.5,0,0,0,4,2,1,31.56,-0.07000000000000028,0
2024-01-03 08:00:00,BIN_001,Saddar,General,24.8607,67.0105,34.37,29.2,61.9,0,0,0,8,2,1,31.49,2.879999999999999,0
2024-01-03 12:00:00,BIN_001,Saddar,General,24.8607,67.0105,36.4,28.6,66.4,0,0,0,12,2,1,34.37,2.030000000000001,0
2024-01-03 16:00:00,BIN_001,Saddar,General,24.8607,67.0105,35.95,39.6,67.5,0,0,0,16,2,1,36.4,-0.44999999999999574,0
2024-01-03 20:00:00,BIN_001,Saddar,General,24.8607,67.0105,36.64,31.9,74.0,0,0,0,20,2,1,35.95,0.6899999999999977,0
2024-01-04 00:00:00,BIN_001,Saddar,General,24.8607,67.0105,38.9,29.0,89.5,0,0,0,0,3,1,36.64,2.259999999999998,0
2024-01-04 04:00:00,BIN_001,Saddar,General,24.8607,67.0105,40.09,38.8,62.0,0,0,0,4,3,1,38.9,1.1900000000000048,0
2024-01-04 08:00:00,BIN_001,Saddar,General,24.8607,67.0105,43.41,38.8,57.6,0,0,0,8,3,1,40.09,3.319999999999993,0
2024-01-04 12:00:00,BIN_001,Saddar,General,24.8607,67.0105,46.58,33.0,59.1,0,0,0,12,3,1,43.41,3.1700000000000017,0
2024-01-04 16:00:00,BIN_001,Saddar,General,24.8607,67.0105,48.84,32.6,57.2,0,0,0,16,3,1,46.58,2.260000000000005,0
2024-01-04 20:00:00,BIN_001,Saddar,General,24.8607,67.0105,52.08,32.4,66.4,0,0,0,20,3,1,48.84,3.239999999999995,0
2024-01-05 00:00:00,BIN_001,Saddar,General,24.8607,67.0105,55.07,40.4,71.5,0,0,0,0,4,1,52.08,2.990000000000002,0
2024-01-05 04:00:00,BIN_001,Saddar,General,24.8607,67.0105,58.87,29.7,80.0,0,0,0,4,4,1,55.07,3.799999999999997,0
2024-01-05 08:00:00,BIN_001,Saddar,General,24.8607,67.0105,61.18,38.8,72.3,0,0,0,8,4,1,58.87,2.3100000000000023,0
2024-01-05 12:00:00,BIN_001,Saddar,General,24.8607,67.0105,65.26,35.3,70.0,0,0,0,12,4,1,61.18,4.080000000000005,0
2024-01-05 16:00:00,BIN_001,Saddar,General,24.8607,67.0105,67.16,32.4,72.8,0,0,0,16,4,1,65.26,1.8999999999999915,0
2024-01-05 20:00:00,BIN_001,Saddar,General,24.8607,67.0105,68.48,40.7,63.7,0,0,0,20,4,1,67.16,1.3200000000000074,0
2024-01-06 00:00:00,BIN_001,Saddar,General,24.8607,67.0105,73.0,31.2,57.7,1,0,0,0,5,1,68.48,4.519999999999996,0
2024-01-06 04:00:00,BIN_001,Saddar,General,24.8607,67.0105,74.53,32.1,60.6,1,0,0,4,5,1,73.0,1.5300000000000011,0
2024-01-06 08:00:00,BIN_001,Saddar,General,24.8607,67.0105,78.2,39.3,61.5,1,1,0,8,5,1,74.53,3.6700000000000017,0
2024-01-06 12:00:00,BIN_001,Saddar,General,24.8607,67.0105,80.99,40.5,73.9,1,1,0,12,5,1,78.2,2.789999999999992,0
2024-01-06 16:00:00,BIN_001,Saddar,General,24.8607,67.0105,82.24,31.2,69.9,1,1,0,16,5,1,80.99,1.25,0
2024-01-06 20:00:00,BIN_001,Saddar,General,24.8607,67.0105,84.05,39.5,85.1,1,1,0,20,5,1,82.24,1.8100000000000023,0
2024-01-07 00:00:00,BIN_001,Saddar,General,24.8607,67.0105,86.36,33.8,62.8,1,1,1,0,6,1,84.05,2.3100000000000023,0
2024-01-07 04:00:00,BIN_001,Saddar,General,24.8607,67.0105,3.15,32.7,88.0,1,0,0,4,6,1,86.36,-83.21,0
2024-01-07 08:00:00,BIN_001,Saddar,General,24.8607,67.0105,5.77,37.8,67.7,1,0,0,8,6,1,3.15,2.6199999999999997,0
2024-01-07 12:00:00,BIN_001,Saddar,General,24.8607,67.0105,5.04,41.6,88.7,1,0,0,12,6,1,5.77,-0.7299999999999995,0
2024-01-07 16:00:00,BIN_001,Saddar,General,24.8607,67.0105,7.31,32.2,65.0,1,0,0,16,6,1,5.04,2.2699999999999996,0
2024-01-07 20:00:00,BIN_001,Saddar,General,24.8607,67.0105,7.1,28.5,76.3,1,0,0,20,6,1,7.31,-0.20999999999999996,0
2024-01-08 00:00:00,BIN_001,Saddar,General,24.8607,67.0105,7.89,31.9,86.8,0,0,0,0,0,1,7.1,0.79,0
2024-01-08 04:00:00,BIN_001,Saddar,General,24.8607,67.0105,9.66,31.4,60.1,0,0,0,4,0,1,7.89,1.7700000000000005,0
2024-01-08 08:00:00,BIN_001,Saddar,General,24.8607,67.0105,11.94,31.4,78.5,0,0,0,8,0,1,9.66,2.2799999999999994,0
2024-01-08 12:00:00,BIN_001,Saddar,General,24.8607,67.0105,13.7,38.7,63.3,0,0,0,12,0,1,11.94,1.7599999999999998,0
2024-01-08 16:00:00,BIN_001,Saddar,General,24.8607,67.0105,14.27,36.9,77.2,0,0,0,16,0,1,13.7,0.5700000000000003,0
2024-01-08 20:00:00,BIN_001,Saddar,General,24.8607,67.0105,18.12,35.5,58.2,0,0,0,20,0,1,14.27,3.8500000000000014,0
2024-01-09 00:00:00,BIN_001,Saddar,General,24.8607,67.0105,19.15,30.6,56.4,0,0,0,0,1,1,18.12,1.0299999999999976,0
2024-01-09 04:00:00,BIN_001,Saddar,General,24.8607,67.0105,22.3,36.3,78.7,0,0,0,4,1,1,19.15,3.150000000000002,0
2024-01-09 08:00:00,BIN_001,Saddar,General,24.8607,67.0105,24.08,31.2,77.6,0,0,0,8,1,1,22.3,1.7799999999999976,0
2024-01-09 12:00:00,BIN_001,Saddar,General,24.8607,67.0105,25.31,30.4,79.2,0,0,0,12,1,1,24.08,1.2300000000000004,0
2024-01-09 16:00:00,BIN_001,Saddar,General,24.8607,67.0105,28.01,29.9,66.9,0,0,0,16,1,1,25.31,2.700000000000003,0
2024-01-09 20:00:00,BIN_001,Saddar,General,24.8607,67.0105,29.54,29.6,87.4,0,0,0,20,1,1,28.01,1.5299999999999976,0
2024-01-10 00:00:00,BIN_001,Saddar,General,24.8607,67.0105,30.77,37.2,83.6,0,0,0,0,2,1,29.54,1.2300000000000004,0
2024-01-10 04:00:00,BIN_001,Saddar,General,24.8607,67.0105,33.38,35.8,73.5,0,0,0,4,2,1,30.77,2.610000000000003,0
2024-01-10 08:00:00,BIN_001,Saddar,General,24.8607,67.0105,34.66,40.6,86.5,0,0,0,8,2,1,33.38,1.279999999999994,0
2024-01-10 12:00:00,BIN_001,Saddar,General,24.8607,67.0105,36.12,36.9,66.9,0,0,0,12,2,1,34.66,1.4600000000000009,0
2024-01-10 16:00:00,BIN_001,Saddar,General,24.8607,67.0105,39.84,40.6,86.0,0,0,0,16,2,1,36.12,3.720000000000006,0
2024-01-10 20:00:00,BIN_001,Saddar,General,24.8607,67.0105,40.31,38.9,77.5,0,0,0,20,2,1,39.84,0.46999999999999886,0
2024-01-11 00:00:00,BIN_001,Saddar,General,24.8607,67.0105,42.42,28.1,58.6,0,0,0,0,3,1,40.31,2.1099999999999994,0
2024-01-11 04:00:00,BIN_001,Saddar,General,24.8607,67.0105,45.46,37.3,55.2,0,0,0,4,3,1,42.42,3.039999999999999,0
2024-01-11 08:00:00,BIN_001,Saddar,General,24.8607,67.0105,47.49,37.7,77.8,0,0,0,8,3,1,45.46,2.030000000000001,0
2024-01-11 12:00:00,BIN_001,Saddar,General,24.8607,67.0105,47.44,31.1,79.9,0,0,0,12,3,1,47.49,-0.05000000000000426,0
2024-01-11 16:00:00,BIN_001,Saddar,General,24.8607,67.0105,48.08,38.5,77.7,0,0,0,16,3,1,47.44,0.6400000000000006,0
2024-01-11 20:00:00,BIN_001,Saddar,General,24.8607,67.0105,48.16,39.9,78.0,0,0,0,20,3,1,48.08,0.0799999999999983,0
2024-01-12 00:00:00,BIN_001,Saddar,General,24.8607,67.0105,48.63,33.1,64.3,0,0,0,0,4,1,48.16,0.47000000000000597,0
2024-01-12 04:00:00,BIN_001,Saddar,General,24.8607,67.0105,50.62,31.4,89.1,0,0,0,4,4,1,48.63,1.9899999999999949,0
2024-01-12 08:00:00,BIN_001,Saddar,General,24.8607,67.0105,53.7,36.8,82.8,0,0,0,8,4,1,50.62,3.0800000000000054,0
2024-01-12 12:00:00,BIN_001,Saddar,General,24.8607,67.0105,55.11,35.0,75.2,0,0,0,12,4,1,53.7,1.4099999999999966,0
2024-01-12 16:00:00,BIN_001,Saddar,General,24.8607,67.0105,54.77,38.1,64.8,0,0,0,16,4,1,55.11,-0.3399999999999963,0
2024-01-12 20:00:00,BIN_001,Saddar,General,24.8607,67.0105,56.49,28.3,77.6,0,0,0,20,4,1,54.77,1.7199999999999989,0
2024-01-13 00:00:00,BIN_001,Saddar,General,24.8607,67.0105,58.61,41.5,88.7,1,0,0,0,5,1,56.49,2.1199999999999974,0
2024-01-13 04:00:00,BIN_001,Saddar,General,24.8607,67.0105,62.02,39.9,65.3,1,0,0,4,5,1,58.61,3.4100000000000037,0
2024-01-13 08:00:00,BIN_001,Saddar,General,24.8607,67.0105,65.89,32.4,60.9,1,0,0,8,5,1,62.02,3.8699999999999974,0
2024-01-13 12:00:00,BIN_001,Saddar,General,24.8607,67.0105,67.68,35.8,87.8,1,0,0,12,5,1,65.89,1.7900000000000063,0
2024-01-13 16:00:00,BIN_001,Saddar,General,24.8607,67.0105,70.92,29.4,76.5,1,0,0,16,5,1,67.68,3.239999999999995,0
2024-01-13 20:00:00,BIN_001,Saddar,General,24.8607,67.0105,75.87,41.9,59.9,1,1,0,20,5,1,70.92,4.950000000000003,0
2024-01-14 00:00:00,BIN_001,Saddar,General,24.8607,67.0105,79.76,38.4,79.4,1,1,0,0,6,1,75.87,3.8900000000000006,0
2024-01-14 04:00:00,BIN_001,Saddar,General,24.8607,67.0105,82.14,37.8,67.6,1,1,0,4,6,1,79.76,2.3799999999999955,0
2024-01-14 08:00:00,BIN_001,Saddar,General,24.8607,67.0105,85.8,39.3,85.3,1,1,1,8,6,1,82.14,3.6599999999999966,0
2024-01-14 12:00:00,BIN_001,Saddar,General,24.8607,67.0105,10.53,35.2,72.6,1,0,0,12,6,1,85.8,-75.27,0
2024-01-14 16:00:00,BIN_001,Saddar,General,24.8607,67.0105,13.69,37.8,82.9,1,0,0,16,6,1,10.53,3.16,0
2024-01-14 20:00:00,BIN_001,Saddar,General,24.8607,67.0105,17.69,40.5,66.8,1,0,0,20,6,1,13.69,4.000000000000002,0
2024-01-15 00:00:00,BIN_001,Saddar,General,24.8607,67.0105,18.3,36.1,56.3,0,0,0,0,0,1,17.69,0.6099999999999994,0
2024-01-15 04:00:00,BIN_001,Saddar,General,24.8607,67.0105,19.72,34.5,74.0,0,0,0,4,0,1,18.3,1.4199999999999982,0
2024-01-15 08:00:00,BIN_001,Saddar,General,24.8607,67.0105,22.52,28.4,56.3,0,0,0,8,0,1,19.72,2.8000000000000007,0
2024-01-15 12:00:00,BIN_001,Saddar,General,24.8607,67.0105,21.87,39.5,67.6,0,0,0,12,0,1,22.52,-0.6499999999999986,0
2024-01-15 16:00:00,BIN_001,Saddar,General,24.8607,67.0105,23.73,38.8,62.6,0,0,0,16,0,1,21.87,1.8599999999999994,0
2024-01-15 20:00:00,BIN_001,Saddar,General,24.8607,67.0105,23.89,36.7,58.0,0,0,0,20,0,1,23.73,0.16000000000000014,0
2024-01-16 00:00:00,BIN_001,Saddar,General,24.8607,67.0105,25.73,35.6,77.3,0,0,0,0,1,1,23.89,1.8399999999999999,0
2024-01-16 04:00:00,BIN_001,Saddar,General,24.8607,67.0105,26.52,38.2,89.2,0,0,0,4,1,1,25.73,0.7899999999999991,0
2024-01-16 08:00:00,BIN_001,Saddar,General,24.8607,67.0105,25.25,39.1,64.5,0,0,0,8,1,1,26.52,-1.2699999999999996,0
2024-01-16 12:00:00,BIN_001,Saddar,General,24.8607,67.0105,27.3,34.1,57.7,0,0,0,12,1,1,25.25,2.0500000000000007,0
2024-01-16 16:00:00,BIN_001,Saddar,General,24.8607,67.0105,29.83,33.7,61.1,0,0,0,16,1,1,27.3,2.5299999999999976,0
2024-01-16 20:00:00,BIN_001,Saddar,General,24.8607,67.0105,32.9,30.2,63.8,0,0,0,20,1,1,29.83,3.0700000000000003,0
2024-01-17 00:00:00,BIN_001,Saddar,General,24.8607,67.0105,37.32,37.2,64.8,0,0,0,0,2,1,32.9,4.420000000000002,0
2024-01-17 04:00:00,BIN_001,Saddar,General,24.8607,67.0105,39.69,41.4,80.8,0,0,0,4,2,1,37.32,2.3699999999999974,0
2024-01-17 08:00:00,BIN_001,Saddar,General,24.8607,67.0105,44.65,33.9,63.7,0,0,0,8,2,1,39.69,4.960000000000001,0
2024-01-17 12:00:00,BIN_001,Saddar,General,24.8607,67.0105,47.97,33.0,81.5,0,0,0,12,2,1,44.65,3.3200000000000003,0
2024-01-17 16:00:00,BIN_001,Saddar,General,24.8607,67.0105,50.4,34.6,58.4,0,0,0,16,2,1,47.97,2.4299999999999997,0
2024-01-17 20:00:00,BIN_001,Saddar,General,24.8607,67.0105,53.34,34.9,71.6,0,0,0,20,2,1,50.4,2.940000000000005,0
2024-01-18 00:00:00,BIN_001,Saddar,General,24.8607,67.0105,54.73,33.6,76.6,0,0,0,0,3,1,53.34,1.3899999999999935,0
2024-01-18 04:00:00,BIN_001,Saddar,General,24.8607,67.0105,54.63,36.9,56.6,0,0,0,4,3,1,54.73,-0.09999999999999432,0
2024-01-18 08:00:00,BIN_001,Saddar,General,24.8607,67.0105,58.56,35.0,85.0,0,0,0,8,3,1,54.63,3.9299999999999997,0
2024-01-18 12:00:00,BIN_001,Saddar,General,24.8607,67.0105,58.17,37.2,60.7,0,0,0,12,3,1,58.56,-0.39000000000000057,0
2024-01-18 16:00:00,BIN_001,Saddar,General,24.8607,67.0105,60.24,28.4,75.5,0,0,0,16,3,1,58.17,2.0700000000000003,0
2024-01-18 20:00:00,BIN_001,Saddar,General,24.8607,67.0105,61.11,41.2,75.1,0,0,0,20,3,1,60.24,0.8699999999999974,0
2024-01-19 00:00:00,BIN_001,Saddar,General,24.8607,67.0105,65.26,34.4,74.1,0,0,0,0,4,1,61.11,4.150000000000006,0
2024-01-19 04:00:00,BIN_001,Saddar,General,24.8607,67.0105,65.18,41.2,68.5,0,0,0,4,4,1,65.26,-0.0799999999999983,0
2024-01-19 08:00:00,BIN_001,Saddar,General,24.8607,67.0105,67.37,29.0,66.2,0,0,0,8,4,1,65.18,2.1899999999999977,0
2024-01-19 12:00:00,BIN_001,Saddar,General,24.8607,67.0105,68.2,39.8,55.8,0,0,0,12,4,1,67.37,0.8299999999999983,0
2024-01-19 16:00:00,BIN_001,Saddar,General,24.8607,67.0105,69.09,29.7,79.4,0,0,0,16,4,1,68.2,0.8900000000000006,0
2024-01-19 20:00:00,BIN_001,Saddar,General,24.8607,67.0105,72.14,36.8,85.7,0,0,0,20,4,1,69.09,3.049999999999997,0
2024-01-20 00:00:00,BIN_001,Saddar,General,24.8607,67.0105,75.66,31.9,61.2,1,1,0,0,5,1,72.14,3.519999999999996,0
2024-01-20 04:00:00,BIN_001,Saddar,General,24.8607,67.0105,78.9,38.5,83.2,1,1,0,4,5,1,75.66,3.240000000000009,0
2024-01-20 08:00:00,BIN_001,Saddar,General,24.8607,67.0105,81.17,33.2,82.2,1,1,0,8,5,1,78.9,2.269999999999996,0
2024-01-20 12:00:00,BIN_001,Saddar,General,24.8607,67.0105,83.65,32.8,87.6,1,1,0,12,5,1,81.17,2.480000000000004,0
2024-01-20 16:00:00,BIN_001,Saddar,General,24.8607,67.0105,85.62,38.5,81.4,1,1,1,16,5,1,83.65,1.9699999999999989,0
2024-01-20 20:00:00,BIN_001,Saddar,General,24.8607,67.0105,4.98,40.6,72.7,1,0,0,20,5,1,85.62,-80.64,0
2024-01-21 00:00:00,BIN_001,Saddar,General,24.8607,67.0105,6.5,40.5,68.6,1,0,0,0,6,1,4.98,1.5199999999999996,0
2024-01-21 04:00:00,BIN_001,Saddar,General,24.8607,67.0105,10.22,28.2,86.7,1,0,0,4,6,1,6.5,3.7200000000000006,0
2024-01-21 08:00:00,BIN_001,Saddar,General,24.8607,67.0105,12.12,41.3,88.3,1,0,0,8,6,1,10.22,1.8999999999999986,0
2024-01-21 12:00:00,BIN_001,Saddar,General,24.8607,67.0105,13.5,36.0,77.1,1,0,0,12,6,1,12.12,1.3800000000000008,0
2024-01-21 16:00:00,BIN_001,Saddar,General,24.8607,67.0105,13.11,32.6,78.5,1,0,0,16,6,1,13.5,-0.39000000000000057,0
2024-01-21 20:00:00,BIN_001,Saddar,General,24.8607,67.0105,14.74,38.5,82.7,1,0,0,20,6,1,13.11,1.6300000000000008,0
2024-01-22 00:00:00,BIN_001,Saddar,General,24.8607,67.0105,15.47,35.7,70.5,0,0,0,0,0,1,14.74,0.7300000000000004,0
2024-01-22 04:00:00,BIN_001,Saddar,General,24.8607,67.0105,17.22,40.4,67.3,0,0,0,4,0,1,15.47,1.7499999999999982,0
2024-01-22 08:00:00,BIN_001,Saddar,General,24.8607,67.0105,19.91,29.4,57.9,0,0,0,8,0,1,17.22,2.6900000000000013,0
2024-01-22 12:00:00,BIN_001,Saddar,General,24.8607,67.0105,23.72,37.8,57.5,0,0,0,12,0,1,19.91,3.8099999999999987,0
2024-01-22 16:00:00,BIN_001,Saddar,General,24.8607,67.0105,26.33,29.1,58.0,0,0,0,16,0,1,23.72,2.6099999999999994,0
2024-01-22 20:00:00,BIN_001,Saddar,General,24.8607,67.0105,29.41,41.8,68.1,0,0,0,20,0,1,26.33,3.080000000000002,0
2024-01-23 00:00:00,BIN_001,Saddar,General,24.8607,67.0105,32.91,41.3,89.5,0,0,0,0,1,1,29.41,3.4999999999999964,0
2024-01-23 04:00:00,BIN_001,Saddar,General,24.8607,67.0105,33.96,38.5,68.2,0,0,0,4,1,1,32.91,1.0500000000000043,0
2024-01-23 08:00:00,BIN_001,Saddar,General,24.8607,67.0105,32.68,40.7,58.9,0,0,0,8,1,1,33.96,-1.2800000000000011,0
2024-01-23 12:00:00,BIN_001,Saddar,General,24.8607,67.0105,36.8,34.9,55.4,0,0,0,12,1,1,32.68,4.119999999999997,0
2024-01-23 16:00:00,BIN_001,Saddar,General,24.8607,67.0105,37.55,29.7,59.1,0,0,0,16,1,1,36.8,0.75,0
2024-01-23 20:00:00,BIN_001,Saddar,General,24.8607,67.0105,39.25,37.1,81.1,0,0,0,20,1,1,37.55,1.7000000000000028,0
2024-01-24 00:00:00,BIN_001,Saddar,General,24.8607,67.0105,41.76,33.2,65.0,0,0,0,0,2,1,39.25,2.509999999999998,0
2024-01-24 04:00:00,BIN_001,Saddar,General,24.8607,67.0105,43.66,40.2,62.8,0,0,0,4,2,1,41.76,1.8999999999999986,0
2024-01-24 08:00:00,BIN_001,Saddar,General,24.8607,67.0105,45.54,41.9,57.6,0,0,0,8,2,1,43.66,1.8800000000000026,0
2024-01-24 12:00:00,BIN_001,Saddar,General,24.8607,67.0105,48.78,35.8,88.9,0,0,0,12,2,1,45.54,3.240000000000002,0
2024-01-24 16:00:00,BIN_001,Saddar,General,24.8607,67.0105,53.97,37.7,70.9,0,0,0,16,2,1,48.78,5.189999999999998,0
2024-01-24 20:00:00,BIN_001,Saddar,General,24.8607,67.0105,56.35,36.8,75.5,0,0,0,20,2,1,53.97,2.3800000000000026,0
2024-01-25 00:00:00,BIN_001,Saddar,General,24.8607,67.0105,57.95,36.7,64.7,0,0,0,0,3,1,56.35,1.6000000000000014,0
2024-01-25 04:00:00,BIN_001,Saddar,General,24.8607,67.0105,61.18,30.6,71.2,0,0,0,4,3,1,57.95,3.229999999999997,0
2024-01-25 08:00:00,BIN_001,Saddar,General,24.8607,67.0105,64.5,29.1,89.1,0,0,0,8,3,1,61.18,3.3200000000000003,0
2024-01-25 12:00:00,BIN_001,Saddar,General,24.8607,67.0105,63.56,41.8,79.4,0,0,0,12,3,1,64.5,-0.9399999999999977,0
2024-01-25 16:00:00,BIN_001,Saddar,General,24.8607,67.0105,62.46,39.4,79.0,0,0,0,16,3,1,63.56,-1.1000000000000014,0
2024-01-25 20:00:00,BIN_001,Saddar,General,24.8607,67.0105,64.77,30.3,86.9,0,0,0,20,3,1,62.46,2.309999999999995,0
2024-01-26 00:00:00,BIN_001,Saddar,General,24.8607,67.0105,67.66,33.9,87.6,0,0,0,0,4,1,64.77,2.8900000000000006,0
2024-01-26 04:00:00,BIN_001,Saddar,General,24.8607,67.0105,71.64,40.1,56.6,0,0,0,4,4,1,67.66,3.980000000000004,0
2024-01-26 08:00:00,BIN_001,Saddar,General,24.8607,67.0105,73.3,39.3,89.6,0,0,0,8,4,1,71.64,1.6599999999999966,0
2024-01-26 12:00:00,BIN_001,Saddar,General,24.8607,67.0105,74.65,30.1,75.8,0,0,0,12,4,1,73.3,1.3500000000000085,0
2024-01-26 16:00:00,BIN_001,Saddar,General,24.8607,67.0105,76.93,39.8,84.3,0,1,0,16,4,1,74.65,2.280000000000001,0
2024-01-26 20:00:00,BIN_001,Saddar,General,24.8607,67.0105,78.57,34.6,69.5,0,1,0,20,4,1,76.93,1.6399999999999864,0
2024-01-27 00:00:00,BIN_001,Saddar,General,24.8607,67.0105,80.71,40.1,83.5,1,1,0,0,5,1,78.57,2.1400000000000006,0
2024-01-27 04:00:00,BIN_001,Saddar,General,24.8607,67.0105,82.93,42.0,89.9,1,1,0,4,5,1,80.71,2.220000000000013,0
2024-01-27 08:00:00,BIN_001,Saddar,General,24.8607,67.0105,87.5,41.2,84.7,1,1,1,8,5,1,82.93,4.569999999999993,0
2024-01-27 12:00:00,BIN_001,Saddar,General,24.8607,67.0105,5.24,34.3,59.5,1,0,0,12,5,1,87.5,-82.26,0
2024-01-27 16:00:00,BIN_001,Saddar,General,24.8607,67.0105,7.73,31.2,78.5,1,0,0,16,5,1,5.24,2.49,0
2024-01-27 20:00:00,BIN_001,Saddar,General,24.8607,67.0105,10.8,36.7,67.5,1,0,0,20,5,1,7.73,3.0700000000000003,0
2024-01-28 00:00:00,BIN_001,Saddar,General,24.8607,67.0105,13.6,35.3,82.0,1,0,0,0,6,1,10.8,2.799999999999999,0
2024-01-28 04:00:00,BIN_001,Saddar,General,24.8607,67.0105,14.78,35.3,84.8,1,0,0,4,6,1,13.6,1.1799999999999997,0
2024-01-28 08:00:00,BIN_001,Saddar,General,24.8607,67.0105,20.17,40.3,69.1,1,0,0,8,6,1,14.78,5.390000000000002,0
2024-01-28 12:00:00,BIN_001,Saddar,General,24.8607,67.0105,25.1,29.9,56.0,1,0,0,12,6,1,20.17,4.93,0
2024-01-28 16:00:00,BIN_001,Saddar,General,24.8607,67.0105,28.37,37.9,62.5,1,0,0,16,6,1,25.1,3.2699999999999996,0
2024-01-28 20:00:00,BIN_001,Saddar,General,24.8607,67.0105,32.73,29.9,55.5,1,0,0,20,6,1,28.37,4.359999999999996,0
2024-01-29 00:00:00,BIN_001,Saddar,General,24.8607,67.0105,36.09,33.5,70.3,0,0,0,0,0,1,32.73,3.3600000000000065,0
2024-01-29 04:00:00,BIN_001,Saddar,General,24.8607,67.0105,35.22,40.7,67.2,0,0,0,4,0,1,36.09,-0.8700000000000045,0
2024-01-29 08:00:00,BIN_001,Saddar,General,24.8607,67.0105,39.24,33.6,76.8,0,0,0,8,0,1,35.22,4.020000000000003,0
2024-01-29 12:00:00,BIN_001,Saddar,General,24.8607,67.0105,41.12,40.1,88.2,0,0,0,12,0,1,39.24,1.8799999999999955,0
2024-01-29 16:00:00,BIN_001,Saddar,General,24.8607,67.0105,40.34,34.4,89.3,0,0,0,16,0,1,41.12,-0.779999999999994,0
2024-01-29 20:00:00,BIN_001,Saddar,General,24.8607,67.0105,42.03,34.9,66.5,0,0,0,20,0,1,40.34,1.6899999999999977,0
2024-01-30 00:00:00,BIN_001,Saddar,General,24.8607,67.0105,41.84,29.1,59.5,0,0,0,0,1,1,42.03,-0.18999999999999773,0
2024-01-30 04:00:00,BIN_001,Saddar,General,24.8607,67.0105,44.61,29.8,60.3,0,0,0,4,1,1,41.84,2.769999999999996,0
2024-01-30 08:00:00,BIN_001,Saddar,General,24.8607,67.0105,46.93,30.5,67.1,0,0,0,8,1,1,44.61,2.3200000000000003,0
2024-01-30 12:00:00,BIN_001,Saddar,General,24.8607,67.0105,47.29,40.6,71.6,0,0,0,12,1,1,46.93,0.35999999999999943,0
2024-01-30 16:00:00,BIN_001,Saddar,General,24.8607,67.0105,47.59,30.7,56.4,0,0,0,16,1,1,47.29,0.30000000000000426,0
2024-01-30 20:00:00,BIN_001,Saddar,General,24.8607,67.0105,50.11,30.4,64.8,0,0,0,20,1,1,47.59,2.519999999999996,0
2024-01-31 00:00:00,BIN_001,Saddar,General,24.8607,67.0105,51.72,30.9,67.7,0,0,0,0,2,1,50.11,1.6099999999999994,0
2024-01-31 04:00:00,BIN_001,Saddar,General,24.8607,67.0105,51.94,35.0,79.2,0,0,0,4,2,1,51.72,0.21999999999999886,0
2024-01-31 08:00:00,BIN_001,Saddar,General,24.8607,67.0105,52.66,40.2,87.2,0,0,0,8,2,1,51.94,0.7199999999999989,0
2024-01-31 12:00:00,BIN_001,Saddar,General,24.8607,67.0105,54.75,28.9,64.7,0,0,0,12,2,1,52.66,2.0900000000000034,0
2024-01-31 16:00:00,BIN_001,Saddar,General,24.8607,67.0105,57.44,30.6,62.3,0,0,0,16,2,1,54.75,2.6899999999999977,0
2024-01-31 20:00:00,BIN_001,Saddar,General,24.8607,67.0105,60.35,33.2,72.0,0,0,0,20,2,1,57.44,2.9100000000000037,0
2024-02-01 00:00:00,BIN_001,Saddar,General,24.8607,67.0105,59.85,34.5,81.2,0,0,0,0,3,2,60.35,-0.5,0
2024-02-01 04:00:00,BIN_001,Saddar,General,24.8607,67.0105,63.67,28.5,63.8,0,0,0,4,3,2,59.85,3.8200000000000003,0
2024-02-01 08:00:00,BIN_001,Saddar,General,24.8607,67.0105,66.3,35.2,73.6,0,0,0,8,3,2,63.67,2.6299999999999955,0
2024-02-01 12:00:00,BIN_001,Saddar,General,24.8607,67.0105,68.54,29.5,70.7,0,0,0,12,3,2,66.3,2.240000000000009,0
2024-02-01 16:00:00,BIN_001,Saddar,General,24.8607,67.0105,67.9,31.8,68.2,0,0,0,16,3,2,68.54,-0.6400000000000006,0
2024-02-01 20:00:00,BIN_001,Saddar,General,24.8607,67.0105,69.98,28.3,66.3,0,0,0,20,3,2,67.9,2.0799999999999983,0
2024-02-02 00:00:00,BIN_001,Saddar,General,24.8607,67.0105,70.78,29.7,86.2,0,0,0,0,4,2,69.98,0.7999999999999972,0
2024-02-02 04:00:00,BIN_001,Saddar,General,24.8607,67.0105,70.92,36.3,78.8,0,0,0,4,4,2,70.78,0.14000000000000057,0
2024-02-02 08:00:00,BIN_001,Saddar,General,24.8607,67.0105,72.68,29.2,73.8,0,0,0,8,4,2,70.92,1.7600000000000051,0
2024-02-02 12:00:00,BIN_001,Saddar,General,24.8607,67.0105,76.67,36.2,81.1,0,1,0,12,4,2,72.68,3.989999999999995,0
2024-02-02 16:00:00,BIN_001,Saddar,General,24.8607,67.0105,76.89,32.0,67.7,0,1,0,16,4,2,76.67,0.21999999999999886,0
2024-02-02 20:00:00,BIN_001,Saddar,General,24.8607,67.0105,78.37,37.0,75.0,0,1,0,20,4,2,76.89,1.480000000000004,0
2024-02-03 00:00:00,BIN_001,Saddar,General,24.8607,67.0105,78.58,29.4,60.4,1,1,0,0,5,2,78.37,0.20999999999999375,0
2024-02-03 04:00:00,BIN_001,Saddar,General,24.8607,67.0105,81.72,31.4,60.6,1,1,0,4,5,2,78.58,3.1400000000000006,0
2024-02-03 08:00:00,BIN_001,Saddar,General,24.8607,67.0105,83.13,30.4,86.4,1,1,0,8,5,2,81.72,1.4099999999999966,0
2024-02-03 12:00:00,BIN_001,Saddar,General,24.8607,67.0105,84.14,29.1,73.4,1,1,0,12,5,2,83.13,1.0100000000000051,0
2024-02-03 16:00:00,BIN_001,Saddar,General,24.8607,67.0105,86.85,29.6,68.9,1,1,1,16,5,2,84.14,2.7099999999999937,0
2024-02-03 20:00:00,BIN_001,Saddar,General,24.8607,67.0105,11.92,40.1,83.6,1,0,0,20,5,2,86.85,-74.92999999999999,0
2024-02-04 00:00:00,BIN_001,Saddar,General,24.8607,67.0105,13.14,37.4,87.5,1,0,0,0,6,2,11.92,1.2200000000000006,0
2024-02-04 04:00:00,BIN_001,Saddar,General,24.8607,67.0105,14.64,35.8,75.0,1,0,0,4,6,2,13.14,1.5,0
2024-02-04 08:00:00,BIN_001,Saddar,General,24.8607,67.0105,18.34,30.6,66.3,1,0,0,8,6,2,14.64,3.6999999999999993,0
2024-02-04 12:00:00,BIN_001,Saddar,General,24.8607,67.0105,19.5,34.0,72.8,1,0,0,12,6,2,18.34,1.1600000000000001,0
2024-02-04 16:00:00,BIN_001,Saddar,General,24.8607,67.0105,21.11,36.5,65.1,1,0,0,16,6,2,19.5,1.6099999999999994,0
2024-02-04 20:00:00,BIN_001,Saddar,General,24.8607,67.0105,22.95,36.1,60.4,1,0,0,20,6,2,21.11,1.8399999999999999,0
2024-02-05 00:00:00,BIN_001,Saddar,General,24.8607,67.0105,28.9,28.7,66.8,0,0,0,0,0,2,22.95,5.949999999999999,0
2024-02-05 04:00:00,BIN_001,Saddar,General,24.8607,67.0105,28.25,29.9,57.2,0,0,0,4,0,2,28.9,-0.6499999999999986,0
2024-02-05 08:00:00,BIN_001,Saddar,General,24.8607,67.0105,29.12,37.5,81.6,0,0,0,8,0,2,28.25,0.870000000000001,0
2024-02-05 12:00:00,BIN_001,Saddar,General,24.8607,67.0105,32.03,36.3,71.5,0,0,0,12,0,2,29.12,2.91,0
2024-02-05 16:00:00,BIN_001,Saddar,General,24.8607,67.0105,31.15,41.0,84.1,0,0,0,16,0,2,32.03,-0.8800000000000026,0
2024-02-05 20:00:00,BIN_001,Saddar,General,24.8607,67.0105,31.37,41.5,59.4,0,0,0,20,0,2,31.15,0.22000000000000242,0
2024-02-06 00:00:00,BIN_001,Saddar,General,24.8607,67.0105,33.39,30.5,57.3,0,0,0,0,1,2,31.37,2.0199999999999996,0
2024-02-06 04:00:00,BIN_001,Saddar,General,24.8607,67.0105,35.3,38.4,75.1,0,0,0,4,1,2,33.39,1.9099999999999966,0
2024-02-06 08:00:00,BIN_001,Saddar,General,24.8607,67.0105,36.89,39.1,62.1,0,0,0,8,1,2,35.3,1.5900000000000034,0
2024-02-06 12:00:00,BIN_001,Saddar,General,24.8607,67.0105,38.83,30.3,60.7,0,0,0,12,1,2,36.89,1.9399999999999977,0
2024-02-06 16:00:00,BIN_001,Saddar,General,24.8607,67.0105,41.41,35.3,67.6,0,0,0,16,1,2,38.83,2.5799999999999983,0
2024-02-06 20:00:00,BIN_001,Saddar,General,24.8607,67.0105,44.74,40.3,68.7,0,0,0,20,1,2,41.41,3.3300000000000054,0
2024-02-07 00:00:00,BIN_001,Saddar,General,24.8607,67.0105,46.13,33.3,71.2,0,0,0,0,2,2,44.74,1.3900000000000006,0
2024-02-07 04:00:00,BIN_001,Saddar,General,24.8607,67.0105,49.85,32.2,81.2,0,0,0,4,2,2,46.13,3.719999999999999,0
2024-02-07 08:00:00,BIN_001,Saddar,General,24.8607,67.0105,49.25,40.6,68.4,0,0,0,8,2,2,49.85,-0.6000000000000014,0
2024-02-07 12:00:00,BIN_001,Saddar,General,24.8607,67.0105,51.05,35.6,86.7,0,0,0,12,2,2,49.25,1.7999999999999972,0
2024-02-07 16:00:00,BIN_001,Saddar,General,24.8607,67.0105,51.49,41.2,77.0,0,0,0,16,2,2,51.05,0.44000000000000483,0
2024-02-07 20:00:00,BIN_001,Saddar,General,24.8607,67.0105,53.69,32.7,59.9,0,0,0,20,2,2,51.49,2.1999999999999957,0
2024-02-08 00:00:00,BIN_001,Saddar,General,24.8607,67.0105,56.23,35.5,86.3,0,0,0,0,3,2,53.69,2.539999999999999,0
2024-02-08 04:00:00,BIN_001,Saddar,General,24.8607,67.0105,59.87,39.0,60.3,0,0,0,4,3,2,56.23,3.6400000000000006,0
2024-02-08 08:00:00,BIN_001,Saddar,General,24.8607,67.0105,60.0,38.4,56.2,0,0,0,8,3,2,59.87,0.13000000000000256,0
2024-02-08 12:00:00,BIN_001,Saddar,General,24.8607,67.0105,60.54,36.0,81.7,0,0,0,12,3,2,60.0,0.5399999999999991,0
2024-02-08 16:00:00,BIN_001,Saddar,General,24.8607,67.0105,61.79,39.5,58.9,0,0,0,16,3,2,60.54,1.25,0
2024-02-08 20:00:00,BIN_001,Saddar,General,24.8607,67.0105,64.81,39.9,59.5,0,0,0,20,3,2,61.79,3.020000000000003,0
2024-02-09 00:00:00,BIN_001,Saddar,General,24.8607,67.0105,68.51,30.1,63.0,0,0,0,0,4,2,64.81,3.700000000000003,0
2024-02-09 04:00:00,BIN_001,Saddar,General,24.8607,67.0105,69.61,38.1,80.2,0,0,0,4,4,2,68.51,1.0999999999999943,0
2024-02-09 08:00:00,BIN_001,Saddar,General,24.8607,67.0105,73.46,35.6,63.8,0,0,0,8,4,2,69.61,3.8499999999999943,0
2024-02-09 12:00:00,BIN_001,Saddar,General,24.8607,67.0105,76.74,32.8,61.4,0,1,0,12,4,2,73.46,3.280000000000001,0
2024-02-09 16:00:00,BIN_001,Saddar,General,24.8607,67.0105,78.77,33.6,71.2,0,1,0,16,4,2,76.74,2.030000000000001,0
2024-02-09 20:00:00,BIN_001,Saddar,General,24.8607,67.0105,81.79,41.3,60.4,0,1,0,20,4,2,78.77,3.0200000000000102,0
2024-02-10 00:00:00,BIN_001,Saddar,General,24.8607,67.0105,84.37,36.6,55.6,1,1,0,0,5,2,81.79,2.5799999999999983,0
2024-02-10 04:00:00,BIN_001,Saddar,General,24.8607,67.0105,90.63,40.2,87.6,1,1,1,4,5,2,84.37,6.259999999999991,0
2024-02-10 08:00:00,BIN_001,Saddar,General,24.8607,67.0105,8.67,37.9,60.3,1,0,0,8,5,2,90.63,-81.96,0
2024-02-10 12:00:00,BIN_001,Saddar,General,24.8607,67.0105,11.31,36.1,76.2,1,0,0,12,5,2,8.67,2.6400000000000006,0
2024-02-10 16:00:00,BIN_001,Saddar,General,24.8607,67.0105,16.0,41.1,87.4,1,0,0,16,5,2,11.31,4.6899999999999995,0
2024-02-10 20:00:00,BIN_001,Saddar,General,24.8607,67.0105,17.54,34.3,59.0,1,0,0,20,5,2,16.0,1.5399999999999991,0
2024-02-11 00:00:00,BIN_001,Saddar,General,24.8607,67.0105,19.92,36.3,69.0,1,0,0,0,6,2,17.54,2.3800000000000026,0
2024-02-11 04:00:00,BIN_001,Saddar,General,24.8607,67.0105,23.86,28.8,66.7,1,0,0,4,6,2,19.92,3.9399999999999977,0
2024-02-11 08:00:00,BIN_001,Saddar,General,24.8607,67.0105,24.65,35.5,87.2,1,0,0,8,6,2,23.86,0.7899999999999991,0
2024-02-11 12:00:00,BIN_001,Saddar,General,24.8607,67.0105,24.47,32.8,67.1,1,0,0,12,6,2,24.65,-0.17999999999999972,0
2024-02-11 16:00:00,BIN_001,Saddar,General,24.8607,67.0105,26.26,31.1,70.8,1,0,0,16,6,2,24.47,1.7900000000000027,0
2024-02-11 20:00:00,BIN_001,Saddar,General,24.8607,67.0105,31.07,30.0,61.2,1,0,0,20,6,2,26.26,4.809999999999999,0
2024-02-12 00:00:00,BIN_001,Saddar,General,24.8607,67.0105,28.79,40.8,67.7,0,0,0,0,0,2,31.07,-2.280000000000001,0
2024-02-12 04:00:00,BIN_001,Saddar,General,24.8607,67.0105,30.48,36.1,77.1,0,0,0,4,0,2,28.79,1.6900000000000013,0
2024-02-12 08:00:00,BIN_001,Saddar,General,24.8607,67.0105,31.85,29.2,89.9,0,0,0,8,0,2,30.48,1.370000000000001,0
2024-02-12 12:00:00,BIN_001,Saddar,General,24.8607,67.0105,31.96,35.0,75.8,0,0,0,12,0,2,31.85,0.10999999999999943,0
2024-02-12 16:00:00,BIN_001,Saddar,General,24.8607,67.0105,33.75,30.9,86.4,0,0,0,16,0,2,31.96,1.7899999999999991,0
2024-02-12 20:00:00,BIN_001,Saddar,General,24.8607,67.0105,35.49,30.9,61.7,0,0,0,20,0,2,33.75,1.740000000000002,0
2024-02-13 00:00:00,BIN_001,Saddar,General,24.8607,67.0105,37.21,35.9,57.3,0,0,0,0,1,2,35.49,1.7199999999999989,0
2024-02-13 04:00:00,BIN_001,Saddar,General,24.8607,67.0105,38.16,38.9,70.9,0,0,0,4,1,2,37.21,0.9499999999999957,0
2024-02-13 08:00:00,BIN_001,Saddar,General,24.8607,67.0105,35.96,33.6,74.6,0,0,0,8,1,2,38.16,-2.1999999999999957,0
2024-02-13 12:00:00,BIN_001,Saddar,General,24.8607,67.0105,39.36,30.2,61.4,0,0,0,12,1,2,35.96,3.3999999999999986,0
2024-02-13 16:00:00,BIN_001,Saddar,General,24.8607,67.0105,39.02,37.0,69.3,0,0,0,16,1,2,39.36,-0.3399999999999963,0
2024-02-13 20:00:00,BIN_001,Saddar,General,24.8607,67.0105,39.63,28.4,60.5,0,0,0,20,1,2,39.02,0.6099999999999994,0
2024-02-14 00:00:00,BIN_001,Saddar,General,24.8607,67.0105,42.8,28.4,62.8,0,0,0,0,2,2,39.63,3.1699999999999946,0
2024-02-14 04:00:00,BIN_001,Saddar,General,24.8607,67.0105,46.48,31.2,78.5,0,0,0,4,2,2,42.8,3.6799999999999997,0
2024-02-14 08:00:00,BIN_001,Saddar,General,24.8607,67.0105,47.46,37.1,63.3,0,0,0,8,2,2,46.48,0.980000000000004,0
2024-02-14 12:00:00,BIN_001,Saddar,General,24.8607,67.0105,49.97,29.4,63.5,0,0,0,12,2,2,47.46,2.509999999999998,0
2024-02-14 16:00:00,BIN_001,Saddar,General,24.8607,67.0105,52.8,39.6,68.9,0,0,0,16,2,2,49.97,2.8299999999999983,0
2024-02-14 20:00:00,BIN_001,Saddar,General,24.8607,67.0105,55.24,37.4,62.2,0,0,0,20,2,2,52.8,2.440000000000005,0
2024-02-15 00:00:00,BIN_001,Saddar,General,24.8607,67.0105,57.9,28.2,58.0,0,0,0,0,3,2,55.24,2.6599999999999966,0
2024-02-15 04:00:00,BIN_001,Saddar,General,24.8607,67.0105,59.21,30.9,55.9,0,0,0,4,3,2,57.9,1.3100000000000023,0
2024-02-15 08:00:00,BIN_001,Saddar,General,24.8607,67.0105,61.46,33.9,86.2,0,0,0,8,3,2,59.21,2.25,0
2024-02-15 12:00:00,BIN_001,Saddar,General,24.8607,67.0105,61.36,39.4,67.0,0,0,0,12,3,2,61.46,-0.10000000000000142,0
2024-02-15 16:00:00,BIN_001,Saddar,General,24.8607,67.0105,62.07,36.3,64.4,0,0,0,16,3,2,61.36,0.7100000000000009,0
2024-02-15 20:00:00,BIN_001,Saddar,General,24.8607,67.0105,61.73,36.7,69.3,0,0,0,20,3,2,62.07,-0.3400000000000034,0
2024-02-16 00:00:00,BIN_001,Saddar,General,24.8607,67.0105,60.38,32.1,88.2,0,0,0,0,4,2,61.73,-1.3499999999999943,0
2024-02-16 04:00:00,BIN_001,Saddar,General,24.8607,67.0105,64.69,38.7,59.9,0,0,0,4,4,2,60.38,4.309999999999995,0
2024-02-16 08:00:00,BIN_001,Saddar,General,24.8607,67.0105,66.41,40.5,83.0,0,0,0,8,4,2,64.69,1.7199999999999989,0
2024-02-16 12:00:00,BIN_001,Saddar,General,24.8607,67.0105,69.83,34.0,55.8,0,0,0,12,4,2,66.41,3.4200000000000017,0
2024-02-16 16:00:00,BIN_001,Saddar,General,24.8607,67.0105,72.06,36.9,64.0,0,0,0,16,4,2,69.83,2.230000000000004,0
2024-02-16 20:00:00,BIN_001,Saddar,General,24.8607,67.0105,71.27,30.0,84.2,0,0,0,20,4,2,72.06,-0.7900000000000063,0
2024-02-17 00:00:00,BIN_001,Saddar,General,24.8607,67.0105,73.6,30.4,64.5,1,0,0,0,5,2,71.27,2.3299999999999983,0
2024-02-17 04:00:00,BIN_001,Saddar,General,24.8607,67.0105,76.42,28.3,87.0,1,1,0,4,5,2,73.6,2.8200000000000074,0
2024-02-17 08:00:00,BIN_001,Saddar,General,24.8607,67.0105,79.02,31.8,74.4,1,1,0,8,5,2,76.42,2.5999999999999943,0
2024-02-17 12:00:00,BIN_001,Saddar,General,24.8607,67.0105,79.85,37.1,84.0,1,1,0,12,5,2,79.02,0.8299999999999983,0
2024-02-17 16:00:00,BIN_001,Saddar,General,24.8607,67.0105,82.53,36.4,78.3,1,1,0,16,5,2,79.85,2.680000000000007,0
2024-02-17 20:00:00,BIN_001,Saddar,General,24.8607,67.0105,86.31,30.5,87.0,1,1,1,20,5,2,82.53,3.780000000000001,0
2024-02-18 00:00:00,BIN_001,Saddar,General,24.8607,67.0105,7.06,28.7,60.8,1,0,0,0,6,2,86.31,-79.25,0
2024-02-18 04:00:00,BIN_001,Saddar,General,24.8607,67.0105,5.81,38.3,57.9,1,0,0,4,6,2,7.06,-1.25,0
2024-02-18 08:00:00,BIN_001,Saddar,General,24.8607,67.0105,5.96,33.5,65.1,1,0,0,8,6,2,5.81,0.15000000000000036,0
2024-02-18 12:00:00,BIN_001,Saddar,General,24.8607,67.0105,9.13,33.0,80.2,1,0,0,12,6,2,5.96,3.170000000000001,0
2024-02-18 16:00:00,BIN_001,Saddar,General,24.8607,67.0105,12.3,34.7,78.2,1,0,0,16,6,2,9.13,3.17,0
2024-02-18 20:00:00,BIN_001,Saddar,General,24.8607,67.0105,11.97,41.1,80.6,1,0,0,20,6,2,12.3,-0.33000000000000007,0
2024-02-19 00:00:00,BIN_001,Saddar,General,24.8607,67.0105,14.65,28.7,72.4,0,0,0,0,0,2,11.97,2.6799999999999997,0
2024-02-19 04:00:00,BIN_001,Saddar,General,24.8607,67.0105,14.14,36.4,66.7,0,0,0,4,0,2,14.65,-0.5099999999999998,0
2024-02-19 08:00:00,BIN_001,Saddar,General,24.8607,67.0105,15.38,29.1,80.5,0,0,0,8,0,2,14.14,1.2400000000000002,0
2024-02-19 12:00:00,BIN_001,Saddar,General,24.8607,67.0105,17.52,34.9,79.1,0,0,0,12,0,2,15.38,2.139999999999999,0
2024-02-19 16:00:00,BIN_001,Saddar,General,24.8607,67.0105,16.95,39.5,83.0,0,0,0,16,0,2,17.52,-0.5700000000000003,0
2024-02-19 20:00:00,BIN_001,Saddar,General,24.8607,67.0105,18.12,37.7,64.5,0,0,0,20,0,2,16.95,1.1700000000000017,0
2024-02-20 00:00:00,BIN_001,Saddar,General,24.8607,67.0105,17.25,29.3,87.1,0,0,0,0,1,2,18.12,-0.870000000000001,0
2024-02-20 04:00:00,BIN_001,Saddar,General,24.8607,67.0105,20.73,29.9,88.3,0,0,0,4,1,2,17.25,3.4800000000000004,0
2024-02-20 08:00:00,BIN_001,Saddar,General,24.8607,67.0105,20.52,35.6,85.6,0,0,0,8,1,2,20.73,-0.21000000000000085,0
2024-02-20 12:00:00,BIN_001,Saddar,General,24.8607,67.0105,21.95,38.3,83.2,0,0,0,12,1,2,20.52,1.4299999999999997,0
2024-02-20 16:00:00,BIN_001,Saddar,General,24.8607,67.0105,25.65,39.9,63.7,0,0,0,16,1,2,21.95,3.6999999999999993,0
2024-02-20 20:00:00,BIN_001,Saddar,General,24.8607,67.0105,29.02,34.9,62.7,0,0,0,20,1,2,25.65,3.370000000000001,0
2024-02-21 00:00:00,BIN_001,Saddar,General,24.8607,67.0105,32.02,28.5,79.4,0,0,0,0,2,2,29.02,3.0000000000000036,0
2024-02-21 04:00:00,BIN_001,Saddar,General,24.8607,67.0105,33.99,32.2,87.4,0,0,0,4,2,2,32.02,1.9699999999999989,0
2024-02-21 08:00:00,BIN_001,Saddar,General,24.8607,67.0105,37.45,39.8,66.2,0,0,0,8,2,2,33.99,3.460000000000001,0
2024-02-21 12:00:00,BIN_001,Saddar,General,24.8607,67.0105,39.1,39.6,56.3,0,0,0,12,2,2,37.45,1.6499999999999986,0
2024-02-21 16:00:00,BIN_001,Saddar,General,24.8607,67.0105,38.76,29.7,57.7,0,0,0,16,2,2,39.1,-0.3400000000000034,0
2024-02-21 20:00:00,BIN_001,Saddar,General,24.8607,67.0105,41.28,37.7,66.9,0,0,0,20,2,2,38.76,2.520000000000003,0
2024-02-22 00:00:00,BIN_001,Saddar,General,24.8607,67.0105,42.66,32.4,73.9,0,0,0,0,3,2,41.28,1.3799999999999955,0
2024-02-22 04:00:00,BIN_001,Saddar,General,24.8607,67.0105,44.64,39.1,66.2,0,0,0,4,3,2,42.66,1.980000000000004,0
2024-02-22 08:00:00,BIN_001,Saddar,General,24.8607,67.0105,47.71,36.6,63.2,0,0,0,8,3,2,44.64,3.0700000000000003,0
2024-02-22 12:00:00,BIN_001,Saddar,General,24.8607,67.0105,49.9,28.3,85.5,0,0,0,12,3,2,47.71,2.1899999999999977,0
2024-02-22 16:00:00,BIN_001,Saddar,General,24.8607,67.0105,52.74,39.2,89.9,0,0,0,16,3,2,49.9,2.8400000000000034,0
2024-02-22 20:00:00,BIN_001,Saddar,General,24.8607,67.0105,54.58,32.9,81.9,0,0,0,20,3,2,52.74,1.8399999999999963,0
2024-02-23 00:00:00,BIN_001,Saddar,General,24.8607,67.0105,55.59,36.8,85.6,0,0,0,0,4,2,54.58,1.0100000000000051,0
2024-02-23 04:00:00,BIN_001,Saddar,General,24.8607,67.0105,53.63,41.8,81.9,0,0,0,4,4,2,55.59,-1.9600000000000009,0
2024-02-23 08:00:00,BIN_001,Saddar,General,24.8607,67.0105,52.88,38.3,63.4,0,0,0,8,4,2,53.63,-0.75,0
2024-02-23 12:00:00,BIN_001,Saddar,General,24.8607,67.0105,52.01,29.5,67.4,0,0,0,12,4,2,52.88,-0.8700000000000045,0
2024-02-23 16:00:00,BIN_001,Saddar,General,24.8607,67.0105,52.27,31.3,56.5,0,0,0,16,4,2,52.01,0.2600000000000051,0
2024-02-23 20:00:00,BIN_001,Saddar,General,24.8607,67.0105,52.47,28.3,89.6,0,0,0,20,4,2,52.27,0.19999999999999574,0
2024-02-24 00:00:00,BIN_001,Saddar,General,24.8607,67.0105,51.87,37.5,62.6,1,0,0,0,5,2,52.47,-0.6000000000000014,0
2024-02-24 04:00:00,BIN_001,Saddar,General,24.8607,67.0105,52.36,41.3,82.5,1,0,0,4,5,2,51.87,0.490000000000002,0
2024-02-24 08:00:00,BIN_001,Saddar,General,24.8607,67.0105,54.41,40.3,88.1,1,0,0,8,5,2,52.36,2.049999999999997,0
2024-02-24 12:00:00,BIN_001,Saddar,General,24.8607,67.0105,55.48,34.5,76.5,1,0,0,12,5,2,54.41,1.0700000000000003,0
2024-02-24 16:00:00,BIN_001,Saddar,General,24.8607,67.0105,59.53,35.2,63.1,1,0,0,16,5,2,55.48,4.050000000000004,0
2024-02-24 20:00:00,BIN_001,Saddar,General,24.8607,67.0105,64.26,30.5,62.7,1,0,0,20,5,2,59.53,4.730000000000004,0
2024-02-25 00:00:00,BIN_001,Saddar,General,24.8607,67.0105,67.39,32.9,57.0,1,0,0,0,6,2,64.26,3.1299999999999955,0
2024-02-25 04:00:00,BIN_001,Saddar,General,24.8607,67.0105,68.76,41.6,85.9,1,0,0,4,6,2,67.39,1.3700000000000045,0
2024-02-25 08:00:00,BIN_001,Saddar,General,24.8607,67.0105,70.5,38.6,79.4,1,0,0,8,6,2,68.76,1.7399999999999949,0
2024-02-25 12:00:00,BIN_001,Saddar,General,24.8607,67.0105,71.04,30.2,83.6,1,0,0,12,6,2,70.5,0.5400000000000063,0
2024-02-25 16:00:00,BIN_001,Saddar,General,24.8607,67.0105,72.29,35.5,75.8,1,0,0,16,6,2,71.04,1.25,0
2024-02-25 20:00:00,BIN_001,Saddar,General,24.8607,67.0105,73.53,36.1,58.2,1,0,0,20,6,2,72.29,1.2399999999999949,0
2024-02-26 00:00:00,BIN_001,Saddar,General,24.8607,67.0105,74.76,29.8,86.1,0,0,0,0,0,2,73.53,1.230000000000004,0
2024-02-26 04:00:00,BIN_001,Saddar,General,24.8607,67.0105,77.41,41.4,85.2,0,1,0,4,0,2,74.76,2.6499999999999915,0
2024-02-26 08:00:00,BIN_001,Saddar,General,24.8607,67.0105,79.99,35.7,58.0,0,1,0,8,0,2,77.41,2.5799999999999983,0
2024-02-26 12:00:00,BIN_001,Saddar,General,24.8607,67.0105,83.39,33.7,68.0,0,1,0,12,0,2,79.99,3.4000000000000057,0
2024-02-26 16:00:00,BIN_001,Saddar,General,24.8607,67.0105,86.48,34.9,57.8,0,1,1,16,0,2,83.39,3.0900000000000034,0
2024-02-26 20:00:00,BIN_001,Saddar,General,24.8607,67.0105,2.55,37.6,57.7,0,0,0,20,0,2,86.48,-83.93,0
2024-02-27 00:00:00,BIN_001,Saddar,General,24.8607,67.0105,4.29,34.7,75.7,0,0,0,0,1,2,2.55,1.7400000000000002,0
2024-02-27 04:00:00,BIN_001,Saddar,General,24.8607,67.0105,7.84,39.5,67.2,0,0,0,4,1,2,4.29,3.55,0
2024-02-27 08:00:00,BIN_001,Saddar,General,24.8607,67.0105,10.64,31.7,85.8,0,0,0,8,1,2,7.84,2.8000000000000007,0
2024-02-27 12:00:00,BIN_001,Saddar,General,24.8607,67.0105,15.18,39.2,78.0,0,0,0,12,1,2,10.64,4.539999999999999,0
2024-02-27 16:00:00,BIN_001,Saddar,General,24.8607,67.0105,18.18,37.8,78.8,0,0,0,16,1,2,15.18,3.0,0
2024-02-27 20:00:00,BIN_001,Saddar,General,24.8607,67.0105,20.71,36.7,81.3,0,0,0,20,1,2,18.18,2.530000000000001,0
2024-02-28 00:00:00,BIN_001,Saddar,General,24.8607,67.0105,22.23,32.7,81.0,0,0,0,0,2,2,20.71,1.5199999999999996,0
2024-02-28 04:00:00,BIN_001,Saddar,General,24.8607,67.0105,24.22,30.3,83.6,0,0,0,4,2,2,22.23,1.9899999999999984,0
2024-02-28 08:00:00,BIN_001,Saddar,General,24.8607,67.0105,26.03,28.1,65.0,0,0,0,8,2,2,24.22,1.8100000000000023,0
2024-02-28 12:00:00,BIN_001,Saddar,General,24.8607,67.0105,29.72,36.6,89.3,0,0,0,12,2,2,26.03,3.6899999999999977,0
2024-02-28 16:00:00,BIN_001,Saddar,General,24.8607,67.0105,29.45,36.9,73.9,0,0,0,16,2,2,29.72,-0.2699999999999996,0
2024-02-28 20:00:00,BIN_001,Saddar,General,24.8607,67.0105,32.34,38.9,58.7,0,0,0,20,2,2,29.45,2.890000000000004,0
2024-02-29 00:00:00,BIN_001,Saddar,General,24.8607,67.0105,34.49,41.5,67.0,0,0,0,0,3,2,32.34,2.1499999999999986,0
2024-02-29 04:00:00,BIN_001,Saddar,General,24.8607,67.0105,38.62,36.9,87.6,0,0,0,4,3,2,34.49,4.1299999999999955,0
2024-02-29 08:00:00,BIN_001,Saddar,General,24.8607,67.0105,39.72,32.2,79.8,0,0,0,8,3,2,38.62,1.1000000000000014,0
2024-02-29 12:00:00,BIN_001,Saddar,General,24.8607,67.0105,41.78,28.9,75.4,0,0,0,12,3,2,39.72,2.0600000000000023,0
2024-02-29 16:00:00,BIN_001,Saddar,General,24.8607,67.0105,45.35,28.6,85.5,0,0,0,16,3,2,41.78,3.5700000000000003,0
2024-02-29 20:00:00,BIN_001,Saddar,General,24.8607,67.0105,44.83,41.6,88.9,0,0,0,20,3,2,45.35,-0.5200000000000031,0
2024-03-01 00:00:00,BIN_001,Saddar,General,24.8607,67.0105,45.77,38.6,55.9,0,0,0,0,4,3,44.83,0.9400000000000048,0
2024-03-01 04:00:00,BIN_001,Saddar,General,24.8607,67.0105,48.1,28.3,66.3,0,0,0,4,4,3,45.77,2.3299999999999983,0
2024-03-01 08:00:00,BIN_001,Saddar,General,24.8607,67.0105,52.22,37.6,70.6,0,0,0,8,4,3,48.1,4.119999999999997,0
2024-03-01 12:00:00,BIN_001,Saddar,General,24.8607,67.0105,53.89,31.8,89.9,0,0,0,12,4,3,52.22,1.6700000000000017,0
2024-03-01 16:00:00,BIN_001,Saddar,General,24.8607,67.0105,53.49,30.3,82.8,0,0,0,16,4,3,53.89,-0.3999999999999986,0
2024-03-01 20:00:00,BIN_001,Saddar,General,24.8607,67.0105,51.96,37.7,62.7,0,0,0,20,4,3,53.49,-1.5300000000000011,0
2024-03-02 00:00:00,BIN_001,Saddar,General,24.8607,67.0105,54.63,37.2,64.6,1,0,0,0,5,3,51.96,2.6700000000000017,0
2024-03-02 04:00:00,BIN_001,Saddar,General,24.8607,67.0105,56.08,41.3,60.3,1,0,0,4,5,3,54.63,1.4499999999999957,0
2024-03-02 08:00:00,BIN_001,Saddar,General,24.8607,67.0105,59.36,33.9,77.3,1,0,0,8,5,3,56.08,3.280000000000001,0
2024-03-02 12:00:00,BIN_001,Saddar,General,24.8607,67.0105,61.51,33.6,64.6,1,0,0,12,5,3,59.36,2.1499999999999986,0
2024-03-02 16:00:00,BIN_001,Saddar,General,24.8607,67.0105,63.75,40.5,63.0,1,0,0,16,5,3,61.51,2.240000000000002,0
2024-03-02 20:00:00,BIN_001,Saddar,General,24.8607,67.0105,66.41,31.0,56.1,1,0,0,20,5,3,63.75,2.6599999999999966,0
2024-03-03 00:00:00,BIN_001,Saddar,General,24.8607,67.0105,66.84,40.1,71.6,1,0,0,0,6,3,66.41,0.4300000000000068,0
2024-03-03 04:00:00,BIN_001,Saddar,General,24.8607,67.0105,71.3,41.6,61.5,1,0,0,4,6,3,66.84,4.459999999999994,0
2024-03-03 08:00:00,BIN_001,Saddar,General,24.8607,67.0105,74.12,38.8,84.6,1,0,0,8,6,3,71.3,2.8200000000000074,0
2024-03-03 12:00:00,BIN_001,Saddar,General,24.8607,67.0105,77.11,38.7,76.9,1,1,0,12,6,3,74.12,2.989999999999995,0
2024-03-03 16:00:00,BIN_001,Saddar,General,24.8607,67.0105,79.7,39.2,71.9,1,1,0,16,6,3,77.11,2.5900000000000034,0
2024-03-03 20:00:00,BIN_001,Saddar,General,24.8607,67.0105,83.07,29.6,59.4,1,1,0,20,6,3,79.7,3.3699999999999903,0
2024-03-04 00:00:00,BIN_001,Saddar,General,24.8607,67.0105,83.82,30.8,72.2,0,1,0,0,0,3,83.07,0.75,0
2024-03-04 04:00:00,BIN_001,Saddar,General,24.8607,67.0105,88.29,28.9,75.4,0,1,1,4,0,3,83.82,4.470000000000013,0
2024-03-04 08:00:00,BIN_001,Saddar,General,24.8607,67.0105,3.51,34.4,55.4,0,0,0,8,0,3,88.29,-84.78,0
2024-03-04 12:00:00,BIN_001,Saddar,General,24.8607,67.0105,6.77,29.0,68.7,0,0,0,12,0,3,3.51,3.26,0
2024-03-04 16:00:00,BIN_001,Saddar,General,24.8607,67.0105,12.25,32.1,79.3,0,0,0,16,0,3,6.77,5.48,0
2024-03-04 20:00:00,BIN_001,Saddar,General,24.8607,67.0105,13.28,40.0,82.3,0,0,0,20,0,3,12.25,1.0299999999999994,0
2024-03-05 00:00:00,BIN_001,Saddar,General,24.8607,67.0105,15.01,29.5,63.5,0,0,0,0,1,3,13.28,1.7300000000000004,0
2024-03-05 04:00:00,BIN_001,Saddar,General,24.8607,67.0105,15.93,41.8,60.0,0,0,0,4,1,3,15.01,0.9199999999999999,0
2024-03-05 08:00:00,BIN_001,Saddar,General,24.8607,67.0105,21.3,37.8,74.6,0,0,0,8,1,3,15.93,5.370000000000001,0
2024-03-05 12:00:00,BIN_001,Saddar,General,24.8607,67.0105,23.04,28.1,66.4,0,0,0,12,1,3,21.3,1.7399999999999984,0
2024-03-05 16:00:00,BIN_001,Saddar,General,24.8607,67.0105,23.49,32.9,56.2,0,0,0,16,1,3,23.04,0.4499999999999993,0
2024-03-05 20:00:00,BIN_001,Saddar,General,24.8607,67.0105,25.32,29.1,68.9,0,0,0,20,1,3,23.49,1.8300000000000018,0
2024-03-06 00:00:00,BIN_001,Saddar,General,24.8607,67.0105,27.38,37.7,83.0,0,0,0,0,2,3,25.32,2.0599999999999987,0
2024-03-06 04:00:00,BIN_001,Saddar,General,24.8607,67.0105,27.56,30.8,60.9,0,0,0,4,2,3,27.38,0.17999999999999972,0
2024-03-06 08:00:00,BIN_001,Saddar,General,24.8607,67.0105,29.74,37.9,56.1,0,0,0,8,2,3,27.56,2.1799999999999997,0
2024-03-06 12:00:00,BIN_001,Saddar,General,24.8607,67.0105,30.31,41.1,56.8,0,0,0,12,2,3,29.74,0.5700000000000003,0
2024-03-06 16:00:00,BIN_001,Saddar,General,24.8607,67.0105,34.8,40.2,80.0,0,0,0,16,2,3,30.31,4.489999999999998,0
2024-03-06 20:00:00,BIN_001,Saddar,General,24.8607,67.0105,37.11,39.2,66.9,0,0,0,20,2,3,34.8,2.3100000000000023,0
2024-03-07 00:00:00,BIN_001,Saddar,General,24.8607,67.0105,39.05,39.4,70.8,0,0,0,0,3,3,37.11,1.9399999999999977,0
2024-03-07 04:00:00,BIN_001,Saddar,General,24.8607,67.0105,42.25,37.0,73.4,0,0,0,4,3,3,39.05,3.200000000000003,0
2024-03-07 08:00:00,BIN_001,Saddar,General,24.8607,67.0105,43.46,28.8,63.6,0,0,0,8,3,3,42.25,1.2100000000000009,0
2024-03-07 12:00:00,BIN_001,Saddar,General,24.8607,67.0105,45.54,30.2,85.5,0,0,0,12,3,3,43.46,2.0799999999999983,0
2024-03-07 16:00:00,BIN_001,Saddar,General,24.8607,67.0105,45.76,39.1,78.1,0,0,0,16,3,3,45.54,0.21999999999999886,0
2024-03-07 20:00:00,BIN_001,Saddar,General,24.8607,67.0105,46.74,35.0,74.4,0,0,0,20,3,3,45.76,0.980000000000004,0
2024-03-08 00:00:00,BIN_001,Saddar,General,24.8607,67.0105,47.11,41.9,89.1,0,0,0,0,4,3,46.74,0.36999999999999744,0
2024-03-08 04:00:00,BIN_001,Saddar,General,24.8607,67.0105,50.01,37.1,62.0,0,0,0,4,4,3,47.11,2.8999999999999986,0
2024-03-08 08:00:00,BIN_001,Saddar,General,24.8607,67.0105,51.03,28.4,64.0,0,0,0,8,4,3,50.01,1.0200000000000031,0
2024-03-08 12:00:00,BIN_001,Saddar,General,24.8607,67.0105,53.11,34.5,85.4,0,0,0,12,4,3,51.03,2.0799999999999983,0
2024-03-08 16:00:00,BIN_001,Saddar,General,24.8607,67.0105,56.28,34.0,67.1,0,0,0,16,4,3,53.11,3.1700000000000017,0
2024-03-08 20:00:00,BIN_001,Saddar,General,24.8607,67.0105,59.36,33.2,89.6,0,0,0,20,4,3,56.28,3.0799999999999983,0
2024-03-09 00:00:00,BIN_001,Saddar,General,24.8607,67.0105,59.32,38.2,72.0,1,0,0,0,5,3,59.36,-0.03999999999999915,0
2024-03-09 04:00:00,BIN_001,Saddar,General,24.8607,67.0105,64.63,40.2,86.5,1,0,0,4,5,3,59.32,5.309999999999995,0
2024-03-09 08:00:00,BIN_001,Saddar,General,24.8607,67.0105,64.48,36.3,86.9,1,0,0,8,5,3,64.63,-0.14999999999999147,0
2024-03-09 12:00:00,BIN_001,Saddar,General,24.8607,67.0105,65.92,30.9,76.8,1,0,0,12,5,3,64.48,1.4399999999999977,0
2024-03-09 16:00:00,BIN_001,Saddar,General,24.8607,67.0105,70.29,29.8,80.1,1,0,0,16,5,3,65.92,4.3700000000000045,0
2024-03-09 20:00:00,BIN_001,Saddar,General,24.8607,67.0105,73.75,40.7,61.3,1,0,0,20,5,3,70.29,3.4599999999999937,0
2024-03-10 00:00:00,BIN_001,Saddar,General,24.8607,67.0105,76.54,34.9,63.7,1,1,0,0,6,3,73.75,2.7900000000000063,0
2024-03-10 04:00:00,BIN_001,Saddar,General,24.8607,67.0105,78.41,40.2,70.6,1,1,0,4,6,3,76.54,1.8699999999999903,0
2024-03-10 08:00:00,BIN_001,Saddar,General,24.8607,67.0105,77.36,36.3,60.7,1,1,0,8,6,3,78.41,-1.0499999999999972,0
2024-03-10 12:00:00,BIN_001,Saddar,General,24.8607,67.0105,80.01,33.5,88.9,1,1,0,12,6,3,77.36,2.6500000000000057,0
2024-03-10 16:00:00,BIN_001,Saddar,General,24.8607,67.0105,83.52,32.6,82.1,1,1,0,16,6,3,80.01,3.509999999999991,0
2024-03-10 20:00:00,BIN_001,Saddar,General,24.8607,67.0105,83.95,29.8,88.9,1,1,0,20,6,3,83.52,0.4300000000000068,0
2024-03-11 00:00:00,BIN_001,Saddar,General,24.8607,67.0105,83.39,29.0,60.9,0,1,0,0,0,3,83.95,-0.5600000000000023,0
2024-03-11 04:00:00,BIN_001,Saddar,General,24.8607,67.0105,84.75,35.3,66.8,0,1,0,4,0,3,83.39,1.3599999999999994,0
2024-03-11 08:00:00,BIN_001,Saddar,General,24.8607,67.0105,86.13,31.5,76.6,0,1,1,8,0,3,84.75,1.3799999999999955,0
2024-03-11 12:00:00,BIN_001,Saddar,General,24.8607,67.0105,10.69,30.3,60.9,0,0,0,12,0,3,86.13,-75.44,0
2024-03-11 16:00:00,BIN_001,Saddar,General,24.8607,67.0105,11.98,39.8,83.2,0,0,0,16,0,3,10.69,1.290000000000001,0
2024-03-11 20:00:00,BIN_001,Saddar,General,24.8607,67.0105,16.86,36.2,85.4,0,0,0,20,0,3,11.98,4.879999999999999,0
2024-03-12 00:00:00,BIN_001,Saddar,General,24.8607,67.0105,18.24,31.8,57.0,0,0,0,0,1,3,16.86,1.379999999999999,0
2024-03-12 04:00:00,BIN_001,Saddar,General,24.8607,67.0105,19.72,35.4,87.8,0,0,0,4,1,3,18.24,1.4800000000000004,0
2024-03-12 08:00:00,BIN_001,Saddar,General,24.8607,67.0105,22.59,32.4,72.8,0,0,0,8,1,3,19.72,2.870000000000001,0
2024-03-12 12:00:00,BIN_001,Saddar,General,24.8607,67.0105,24.24,28.6,60.2,0,0,0,12,1,3,22.59,1.6499999999999986,0
2024-03-12 16:00:00,BIN_001,Saddar,General,24.8607,67.0105,27.38,34.4,73.0,0,0,0,16,1,3,24.24,3.1400000000000006,0
2024-03-12 20:00:00,BIN_001,Saddar,General,24.8607,67.0105,29.67,34.8,78.3,0,0,0,20,1,3,27.38,2.2900000000000027,0
2024-03-13 00:00:00,BIN_001,Saddar,General,24.8607,67.0105,33.11,30.8,78.6,0,0,0,0,2,3,29.67,3.4399999999999977,0
2024-03-13 04:00:00,BIN_001,Saddar,General,24.8607,67.0105,33.32,41.6,58.3,0,0,0,4,2,3,33.11,0.21000000000000085,0
2024-03-13 08:00:00,BIN_001,Saddar,General,24.8607,67.0105,34.15,40.2,61.2,0,0,0,8,2,3,33.32,0.8299999999999983,0
2024-03-13 12:00:00,BIN_001,Saddar,General,24.8607,67.0105,38.79,37.7,84.3,0,0,0,12,2,3,34.15,4.640000000000001,0
2024-03-13 16:00:00,BIN_001,Saddar,General,24.8607,67.0105,40.79,35.0,76.6,0,0,0,16,2,3,38.79,2.0,0
2024-03-13 20:00:00,BIN_001,Saddar,General,24.8607,67.0105,43.11,40.2,75.0,0,0,0,20,2,3,40.79,2.3200000000000003,0
2024-03-14 00:00:00,BIN_001,Saddar,General,24.8607,67.0105,46.53,31.0,78.1,0,0,0,0,3,3,43.11,3.4200000000000017,0
2024-03-14 04:00:00,BIN_001,Saddar,General,24.8607,67.0105,50.08,33.5,77.8,0,0,0,4,3,3,46.53,3.549999999999997,0
2024-03-14 08:00:00,BIN_001,Saddar,General,24.8607,67.0105,52.31,42.0,56.7,0,0,0,8,3,3,50.08,2.230000000000004,0
2024-03-14 12:00:00,BIN_001,Saddar,General,24.8607,67.0105,52.95,41.7,69.2,0,0,0,12,3,3,52.31,0.6400000000000006,0
2024-03-14 16:00:00,BIN_001,Saddar,General,24.8607,67.0105,55.2,35.9,80.8,0,0,0,16,3,3,52.95,2.25,0
2024-03-14 20:00:00,BIN_001,Saddar,General,24.8607,67.0105,57.6,40.3,69.1,0,0,0,20,3,3,55.2,2.3999999999999986,0
2024-03-15 00:00:00,BIN_001,Saddar,General,24.8607,67.0105,61.16,39.3,81.7,0,0,0,0,4,3,57.6,3.559999999999995,0
2024-03-15 04:00:00,BIN_001,Saddar,General,24.8607,67.0105,61.09,39.2,70.2,0,0,0,4,4,3,61.16,-0.06999999999999318,0
2024-03-15 08:00:00,BIN_001,Saddar,General,24.8607,67.0105,62.63,35.6,55.2,0,0,0,8,4,3,61.09,1.5399999999999991,0
2024-03-15 12:00:00,BIN_001,Saddar,General,24.8607,67.0105,64.59,32.5,67.8,0,0,0,12,4,3,62.63,1.9600000000000009,0
2024-03-15 16:00:00,BIN_001,Saddar,General,24.8607,67.0105,68.75,33.4,70.7,0,0,0,16,4,3,64.59,4.159999999999997,0
2024-03-15 20:00:00,BIN_001,Saddar,General,24.8607,67.0105,69.25,31.3,68.1,0,0,0,20,4,3,68.75,0.5,0
2024-03-16 00:00:00,BIN_001,Saddar,General,24.8607,67.0105,74.02,36.7,71.2,1,0,0,0,5,3,69.25,4.769999999999996,0
2024-03-16 04:00:00,BIN_001,Saddar,General,24.8607,67.0105,77.83,33.3,85.2,1,1,0,4,5,3,74.02,3.8100000000000023,0
2024-03-16 08:00:00,BIN_001,Saddar,General,24.8607,67.0105,76.39,28.4,66.9,1,1,0,8,5,3,77.83,-1.4399999999999977,0
2024-03-16 12:00:00,BIN_001,Saddar,General,24.8607,67.0105,82.12,33.3,69.0,1,1,0,12,5,3,76.39,5.730000000000004,0
2024-03-16 16:00:00,BIN_001,Saddar,General,24.8607,67.0105,85.96,36.5,81.8,1,1,1,16,5,3,82.12,3.839999999999989,0
2024-03-16 20:00:00,BIN_001,Saddar,General,24.8607,67.0105,14.09,38.1,88.4,1,0,0,20,5,3,85.96,-71.86999999999999,0
2024-03-17 00:00:00,BIN_001,Saddar,General,24.8607,67.0105,16.01,41.0,57.1,1,0,0,0,6,3,14.09,1.9200000000000017,0
2024-03-17 04:00:00,BIN_001,Saddar,General,24.8607,67.0105,18.9,41.1,67.3,1,0,0,4,6,3,16.01,2.889999999999997,0
2024-03-17 08:00:00,BIN_001,Saddar,General,24.8607,67.0105,21.15,31.6,65.0,1,0,0,8,6,3,18.9,2.25,0
2024-03-17 12:00:00,BIN_001,Saddar,General,24.8607,67.0105,22.03,32.3,83.1,1,0,0,12,6,3,21.15,0.8800000000000026,0
2024-03-17 16:00:00,BIN_001,Saddar,General,24.8607,67.0105,21.46,36.5,80.1,1,0,0,16,6,3,22.03,-0.5700000000000003,0
2024-03-17 20:00:00,BIN_001,Saddar,General,24.8607,67.0105,24.36,31.8,69.5,1,0,0,20,6,3,21.46,2.8999999999999986,0
2024-03-18 00:00:00,BIN_001,Saddar,General,24.8607,67.0105,25.93,37.5,61.4,0,0,0,0,0,3,24.36,1.5700000000000003,0
2024-03-18 04:00:00,BIN_001,Saddar,General,24.8607,67.0105,27.46,35.4,79.8,0,0,0,4,0,3,25.93,1.5300000000000011,0
2024-03-18 08:00:00,BIN_001,Saddar,General,24.8607,67.0105,29.47,31.6,88.7,0,0,0,8,0,3,27.46,2.009999999999998,0
2024-03-18 12:00:00,BIN_001,Saddar,General,24.8607,67.0105,29.84,34.8,83.2,0,0,0,12,0,3,29.47,0.370000000000001,0
2024-03-18 16:00:00,BIN_001,Saddar,General,24.8607,67.0105,30.74,36.9,88.3,0,0,0,16,0,3,29.84,0.8999999999999986,0
2024-03-18 20:00:00,BIN_001,Saddar,General,24.8607,67.0105,32.6,36.4,83.7,0,0,0,20,0,3,30.74,1.860000000000003,0
2024-03-19 00:00:00,BIN_001,Saddar,General,24.8607,67.0105,33.95,31.0,76.4,0,0,0,0,1,3,32.6,1.3500000000000014,0
2024-03-19 04:00:00,BIN_001,Saddar,General,24.8607,67.0105,36.32,33.8,84.4,0,0,0,4,1,3,33.95,2.3699999999999974,0
2024-03-19 08:00:00,BIN_001,Saddar,General,24.8607,67.0105,37.68,31.3,82.3,0,0,0,8,1,3,36.32,1.3599999999999994,0
2024-03-19 12:00:00,BIN_001,Saddar,General,24.8607,67.0105,40.57,31.8,83.8,0,0,0,12,1,3,37.68,2.8900000000000006,0
2024-03-19 16:00:00,BIN_001,Saddar,General,24.8607,67.0105,45.07,29.3,76.8,0,0,0,16,1,3,40.57,4.5,0
2024-03-19 20:00:00,BIN_001,Saddar,General,24.8607,67.0105,45.6,34.3,75.5,0,0,0,20,1,3,45.07,0.5300000000000011,0
2024-03-20 00:00:00,BIN_001,Saddar,General,24.8607,67.0105,48.16,40.1,62.6,0,0,0,0,2,3,45.6,2.559999999999995,0
2024-03-20 04:00:00,BIN_001,Saddar,General,24.8607,67.0105,48.83,29.3,55.8,0,0,0,4,2,3,48.16,0.6700000000000017,0
2024-03-20 08:00:00,BIN_001,Saddar,General,24.8607,67.0105,52.43,35.7,63.1,0,0,0,8,2,3,48.83,3.6000000000000014,0
2024-03-20 12:00:00,BIN_001,Saddar,General,24.8607,67.0105,56.64,33.5,75.8,0,0,0,12,2,3,52.43,4.210000000000001,0
2024-03-20 16:00:00,BIN_001,Saddar,General,24.8607,67.0105,58.88,29.9,79.3,0,0,0,16,2,3,56.64,2.240000000000002,0
2024-03-20 20:00:00,BIN_001,Saddar,General,24.8607,67.0105,60.65,33.7,70.0,0,0,0,20,2,3,58.88,1.769999999999996,0
2024-03-21 00:00:00,BIN_001,Saddar,General,24.8607,67.0105,63.88,41.9,59.5,0,0,0,0,3,3,60.65,3.230000000000004,0
2024-03-21 04:00:00,BIN_001,Saddar,General,24.8607,67.0105,67.31,29.5,80.4,0,0,0,4,3,3,63.88,3.4299999999999997,0
2024-03-21 08:00:00,BIN_001,Saddar,General,24.8607,67.0105,66.64,29.1,58.0,0,0,0,8,3,3,67.31,-0.6700000000000017,0
2024-03-21 12:00:00,BIN_001,Saddar,General,24.8607,67.0105,69.26,40.5,61.7,0,0,0,12,3,3,66.64,2.6200000000000045,0
2024-03-21 16:00:00,BIN_001,Saddar,General,24.8607,67.0105,69.38,33.0,57.4,0,0,0,16,3,3,69.26,0.11999999999999034,0
2024-03-21 20:00:00,BIN_001,Saddar,General,24.8607,67.0105,70.08,35.3,57.4,0,0,0,20,3,3,69.38,0.7000000000000028,0
2024-03-22 00:00:00,BIN_001,Saddar,General,24.8607,67.0105,70.92,35.6,85.8,0,0,0,0,4,3,70.08,0.8400000000000034,0
2024-03-22 04:00:00,BIN_001,Saddar,General,24.8607,67.0105,73.74,37.1,73.7,0,0,0,4,4,3,70.92,2.819999999999993,0
2024-03-22 08:00:00,BIN_001,Saddar,General,24.8607,67.0105,73.75,37.4,89.8,0,0,0,8,4,3,73.74,0.010000000000005116,0
2024-03-22 12:00:00,BIN_001,Saddar,General,24.8607,67.0105,73.67,37.3,74.5,0,0,0,12,4,3,73.75,-0.0799999999999983,0
2024-03-22 16:00:00,BIN_001,Saddar,General,24.8607,67.0105,75.05,28.8,74.7,0,1,0,16,4,3,73.67,1.3799999999999955,0
2024-03-22 20:00:00,BIN_001,Saddar,General,24.8607,67.0105,79.41,41.4,61.1,0,1,0,20,4,3,75.05,4.359999999999999,0
2024-03-23 00:00:00,BIN_001,Saddar,General,24.8607,67.0105,80.23,35.5,58.4,1,1,0,0,5,3,79.41,0.8200000000000074,0
2024-03-23 04:00:00,BIN_001,Saddar,General,24.8607,67.0105,83.48,34.3,81.5,1,1,0,4,5,3,80.23,3.25,0
2024-03-23 08:00:00,BIN_001,Saddar,General,24.8607,67.0105,87.75,39.1,87.5,1,1,1,8,5,3,83.48,4.269999999999996,0
2024-03-23 12:00:00,BIN_001,Saddar,General,24.8607,67.0105,2.83,33.6,60.3,1,0,0,12,5,3,87.75,-84.92,0
2024-03-23 16:00:00,BIN_001,Saddar,General,24.8607,67.0105,6.95,35.3,76.8,1,0,0,16,5,3,2.83,4.12,0
2024-03-23 20:00:00,BIN_001,Saddar,General,24.8607,67.0105,9.46,29.2,81.4,1,0,0,20,5,3,6.95,2.5100000000000007,0
2024-03-24 00:00:00,BIN_001,Saddar,General,24.8607,67.0105,11.96,38.9,79.8,1,0,0,0,6,3,9.46,2.5,0
2024-03-24 04:00:00,BIN_001,Saddar,General,24.8607,67.0105,14.04,28.5,65.6,1,0,0,4,6,3,11.96,2.0799999999999983,0
2024-03-24 08:00:00,BIN_001,Saddar,General,24.8607,67.0105,15.16,29.2,87.8,1,0,0,8,6,3,14.04,1.120000000000001,0
2024-03-24 12:00:00,BIN_001,Saddar,General,24.8607,67.0105,15.46,35.8,65.7,1,0,0,12,6,3,15.16,0.3000000000000007,0
2024-03-24 16:00:00,BIN_001,Saddar,General,24.8607,67.0105,16.11,36.4,73.0,1,0,0,16,6,3,15.46,0.6499999999999986,0
2024-03-24 20:00:00,BIN_001,Saddar,General,24.8607,67.0105,15.18,40.9,72.4,1,0,0,20,6,3,16.11,-0.9299999999999997,0
2024-03-25 00:00:00,BIN_001,Saddar,General,24.8607,67.0105,17.07,33.3,85.7,0,0,0,0,0,3,15.18,1.8900000000000006,0
2024-03-25 04:00:00,BIN_001,Saddar,General,24.8607,67.0105,18.7,40.2,83.2,0,0,0,4,0,3,17.07,1.629999999999999,0
2024-03-25 08:00:00,BIN_001,Saddar,General,24.8607,67.0105,19.46,29.1,69.1,0,0,0,8,0,3,18.7,0.7600000000000016,0
2024-03-25 12:00:00,BIN_001,Saddar,General,24.8607,67.0105,22.72,30.4,79.3,0,0,0,12,0,3,19.46,3.259999999999998,0
2024-03-25 16:00:00,BIN_001,Saddar,General,24.8607,67.0105,24.53,37.0,83.8,0,0,0,16,0,3,22.72,1.8100000000000023,0
2024-03-25 20:00:00,BIN_001,Saddar,General,24.8607,67.0105,26.29,29.9,85.2,0,0,0,20,0,3,24.53,1.759999999999998,0
2024-03-26 00:00:00,BIN_001,Saddar,General,24.8607,67.0105,28.02,36.5,81.8,0,0,0,0,1,3,26.29,1.7300000000000004,0
2024-03-26 04:00:00,BIN_001,Saddar,General,24.8607,67.0105,31.02,30.4,72.6,0,0,0,4,1,3,28.02,3.0,0
2024-03-26 08:00:00,BIN_001,Saddar,General,24.8607,67.0105,31.19,33.1,57.4,0,0,0,8,1,3,31.02,0.1700000000000017,0
2024-03-26 12:00:00,BIN_001,Saddar,General,24.8607,67.0105,32.51,28.4,59.7,0,0,0,12,1,3,31.19,1.3199999999999967,0
2024-03-26 16:00:00,BIN_001,Saddar,General,24.8607,67.0105,34.36,41.5,70.1,0,0,0,16,1,3,32.51,1.8500000000000014,0
2024-03-26 20:00:00,BIN_001,Saddar,General,24.8607,67.0105,36.93,32.4,72.7,0,0,0,20,1,3,34.36,2.5700000000000003,0
2024-03-27 00:00:00,BIN_001,Saddar,General,24.8607,67.0105,37.29,37.0,62.6,0,0,0,0,2,3,36.93,0.35999999999999943,0
2024-03-27 04:00:00,BIN_001,Saddar,General,24.8607,67.0105,38.84,36.7,77.8,0,0,0,4,2,3,37.29,1.5500000000000043,0
2024-03-27 08:00:00,BIN_001,Saddar,General,24.8607,67.0105,40.29,28.8,89.8,0,0,0,8,2,3,38.84,1.4499999999999957,0
2024-03-27 12:00:00,BIN_001,Saddar,General,24.8607,67.0105,44.3,28.8,79.3,0,0,0,12,2,3,40.29,4.009999999999998,0
2024-03-27 16:00:00,BIN_001,Saddar,General,24.8607,67.0105,45.15,37.7,57.2,0,0,0,16,2,3,44.3,0.8500000000000014,0
2024-03-27 20:00:00,BIN_001,Saddar,General,24.8607,67.0105,46.47,35.1,89.9,0,0,0,20,2,3,45.15,1.3200000000000003,0
2024-03-28 00:00:00,BIN_001,Saddar,General,24.8607,67.0105,48.89,32.3,76.8,0,0,0,0,3,3,46.47,2.4200000000000017,0
2024-03-28 04:00:00,BIN_001,Saddar,General,24.8607,67.0105,52.45,35.4,69.9,0,0,0,4,3,3,48.89,3.5600000000000023,0
2024-03-28 08:00:00,BIN_001,Saddar,General,24.8607,67.0105,52.17,33.1,69.5,0,0,0,8,3,3,52.45,-0.28000000000000114,0
2024-03-28 12:00:00,BIN_001,Saddar,General,24.8607,67.0105,53.6,39.6,80.7,0,0,0,12,3,3,52.17,1.4299999999999997,0
2024-03-28 16:00:00,BIN_001,Saddar,General,24.8607,67.0105,54.51,28.3,64.1,0,0,0,16,3,3,53.6,0.9099999999999966,0
2024-03-28 20:00:00,BIN_001,Saddar,General,24.8607,67.0105,52.39,38.6,59.8,0,0,0,20,3,3,54.51,-2.1199999999999974,0
2024-03-29 00:00:00,BIN_001,Saddar,General,24.8607,67.0105,51.94,28.2,63.4,0,0,0,0,4,3,52.39,-0.45000000000000284,0
2024-03-29 04:00:00,BIN_001,Saddar,General,24.8607,67.0105,53.99,41.7,83.1,0,0,0,4,4,3,51.94,2.0500000000000043,0
2024-03-29 08:00:00,BIN_001,Saddar,General,24.8607,67.0105,55.73,29.5,74.2,0,0,0,8,4,3,53.99,1.7399999999999949,0
2024-03-29 12:00:00,BIN_001,Saddar,General,24.8607,67.0105,58.37,34.4,84.6,0,0,0,12,4,3,55.73,2.6400000000000006,0
2024-03-29 16:00:00,BIN_001,Saddar,General,24.8607,67.0105,60.1,30.1,66.4,0,0,0,16,4,3,58.37,1.730000000000004,0
2024-03-29 20:00:00,BIN_001,Saddar,General,24.8607,67.0105,60.47,38.3,71.7,0,0,0,20,4,3,60.1,0.36999999999999744,0
2024-03-30 00:00:00,BIN_001,Saddar,General,24.8607,67.0105,60.72,34.4,82.5,1,0,0,0,5,3,60.47,0.25,0
2024-03-30 04:00:00,BIN_001,Saddar,General,24.8607,67.0105,60.6,40.5,88.4,1,0,0,4,5,3,60.72,-0.11999999999999744,0
2024-03-30 08:00:00,BIN_001,Saddar,General,24.8607,67.0105,61.9,37.6,70.3,1,0,0,8,5,3,60.6,1.2999999999999972,0
2024-03-30 12:00:00,BIN_001,Saddar,General,24.8607,67.0105,65.76,31.6,84.4,1,0,0,12,5,3,61.9,3.8600000000000065,0
2024-03-30 16:00:00,BIN_001,Saddar,General,24.8607,67.0105,71.29,37.2,86.3,1,0,0,16,5,3,65.76,5.530000000000001,0
2024-03-30 20:00:00,BIN_001,Saddar,General,24.8607,67.0105,72.69,36.9,76.5,1,0,0,20,5,3,71.29,1.3999999999999915,0
2024-01-01 04:00:00,BIN_002,Clifton,Recyclable,24.8138,67.03,2.56,37.5,56.5,0,0,0,4,0,1,1.01,1.55,1
2024-01-01 08:00:00,BIN_002,Clifton,Recyclable,24.8138,67.03,4.37,29.0,57.5,0,0,0,8,0,1,2.56,1.81,1
2024-01-01 12:00:00,BIN_002,Clifton,Recyclable,24.8138,67.03,5.15,28.2,88.5,0,0,0,12,0,1,4.37,0.7800000000000002,1
2024-01-01 16:00:00,BIN_002,Clifton,Recyclable,24.8138,67.03,5.4,32.2,67.2,0,0,0,16,0,1,5.15,0.25,1
2024-01-01 20:00:00,BIN_002,Clifton,Recyclable,24.8138,67.03,8.81,38.8,78.1,0,0,0,20,0,1,5.4,3.41,1
2024-01-02 00:00:00,BIN_002,Clifton,Recyclable,24.8138,67.03,9.59,29.4,78.1,0,0,0,0,1,1,8.81,0.7799999999999994,1
2024-01-02 04:00:00,BIN_002,Clifton,Recyclable,24.8138,67.03,10.4,38.7,64.3,0,0,0,4,1,1,9.59,0.8100000000000005,1
2024-01-02 08:00:00,BIN_002,Clifton,Recyclable,24.8138,67.03,12.77,33.3,62.2,0,0,0,8,1,1,10.4,2.369999999999999,1
2024-01-02 12:00:00,BIN_002,Clifton,Recyclable,24.8138,67.03,16.19,29.7,76.5,0,0,0,12,1,1,12.77,3.4200000000000017,1
2024-01-02 16:00:00,BIN_002,Clifton,Recyclable,24.8138,67.03,18.61,35.4,56.5,0,0,0,16,1,1,16.19,2.419999999999998,1
2024-01-02 20:00:00,BIN_002,Clifton,Recyclable,24.8138,67.03,21.91,41.6,83.0,0,0,0,20,1,1,18.61,3.3000000000000007,1
2024-01-03 00:00:00,BIN_002,Clifton,Recyclable,24.8138,67.03,25.55,38.5,83.4,0,0,0,0,2,1,21.91,3.6400000000000006,1
2024-01-03 04:00:00,BIN_002,Clifton,Recyclable,24.8138,67.03,29.71,37.2,59.5,0,0,0,4,2,1,25.55,4.16,1
2024-01-03 08:00:00,BIN_002,Clifton,Recyclable,24.8138,67.03,32.01,31.1,68.0,0,0,0,8,2,1,29.71,2.299999999999997,1
2024-01-03 12:00:00,BIN_002,Clifton,Recyclable,24.8138,67.03,33.15,34.0,70.4,0,0,0,12,2,1,32.01,1.1400000000000006,1
2024-01-03 16:00:00,BIN_002,Clifton,Recyclable,24.8138,67.03,35.48,31.4,59.3,0,0,0,16,2,1,33.15,2.3299999999999983,1
2024-01-03 20:00:00,BIN_002,Clifton,Recyclable,24.8138,67.03,37.16,30.8,86.0,0,0,0,20,2,1,35.48,1.6799999999999997,1
2024-01-04 00:00:00,BIN_002,Clifton,Recyclable,24.8138,67.03,36.61,39.4,85.1,0,0,0,0,3,1,37.16,-0.5499999999999972,1
2024-01-04 04:00:00,BIN_002,Clifton,Recyclable,24.8138,67.03,39.43,39.9,87.2,0,0,0,4,3,1,36.61,2.8200000000000003,1
2024-01-04 08:00:00,BIN_002,Clifton,Recyclable,24.8138,67.03,42.15,34.4,84.5,0,0,0,8,3,1,39.43,2.719999999999999,1
2024-01-04 12:00:00,BIN_002,Clifton,Recyclable,24.8138,67.03,42.39,38.2,82.2,0,0,0,12,3,1,42.15,0.240000000000002,1
2024-01-04 16:00:00,BIN_002,Clifton,Recyclable,24.8138,67.03,42.29,35.6,89.5,0,0,0,16,3,1,42.39,-0.10000000000000142,1
2024-01-04 20:00:00,BIN_002,Clifton,Recyclable,24.8138,67.03,44.5,41.1,56.5,0,0,0,20,3,1,42.29,2.210000000000001,1
2024-01-05 00:00:00,BIN_002,Clifton,Recyclable,24.8138,67.03,45.82,38.2,83.6,0,0,0,0,4,1,44.5,1.3200000000000003,1
2024-01-05 04:00:00,BIN_002,Clifton,Recyclable,24.8138,67.03,47.15,31.0,72.7,0,0,0,4,4,1,45.82,1.3299999999999983,1
2024-01-05 08:00:00,BIN_002,Clifton,Recyclable,24.8138,67.03,49.35,35.6,75.7,0,0,0,8,4,1,47.15,2.200000000000003,1
2024-01-05 12:00:00,BIN_002,Clifton,Recyclable,24.8138,67.03,51.89,35.1,65.4,0,0,0,12,4,1,49.35,2.539999999999999,1
2024-01-05 16:00:00,BIN_002,Clifton,Recyclable,24.8138,67.03,56.07,40.2,77.3,0,0,0,16,4,1,51.89,4.18,1
2024-01-05 20:00:00,BIN_002,Clifton,Recyclable,24.8138,67.03,58.46,38.7,60.6,0,0,0,20,4,1,56.07,2.3900000000000006,1
2024-01-06 00:00:00,BIN_002,Clifton,Recyclable,24.8138,67.03,59.98,31.5,80.4,1,0,0,0,5,1,58.46,1.519999999999996,1
2024-01-06 04:00:00,BIN_002,Clifton,Recyclable,24.8138,67.03,61.85,41.9,58.5,1,0,0,4,5,1,59.98,1.8700000000000045,1
2024-01-06 08:00:00,BIN_002,Clifton,Recyclable,24.8138,67.03,65.68,30.9,74.4,1,0,0,8,5,1,61.85,3.8300000000000054,1
2024-01-06 12:00:00,BIN_002,Clifton,Recyclable,24.8138,67.03,66.94,38.3,76.6,1,0,0,12,5,1,65.68,1.259999999999991,1
2024-01-06 16:00:00,BIN_002,Clifton,Recyclable,24.8138,67.03,68.07,39.0,74.4,1,0,0,16,5,1,66.94,1.1299999999999955,1
2024-01-06 20:00:00,BIN_002,Clifton,Recyclable,24.8138,67.03,68.3,28.1,81.6,1,0,0,20,5,1,68.07,0.23000000000000398,1
2024-01-07 00:00:00,BIN_002,Clifton,Recyclable,24.8138,67.03,68.02,30.1,65.7,1,0,0,0,6,1,68.3,-0.28000000000000114,1
2024-01-07 04:00:00,BIN_002,Clifton,Recyclable,24.8138,67.03,68.26,40.3,89.9,1,0,0,4,6,1,68.02,0.2400000000000091,1
2024-01-07 08:00:00,BIN_002,Clifton,Recyclable,24.8138,67.03,68.93,38.1,86.0,1,0,0,8,6,1,68.26,0.6700000000000017,1
2024-01-07 12:00:00,BIN_002,Clifton,Recyclable,24.8138,67.03,67.68,36.3,68.7,1,0,0,12,6,1,68.93,-1.25,1
2024-01-07 16:00:00,BIN_002,Clifton,Recyclable,24.8138,67.03,72.1,28.0,76.7,1,0,0,16,6,1,67.68,4.4199999999999875,1
2024-01-07 20:00:00,BIN_002,Clifton,Recyclable,24.8138,67.03,72.87,33.0,82.8,1,0,0,20,6,1,72.1,0.7700000000000102,1
2024-01-08 00:00:00,BIN_002,Clifton,Recyclable,24.8138,67.03,74.6,34.7,77.5,0,0,0,0,0,1,72.87,1.7299999999999898,1
2024-01-08 04:00:00,BIN_002,Clifton,Recyclable,24.8138,67.03,74.81,28.9,75.3,0,0,0,4,0,1,74.6,0.21000000000000796,1
2024-01-08 08:00:00,BIN_002,Clifton,Recyclable,24.8138,67.03,79.06,36.4,78.7,0,1,0,8,0,1,74.81,4.25,1
2024-01-08 12:00:00,BIN_002,Clifton,Recyclable,24.8138,67.03,83.35,39.3,64.4,0,1,0,12,0,1,79.06,4.289999999999992,1
2024-01-08 16:00:00,BIN_002,Clifton,Recyclable,24.8138,67.03,84.8,29.1,57.0,0,1,0,16,0,1,83.35,1.4500000000000028,1
2024-01-08 20:00:00,BIN_002,Clifton,Recyclable,24.8138,67.03,88.22,32.7,82.5,0,1,1,20,0,1,84.8,3.4200000000000017,1
2024-01-09 00:00:00,BIN_002,Clifton,Recyclable,24.8138,67.03,8.67,34.2,60.2,0,0,0,0,1,1,88.22,-79.55,1
2024-01-09 04:00:00,BIN_002,Clifton,Recyclable,24.8138,67.03,12.34,32.6,70.2,0,0,0,4,1,1,8.67,3.67,1
2024-01-09 08:00:00,BIN_002,Clifton,Recyclable,24.8138,67.03,13.68,36.4,80.7,0,0,0,8,1,1,12.34,1.3399999999999999,1
2024-01-09 12:00:00,BIN_002,Clifton,Recyclable,24.8138,67.03,14.95,42.0,87.7,0,0,0,12,1,1,13.68,1.2699999999999996,1
2024-01-09 16:00:00,BIN_002,Clifton,Recyclable,24.8138,67.03,14.88,36.9,82.5,0,0,0,16,1,1,14.95,-0.06999999999999851,1
2024-01-09 20:00:00,BIN_002,Clifton,Recyclable,24.8138,67.03,19.12,29.7,69.3,0,0,0,20,1,1,14.88,4.24,1
2024-01-10 00:00:00,BIN_002,Clifton,Recyclable,24.8138,67.03,20.02,36.0,75.6,0,0,0,0,2,1,19.12,0.8999999999999986,1
2024-01-10 04:00:00,BIN_002,Clifton,Recyclable,24.8138,67.03,23.11,30.6,67.7,0,0,0,4,2,1,20.02,3.09,1
2024-01-10 08:00:00,BIN_002,Clifton,Recyclable,24.8138,67.03,24.78,32.2,87.9,0,0,0,8,2,1,23.11,1.6700000000000017,1
2024-01-10 12:00:00,BIN_002,Clifton,Recyclable,24.8138,67.03,23.59,31.6,70.0,0,0,0,12,2,1,24.78,-1.1900000000000013,1
2024-01-10 16:00:00,BIN_002,Clifton,Recyclable,24.8138,67.03,25.82,34.4,71.9,0,0,0,16,2,1,23.59,2.2300000000000004,1
2024-01-10 20:00:00,BIN_002,Clifton,Recyclable,24.8138,67.03,26.48,29.9,57.8,0,0,0,20,2,1,25.82,0.6600000000000001,1
2024-01-11 00:00:00,BIN_002,Clifton,Recyclable,24.8138,67.03,27.89,34.1,80.5,0,0,0,0,3,1,26.48,1.4100000000000001,1
2024-01-11 04:00:00,BIN_002,Clifton,Recyclable,24.8138,67.03,32.01,38.7,60.6,0,0,0,4,3,1,27.89,4.119999999999997,1
2024-01-11 08:00:00,BIN_002,Clifton,Recyclable,24.8138,67.03,31.97,38.5,78.0,0,0,0,8,3,1,32.01,-0.03999999999999915,1
2024-01-11 12:00:00,BIN_002,Clifton,Recyclable,24.8138,67.03,33.88,41.4,57.4,0,0,0,12,3,1,31.97,1.9100000000000037,1
2024-01-11 16:00:00,BIN_002,Clifton,Recyclable,24.8138,67.03,35.19,31.7,63.6,0,0,0,16,3,1,33.88,1.3099999999999952,1
2024-01-11 20:00:00,BIN_002,Clifton,Recyclable,24.8138,67.03,36.35,40.7,63.7,0,0,0,20,3,1,35.19,1.1600000000000037,1
2024-01-12 00:00:00,BIN_002,Clifton,Recyclable,24.8138,67.03,39.18,34.3,82.2,0,0,0,0,4,1,36.35,2.8299999999999983,1
2024-01-12 04:00:00,BIN_002,Clifton,Recyclable,24.8138,67.03,39.43,28.9,72.1,0,0,0,4,4,1,39.18,0.25,1
2024-01-12 08:00:00,BIN_002,Clifton,Recyclable,24.8138,67.03,37.25,32.9,86.5,0,0,0,8,4,1,39.43,-2.1799999999999997,1
2024-01-12 12:00:00,BIN_002,Clifton,Recyclable,24.8138,67.03,40.04,28.3,78.2,0,0,0,12,4,1,37.25,2.789999999999999,1
2024-01-12 16:00:00,BIN_002,Clifton,Recyclable,24.8138,67.03,41.6,41.1,56.8,0,0,0,16,4,1,40.04,1.5600000000000023,1
2024-01-12 20:00:00,BIN_002,Clifton,Recyclable,24.8138,67.03,43.83,33.9,64.1,0,0,0,20,4,1,41.6,2.229999999999997,1
2024-01-13 00:00:00,BIN_002,Clifton,Recyclable,24.8138,67.03,46.92,30.8,74.8,1,0,0,0,5,1,43.83,3.0900000000000034,1
2024-01-13 04:00:00,BIN_002,Clifton,Recyclable,24.8138,67.03,46.93,34.5,89.0,1,0,0,4,5,1,46.92,0.00999999999999801,1
2024-01-13 08:00:00,BIN_002,Clifton,Recyclable,24.8138,67.03,46.41,29.6,60.3,1,0,0,8,5,1,46.93,-0.5200000000000031,1
2024-01-13 12:00:00,BIN_002,Clifton,Recyclable,24.8138,67.03,50.05,31.2,63.8,1,0,0,12,5,1,46.41,3.6400000000000006,1
2024-01-13 16:00:00,BIN_002,Clifton,Recyclable,24.8138,67.03,52.25,35.3,59.0,1,0,0,16,5,1,50.05,2.200000000000003,1
2024-01-13 20:00:00,BIN_002,Clifton,Recyclable,24.8138,67.03,55.87,40.0,80.3,1,0,0,20,5,1,52.25,3.6199999999999974,1
2024-01-14 00:00:00,BIN_002,Clifton,Recyclable,24.8138,67.03,58.03,35.6,57.9,1,0,0,0,6,1,55.87,2.1600000000000037,1
2024-01-14 04:00:00,BIN_002,Clifton,Recyclable,24.8138,67.03,59.37,34.4,72.0,1,0,0,4,6,1,58.03,1.3399999999999963,1
2024-01-14 08:00:00,BIN_002,Clifton,Recyclable,24.8138,67.03,61.93,34.5,69.4,1,0,0,8,6,1,59.37,2.5600000000000023,1
2024-01-14 12:00:00,BIN_002,Clifton,Recyclable,24.8138,67.03,65.18,37.1,74.1,1,0,0,12,6,1,61.93,3.250000000000007,1
2024-01-14 16:00:00,BIN_002,Clifton,Recyclable,24.8138,67.03,67.11,39.3,71.1,1,0,0,16,6,1,65.18,1.9299999999999926,1
2024-01-14 20:00:00,BIN_002,Clifton,Recyclable,24.8138,67.03,67.91,28.7,82.5,1,0,0,20,6,1,67.11,0.7999999999999972,1
2024-01-15 00:00:00,BIN_002,Clifton,Recyclable,24.8138,67.03,68.4,30.3,66.6,0,0,0,0,0,1,67.91,0.4900000000000091,1
2024-01-15 04:00:00,BIN_002,Clifton,Recyclable,24.8138,67.03,68.66,38.6,73.2,0,0,0,4,0,1,68.4,0.2599999999999909,1
2024-01-15 08:00:00,BIN_002,Clifton,Recyclable,24.8138,67.03,70.6,40.3,85.5,0,0,0,8,0,1,68.66,1.9399999999999977,1
2024-01-15 12:00:00,BIN_002,Clifton,Recyclable,24.8138,67.03,71.68,31.3,70.8,0,0,0,12,0,1,70.6,1.0800000000000125,1
2024-01-15 16:00:00,BIN_002,Clifton,Recyclable,24.8138,67.03,74.47,35.5,72.4,0,0,0,16,0,1,71.68,2.789999999999992,1
2024-01-15 20:00:00,BIN_002,Clifton,Recyclable,24.8138,67.03,75.81,29.5,78.0,0,1,0,20,0,1,74.47,1.3400000000000034,1
2024-01-16 00:00:00,BIN_002,Clifton,Recyclable,24.8138,67.03,76.63,38.9,88.8,0,1,0,0,1,1,75.81,0.8199999999999932,1
2024-01-16 04:00:00,BIN_002,Clifton,Recyclable,24.8138,67.03,79.81,30.9,73.3,0,1,0,4,1,1,76.63,3.180000000000007,1
2024-01-16 08:00:00,BIN_002,Clifton,Recyclable,24.8138,67.03,82.65,36.1,77.2,0,1,0,8,1,1,79.81,2.8400000000000034,1
2024-01-16 12:00:00,BIN_002,Clifton,Recyclable,24.8138,67.03,83.11,39.2,68.9,0,1,0,12,1,1,82.65,0.45999999999999375,1
2024-01-16 16:00:00,BIN_002,Clifton,Recyclable,24.8138,67.03,84.67,30.2,79.4,0,1,0,16,1,1,83.11,1.5600000000000023,1
2024-01-16 20:00:00,BIN_002,Clifton,Recyclable,24.8138,67.03,87.4,39.1,66.1,0,1,1,20,1,1,84.67,2.730000000000004,1
2024-01-17 00:00:00,BIN_002,Clifton,Recyclable,24.8138,67.03,9.63,41.8,59.9,0,0,0,0,2,1,87.4,-77.77000000000001,1
2024-01-17 04:00:00,BIN_002,Clifton,Recyclable,24.8138,67.03,11.82,30.8,61.4,0,0,0,4,2,1,9.63,2.1899999999999995,1
2024-01-17 08:00:00,BIN_002,Clifton,Recyclable,24.8138,67.03,13.72,30.1,70.4,0,0,0,8,2,1,11.82,1.9000000000000004,1
2024-01-17 12:00:00,BIN_002,Clifton,Recyclable,24.8138,67.03,16.32,36.6,57.9,0,0,0,12,2,1,13.72,2.5999999999999996,1
2024-01-17 16:00:00,BIN_002,Clifton,Recyclable,24.8138,67.03,18.07,35.1,88.8,0,0,0,16,2,1,16.32,1.75,1
2024-01-17 20:00:00,BIN_002,Clifton,Recyclable,24.8138,67.03,19.89,33.8,89.4,0,0,0,20,2,1,18.07,1.8200000000000003,1
2024-01-18 00:00:00,BIN_002,Clifton,Recyclable,24.8138,67.03,23.07,30.3,85.9,0,0,0,0,3,1,19.89,3.1799999999999997,1
2024-01-18 04:00:00,BIN_002,Clifton,Recyclable,24.8138,67.03,26.68,34.0,60.7,0,0,0,4,3,1,23.07,3.6099999999999994,1
2024-01-18 08:00:00,BIN_002,Clifton,Recyclable,24.8138,67.03,28.19,35.4,80.2,0,0,0,8,3,1,26.68,1.5100000000000016,1
2024-01-18 12:00:00,BIN_002,Clifton,Recyclable,24.8138,67.03,29.25,40.5,57.8,0,0,0,12,3,1,28.19,1.0599999999999987,1
2024-01-18 16:00:00,BIN_002,Clifton,Recyclable,24.8138,67.03,29.5,40.0,83.7,0,0,0,16,3,1,29.25,0.25,1
2024-01-18 20:00:00,BIN_002,Clifton,Recyclable,24.8138,67.03,31.85,35.6,79.9,0,0,0,20,3,1,29.5,2.3500000000000014,1
2024-01-19 00:00:00,BIN_002,Clifton,Recyclable,24.8138,67.03,32.85,39.5,71.1,0,0,0,0,4,1,31.85,1.0,1
2024-01-19 04:00:00,BIN_002,Clifton,Recyclable,24.8138,67.03,31.38,33.0,72.3,0,0,0,4,4,1,32.85,-1.4700000000000024,1
2024-01-19 08:00:00,BIN_002,Clifton,Recyclable,24.8138,67.03,32.09,30.4,79.9,0,0,0,8,4,1,31.38,0.7100000000000044,1
2024-01-19 12:00:00,BIN_002,Clifton,Recyclable,24.8138,67.03,35.04,39.6,58.5,0,0,0,12,4,1,32.09,2.9499999999999957,1
2024-01-19 16:00:00,BIN_002,Clifton,Recyclable,24.8138,67.03,35.65,32.9,70.8,0,0,0,16,4,1,35.04,0.6099999999999994,1
2024-01-19 20:00:00,BIN_002,Clifton,Recyclable,24.8138,67.03,36.49,38.5,77.8,0,0,0,20,4,1,35.65,0.8400000000000034,1
2024-01-20 00:00:00,BIN_002,Clifton,Recyclable,24.8138,67.03,36.11,39.8,71.5,1,0,0,0,5,1,36.49,-0.38000000000000256,1
2024-01-20 04:00:00,BIN_002,Clifton,Recyclable,24.8138,67.03,39.87,41.7,77.2,1,0,0,4,5,1,36.11,3.759999999999998,1
2024-01-20 08:00:00,BIN_002,Clifton,Recyclable,24.8138,67.03,42.33,32.6,79.0,1,0,0,8,5,1,39.87,2.460000000000001,1
2024-01-20 12:00:00,BIN_002,Clifton,Recyclable,24.8138,67.03,43.04,29.0,61.1,1,0,0,12,5,1,42.33,0.7100000000000009,1
2024-01-20 16:00:00,BIN_002,Clifton,Recyclable,24.8138,67.03,44.33,39.7,64.8,1,0,0,16,5,1,43.04,1.2899999999999991,1
2024-01-20 20:00:00,BIN_002,Clifton,Recyclable,24.8138,67.03,47.02,37.0,79.3,1,0,0,20,5,1,44.33,2.690000000000005,1
2024-01-21 00:00:00,BIN_002,Clifton,Recyclable,24.8138,67.03,46.01,31.0,56.2,1,0,0,0,6,1,47.02,-1.0100000000000051,1
2024-01-21 04:00:00,BIN_002,Clifton,Recyclable,24.8138,67.03,48.1,32.3,77.9,1,0,0,4,6,1,46.01,2.0900000000000034,1
2024-01-21 08:00:00,BIN_002,Clifton,Recyclable,24.8138,67.03,51.08,37.3,64.1,1,0,0,8,6,1,48.1,2.979999999999997,1
2024-01-21 12:00:00,BIN_002,Clifton,Recyclable,24.8138,67.03,53.98,40.7,78.5,1,0,0,12,6,1,51.08,2.8999999999999986,1
2024-01-21 16:00:00,BIN_002,Clifton,Recyclable,24.8138,67.03,54.42,34.3,71.1,1,0,0,16,6,1,53.98,0.44000000000000483,1
2024-01-21 20:00:00,BIN_002,Clifton,Recyclable,24.8138,67.03,56.54,40.1,74.1,1,0,0,20,6,1,54.42,2.1199999999999974,1
2024-01-22 00:00:00,BIN_002,Clifton,Recyclable,24.8138,67.03,58.38,29.6,69.8,0,0,0,0,0,1,56.54,1.8400000000000034,1
2024-01-22 04:00:00,BIN_002,Clifton,Recyclable,24.8138,67.03,59.75,28.6,80.9,0,0,0,4,0,1,58.38,1.3699999999999974,1
2024-01-22 08:00:00,BIN_002,Clifton,Recyclable,24.8138,67.03,60.87,40.0,65.2,0,0,0,8,0,1,59.75,1.1199999999999974,1
2024-01-22 12:00:00,BIN_002,Clifton,Recyclable,24.8138,67.03,62.96,40.8,81.4,0,0,0,12,0,1,60.87,2.0900000000000034,1
2024-01-22 16:00:00,BIN_002,Clifton,Recyclable,24.8138,67.03,65.76,31.9,85.5,0,0,0,16,0,1,62.96,2.8000000000000043,1
2024-01-22 20:00:00,BIN_002,Clifton,Recyclable,24.8138,67.03,66.42,29.6,79.6,0,0,0,20,0,1,65.76,0.6599999999999966,1
2024-01-23 00:00:00,BIN_002,Clifton,Recyclable,24.8138,67.03,66.52,31.4,55.4,0,0,0,0,1,1,66.42,0.09999999999999432,1
2024-01-23 04:00:00,BIN_002,Clifton,Recyclable,24.8138,67.03,68.11,34.6,65.5,0,0,0,4,1,1,66.52,1.5900000000000034,1
2024-01-23 08:00:00,BIN_002,Clifton,Recyclable,24.8138,67.03,67.16,32.2,81.0,0,0,0,8,1,1,68.11,-0.9500000000000028,1
2024-01-23 12:00:00,BIN_002,Clifton,Recyclable,24.8138,67.03,69.79,28.7,86.6,0,0,0,12,1,1,67.16,2.6300000000000097,1
2024-01-23 16:00:00,BIN_002,Clifton,Recyclable,24.8138,67.03,71.89,36.3,86.2,0,0,0,16,1,1,69.79,2.0999999999999943,1
2024-01-23 20:00:00,BIN_002,Clifton,Recyclable,24.8138,67.03,74.7,30.6,57.8,0,0,0,20,1,1,71.89,2.8100000000000023,1
2024-01-24 00:00:00,BIN_002,Clifton,Recyclable,24.8138,67.03,77.26,28.5,75.4,0,1,0,0,2,1,74.7,2.5600000000000023,1
2024-01-24 04:00:00,BIN_002,Clifton,Recyclable,24.8138,67.03,77.75,41.9,84.9,0,1,0,4,2,1,77.26,0.4899999999999949,1
2024-01-24 08:00:00,BIN_002,Clifton,Recyclable,24.8138,67.03,78.1,39.6,76.0,0,1,0,8,2,1,77.75,0.3499999999999943,1
2024-01-24 12:00:00,BIN_002,Clifton,Recyclable,24.8138,67.03,79.62,29.6,58.3,0,1,0,12,2,1,78.1,1.5200000000000102,1
2024-01-24 16:00:00,BIN_002,Clifton,Recyclable,24.8138,67.03,81.47,39.6,85.8,0,1,0,16,2,1,79.62,1.8499999999999943,1
2024-01-24 20:00:00,BIN_002,Clifton,Recyclable,24.8138,67.03,83.9,36.0,73.1,0,1,0,20,2,1,81.47,2.430000000000007,1
2024-01-25 00:00:00,BIN_002,Clifton,Recyclable,24.8138,67.03,82.64,34.1,82.1,0,1,0,0,3,1,83.9,-1.2600000000000051,1
2024-01-25 04:00:00,BIN_002,Clifton,Recyclable,24.8138,67.03,83.07,36.4,86.2,0,1,0,4,3,1,82.64,0.4299999999999926,1
2024-01-25 08:00:00,BIN_002,Clifton,Recyclable,24.8138,67.03,87.68,36.8,75.7,0,1,1,8,3,1,83.07,4.610000000000014,1
2024-01-25 12:00:00,BIN_002,Clifton,Recyclable,24.8138,67.03,6.82,31.3,72.9,0,0,0,12,3,1,87.68,-80.86000000000001,1
2024-01-25 16:00:00,BIN_002,Clifton,Recyclable,24.8138,67.03,7.91,34.8,77.8,0,0,0,16,3,1,6.82,1.0899999999999999,1
2024-01-25 20:00:00,BIN_002,Clifton,Recyclable,24.8138,67.03,8.1,41.3,76.0,0,0,0,20,3,1,7.91,0.1899999999999995,1
2024-01-26 00:00:00,BIN_002,Clifton,Recyclable,24.8138,67.03,9.62,36.9,57.5,0,0,0,0,4,1,8.1,1.5199999999999996,1
2024-01-26 04:00:00,BIN_002,Clifton,Recyclable,24.8138,67.03,13.63,31.6,67.7,0,0,0,4,4,1,9.62,4.010000000000002,1
2024-01-26 08:00:00,BIN_002,Clifton,Recyclable,24.8138,67.03,14.17,30.0,64.7,0,0,0,8,4,1,13.63,0.5399999999999991,1
2024-01-26 12:00:00,BIN_002,Clifton,Recyclable,24.8138,67.03,15.57,41.6,66.6,0,0,0,12,4,1,14.17,1.4000000000000004,1
2024-01-26 16:00:00,BIN_002,Clifton,Recyclable,24.8138,67.03,14.92,36.6,64.8,0,0,0,16,4,1,15.57,-0.6500000000000004,1
2024-01-26 20:00:00,BIN_002,Clifton,Recyclable,24.8138,67.03,16.25,30.9,73.1,0,0,0,20,4,1,14.92,1.33,1
2024-01-27 00:00:00,BIN_002,Clifton,Recyclable,24.8138,67.03,17.69,39.2,75.0,1,0,0,0,5,1,16.25,1.4400000000000013,1
2024-01-27 04:00:00,BIN_002,Clifton,Recyclable,24.8138,67.03,18.45,35.2,65.3,1,0,0,4,5,1,17.69,0.759999999999998,1
2024-01-27 08:00:00,BIN_002,Clifton,Recyclable,24.8138,67.03,20.11,29.2,76.6,1,0,0,8,5,1,18.45,1.6600000000000001,1
2024-01-27 12:00:00,BIN_002,Clifton,Recyclable,24.8138,67.03,23.01,29.6,67.1,1,0,0,12,5,1,20.11,2.900000000000002,1
2024-01-27 16:00:00,BIN_002,Clifton,Recyclable,24.8138,67.03,26.53,34.9,79.6,1,0,0,16,5,1,23.01,3.5199999999999996,1
2024-01-27 20:00:00,BIN_002,Clifton,Recyclable,24.8138,67.03,28.45,41.9,59.6,1,0,0,20,5,1,26.53,1.9199999999999982,1
2024-01-28 00:00:00,BIN_002,Clifton,Recyclable,24.8138,67.03,29.29,33.9,69.4,1,0,0,0,6,1,28.45,0.8399999999999999,1
2024-01-28 04:00:00,BIN_002,Clifton,Recyclable,24.8138,67.03,28.91,40.7,80.0,1,0,0,4,6,1,29.29,-0.379999999999999,1
2024-01-28 08:00:00,BIN_002,Clifton,Recyclable,24.8138,67.03,28.44,39.5,88.4,1,0,0,8,6,1,28.91,-0.46999999999999886,1
2024-01-28 12:00:00,BIN_002,Clifton,Recyclable,24.8138,67.03,31.68,39.5,55.1,1,0,0,12,6,1,28.44,3.2399999999999984,1
2024-01-28 16:00:00,BIN_002,Clifton,Recyclable,24.8138,67.03,32.85,31.6,57.1,1,0,0,16,6,1,31.68,1.1700000000000017,1
2024-01-28 20:00:00,BIN_002,Clifton,Recyclable,24.8138,67.03,34.97,36.5,79.0,1,0,0,20,6,1,32.85,2.1199999999999974,1
2024-01-29 00:00:00,BIN_002,Clifton,Recyclable,24.8138,67.03,36.02,34.4,67.9,0,0,0,0,0,1,34.97,1.0500000000000043,1
2024-01-29 04:00:00,BIN_002,Clifton,Recyclable,24.8138,67.03,36.15,29.7,69.7,0,0,0,4,0,1,36.02,0.12999999999999545,1
2024-01-29 08:00:00,BIN_002,Clifton,Recyclable,24.8138,67.03,37.41,29.1,67.4,0,0,0,8,0,1,36.15,1.259999999999998,1
2024-01-29 12:00:00,BIN_002,Clifton,Recyclable,24.8138,67.03,38.98,41.2,78.4,0,0,0,12,0,1,37.41,1.5700000000000003,1
2024-01-29 16:00:00,BIN_002,Clifton,Recyclable,24.8138,67.03,38.8,36.3,55.4,0,0,0,16,0,1,38.98,-0.17999999999999972,1
2024-01-29 20:00:00,BIN_002,Clifton,Recyclable,24.8138,67.03,42.38,36.9,87.0,0,0,0,20,0,1,38.8,3.5800000000000054,1
2024-01-30 00:00:00,BIN_002,Clifton,Recyclable,24.8138,67.03,45.27,38.1,59.2,0,0,0,0,1,1,42.38,2.8900000000000006,1
2024-01-30 04:00:00,BIN_002,Clifton,Recyclable,24.8138,67.03,47.16,40.6,57.3,0,0,0,4,1,1,45.27,1.8899999999999935,1
2024-01-30 08:00:00,BIN_002,Clifton,Recyclable,24.8138,67.03,46.9,28.2,69.8,0,0,0,8,1,1,47.16,-0.259999999999998,1
2024-01-30 12:00:00,BIN_002,Clifton,Recyclable,24.8138,67.03,48.52,32.1,72.0,0,0,0,12,1,1,46.9,1.6200000000000045,1
2024-01-30 16:00:00,BIN_002,Clifton,Recyclable,24.8138,67.03,49.16,29.7,74.6,0,0,0,16,1,1,48.52,0.6399999999999935,1
2024-01-30 20:00:00,BIN_002,Clifton,Recyclable,24.8138,67.03,50.76,32.8,80.5,0,0,0,20,1,1,49.16,1.6000000000000014,1
2024-01-31 00:00:00,BIN_002,Clifton,Recyclable,24.8138,67.03,53.67,37.7,70.0,0,0,0,0,2,1,50.76,2.9100000000000037,1
2024-01-31 04:00:00,BIN_002,Clifton,Recyclable,24.8138,67.03,55.77,37.4,64.6,0,0,0,4,2,1,53.67,2.1000000000000014,1
2024-01-31 08:00:00,BIN_002,Clifton,Recyclable,24.8138,67.03,58.73,34.2,82.9,0,0,0,8,2,1,55.77,2.9599999999999937,1
2024-01-31 12:00:00,BIN_002,Clifton,Recyclable,24.8138,67.03,59.18,39.5,85.0,0,0,0,12,2,1,58.73,0.45000000000000284,1
2024-01-31 16:00:00,BIN_002,Clifton,Recyclable,24.8138,67.03,60.44,32.5,75.4,0,0,0,16,2,1,59.18,1.259999999999998,1
2024-01-31 20:00:00,BIN_002,Clifton,Recyclable,24.8138,67.03,63.12,33.2,76.0,0,0,0,20,2,1,60.44,2.6799999999999997,1
2024-02-01 00:00:00,BIN_002,Clifton,Recyclable,24.8138,67.03,66.12,33.2,60.8,0,0,0,0,3,2,63.12,3.000000000000007,1
2024-02-01 04:00:00,BIN_002,Clifton,Recyclable,24.8138,67.03,69.27,34.0,60.0,0,0,0,4,3,2,66.12,3.1499999999999915,1
2024-02-01 08:00:00,BIN_002,Clifton,Recyclable,24.8138,67.03,70.27,30.2,55.9,0,0,0,8,3,2,69.27,1.0,1
2024-02-01 12:00:00,BIN_002,Clifton,Recyclable,24.8138,67.03,72.9,37.0,77.3,0,0,0,12,3,2,70.27,2.6300000000000097,1
2024-02-01 16:00:00,BIN_002,Clifton,Recyclable,24.8138,67.03,73.51,33.7,65.9,0,0,0,16,3,2,72.9,0.6099999999999994,1
2024-02-01 20:00:00,BIN_002,Clifton,Recyclable,24.8138,67.03,74.66,37.5,76.2,0,0,0,20,3,2,73.51,1.1499999999999915,1
2024-02-02 00:00:00,BIN_002,Clifton,Recyclable,24.8138,67.03,74.27,41.8,70.9,0,0,0,0,4,2,74.66,-0.39000000000000057,1
2024-02-02 04:00:00,BIN_002,Clifton,Recyclable,24.8138,67.03,74.84,37.6,59.9,0,0,0,4,4,2,74.27,0.5700000000000074,1
2024-02-02 08:00:00,BIN_002,Clifton,Recyclable,24.8138,67.03,75.58,35.1,88.7,0,1,0,8,4,2,74.84,0.7399999999999949,1
2024-02-02 12:00:00,BIN_002,Clifton,Recyclable,24.8138,67.03,77.02,33.4,56.4,0,1,0,12,4,2,75.58,1.4399999999999977,1
2024-02-02 16:00:00,BIN_002,Clifton,Recyclable,24.8138,67.03,78.35,30.2,55.8,0,1,0,16,4,2,77.02,1.3299999999999983,1
2024-02-02 20:00:00,BIN_002,Clifton,Recyclable,24.8138,67.03,79.25,38.6,71.0,0,1,0,20,4,2,78.35,0.9000000000000057,1
2024-02-03 00:00:00,BIN_002,Clifton,Recyclable,24.8138,67.03,81.99,29.6,88.5,1,1,0,0,5,2,79.25,2.739999999999995,1
2024-02-03 04:00:00,BIN_002,Clifton,Recyclable,24.8138,67.03,83.44,32.4,86.1,1,1,0,4,5,2,81.99,1.4500000000000028,1
2024-02-03 08:00:00,BIN_002,Clifton,Recyclable,24.8138,67.03,87.1,41.8,65.1,1,1,1,8,5,2,83.44,3.6599999999999966,1
2024-02-03 12:00:00,BIN_002,Clifton,Recyclable,24.8138,67.03,12.06,33.5,68.5,1,0,0,12,5,2,87.1,-75.03999999999999,1
2024-02-03 16:00:00,BIN_002,Clifton,Recyclable,24.8138,67.03,14.75,30.2,74.4,1,0,0,16,5,2,12.06,2.6899999999999995,1
2024-02-03 20:00:00,BIN_002,Clifton,Recyclable,24.8138,67.03,13.59,35.6,81.7,1,0,0,20,5,2,14.75,-1.1600000000000001,1
2024-02-04 00:00:00,BIN_002,Clifton,Recyclable,24.8138,67.03,15.16,32.2,64.1,1,0,0,0,6,2,13.59,1.5700000000000003,1
2024-02-04 04:00:00,BIN_002,Clifton,Recyclable,24.8138,67.03,18.9,30.7,57.0,1,0,0,4,6,2,15.16,3.7399999999999984,1
2024-02-04 08:00:00,BIN_002,Clifton,Recyclable,24.8138,67.03,18.9,41.5,74.5,1,0,0,8,6,2,18.9,0.0,1
2024-02-04 12:00:00,BIN_002,Clifton,Recyclable,24.8138,67.03,19.5,32.9,75.3,1,0,0,12,6,2,18.9,0.6000000000000014,1
2024-02-04 16:00:00,BIN_002,Clifton,Recyclable,24.8138,67.03,21.14,36.8,72.1,1,0,0,16,6,2,19.5,1.6400000000000006,1
2024-02-04 20:00:00,BIN_002,Clifton,Recyclable,24.8138,67.03,21.37,33.6,89.8,1,0,0,20,6,2,21.14,0.23000000000000043,1
2024-02-05 00:00:00,BIN_002,Clifton,Recyclable,24.8138,67.03,23.27,36.0,76.7,0,0,0,0,0,2,21.37,1.8999999999999986,1
2024-02-05 04:00:00,BIN_002,Clifton,Recyclable,24.8138,67.03,26.08,30.8,68.8,0,0,0,4,0,2,23.27,2.8099999999999987,1
2024-02-05 08:00:00,BIN_002,Clifton,Recyclable,24.8138,67.03,27.49,35.6,63.0,0,0,0,8,0,2,26.08,1.4100000000000001,1
2024-02-05 12:00:00,BIN_002,Clifton,Recyclable,24.8138,67.03,28.1,41.5,86.8,0,0,0,12,0,2,27.49,0.610000000000003,1
2024-02-05 16:00:00,BIN_002,Clifton,Recyclable,24.8138,67.03,29.96,40.2,59.6,0,0,0,16,0,2,28.1,1.8599999999999994,1
2024-02-05 20:00:00,BIN_002,Clifton,Recyclable,24.8138,67.03,34.07,39.1,59.4,0,0,0,20,0,2,29.96,4.109999999999999,1
2024-02-06 00:00:00,BIN_002,Clifton,Recyclable,24.8138,67.03,34.53,40.3,88.0,0,0,0,0,1,2,34.07,0.46000000000000085,1
2024-02-06 04:00:00,BIN_002,Clifton,Recyclable,24.8138,67.03,37.3,30.1,71.2,0,0,0,4,1,2,34.53,2.769999999999996,1
2024-02-06 08:00:00,BIN_002,Clifton,Recyclable,24.8138,67.03,38.74,40.1,75.6,0,0,0,8,1,2,37.3,1.4400000000000048,1
2024-02-06 12:00:00,BIN_002,Clifton,Recyclable,24.8138,67.03,40.78,33.3,65.0,0,0,0,12,1,2,38.74,2.039999999999999,1
2024-02-06 16:00:00,BIN_002,Clifton,Recyclable,24.8138,67.03,43.2,33.4,72.9,0,0,0,16,1,2,40.78,2.4200000000000017,1
2024-02-06 20:00:00,BIN_002,Clifton,Recyclable,24.8138,67.03,43.57,34.9,75.2,0,0,0,20,1,2,43.2,0.36999999999999744,1
2024-02-07 00:00:00,BIN_002,Clifton,Recyclable,24.8138,67.03,46.82,38.7,75.1,0,0,0,0,2,2,43.57,3.25,1
2024-02-07 04:00:00,BIN_002,Clifton,Recyclable,24.8138,67.03,47.78,41.4,62.0,0,0,0,4,2,2,46.82,0.9600000000000009,1
2024-02-07 08:00:00,BIN_002,Clifton,Recyclable,24.8138,67.03,50.98,40.5,57.2,0,0,0,8,2,2,47.78,3.1999999999999957,1
2024-02-07 12:00:00,BIN_002,Clifton,Recyclable,24.8138,67.03,52.14,40.4,70.7,0,0,0,12,2,2,50.98,1.1600000000000037,1
2024-02-07 16:00:00,BIN_002,Clifton,Recyclable,24.8138,67.03,57.09,41.0,55.7,0,0,0,16,2,2,52.14,4.950000000000003,1
2024-02-07 20:00:00,BIN_002,Clifton,Recyclable,24.8138,67.03,58.84,34.7,79.1,0,0,0,20,2,2,57.09,1.75,1
2024-02-08 00:00:00,BIN_002,Clifton,Recyclable,24.8138,67.03,61.73,29.9,65.5,0,0,0,0,3,2,58.84,2.8899999999999935,1
2024-02-08 04:00:00,BIN_002,Clifton,Recyclable,24.8138,67.03,64.84,33.0,83.2,0,0,0,4,3,2,61.73,3.1100000000000065,1
2024-02-08 08:00:00,BIN_002,Clifton,Recyclable,24.8138,67.03,64.96,41.4,55.3,0,0,0,8,3,2,64.84,0.11999999999999034,1
2024-02-08 12:00:00,BIN_002,Clifton,Recyclable,24.8138,67.03,65.39,42.0,78.7,0,0,0,12,3,2,64.96,0.4300000000000068,1
2024-02-08 16:00:00,BIN_002,Clifton,Recyclable,24.8138,67.03,66.04,28.2,80.8,0,0,0,16,3,2,65.39,0.6500000000000057,1
2024-02-08 20:00:00,BIN_002,Clifton,Recyclable,24.8138,67.03,68.79,39.7,80.9,0,0,0,20,3,2,66.04,2.75,1
2024-02-09 00:00:00,BIN_002,Clifton,Recyclable,24.8138,67.03,70.88,38.8,78.0,0,0,0,0,4,2,68.79,2.089999999999989,1
2024-02-09 04:00:00,BIN_002,Clifton,Recyclable,24.8138,67.03,71.45,38.7,84.6,0,0,0,4,4,2,70.88,0.5700000000000074,1
2024-02-09 08:00:00,BIN_002,Clifton,Recyclable,24.8138,67.03,71.76,34.8,57.7,0,0,0,8,4,2,71.45,0.3100000000000023,1
2024-02-09 12:00:00,BIN_002,Clifton,Recyclable,24.8138,67.03,73.53,33.7,69.2,0,0,0,12,4,2,71.76,1.769999999999996,1
2024-02-09 16:00:00,BIN_002,Clifton,Recyclable,24.8138,67.03,74.71,29.6,83.3,0,0,0,16,4,2,73.53,1.1799999999999926,1
2024-02-09 20:00:00,BIN_002,Clifton,Recyclable,24.8138,67.03,75.34,41.3,57.5,0,1,0,20,4,2,74.71,0.6300000000000097,1
2024-02-10 00:00:00,BIN_002,Clifton,Recyclable,24.8138,67.03,77.28,32.2,57.7,1,1,0,0,5,2,75.34,1.9399999999999977,1
2024-02-10 04:00:00,BIN_002,Clifton,Recyclable,24.8138,67.03,80.09,35.0,82.8,1,1,0,4,5,2,77.28,2.8100000000000023,1
2024-02-10 08:00:00,BIN_002,Clifton,Recyclable,24.8138,67.03,81.72,29.0,69.1,1,1,0,8,5,2,80.09,1.6299999999999955,1
2024-02-10 12:00:00,BIN_002,Clifton,Recyclable,24.8138,67.03,83.74,32.1,63.1,1,1,0,12,5,2,81.72,2.019999999999996,1
2024-02-10 16:00:00,BIN_002,Clifton,Recyclable,24.8138,67.03,86.95,41.0,69.2,1,1,1,16,5,2,83.74,3.210000000000008,1
2024-02-10 20:00:00,BIN_002,Clifton,Recyclable,24.8138,67.03,10.01,32.5,71.7,1,0,0,20,5,2,86.95,-76.94,1
2024-02-11 00:00:00,BIN_002,Clifton,Recyclable,24.8138,67.03,12.86,41.7,76.1,1,0,0,0,6,2,10.01,2.8499999999999996,1
2024-02-11 04:00:00,BIN_002,Clifton,Recyclable,24.8138,67.03,12.9,33.0,77.7,1,0,0,4,6,2,12.86,0.040000000000000924,1
2024-02-11 08:00:00,BIN_002,Clifton,Recyclable,24.8138,67.03,10.27,36.2,76.9,1,0,0,8,6,2,12.9,-2.630000000000001,1
2024-02-11 12:00:00,BIN_002,Clifton,Recyclable,24.8138,67.03,12.44,29.0,78.9,1,0,0,12,6,2,10.27,2.17,1
2024-02-11 16:00:00,BIN_002,Clifton,Recyclable,24.8138,67.03,15.55,39.5,83.1,1,0,0,16,6,2,12.44,3.110000000000001,1
2024-02-11 20:00:00,BIN_002,Clifton,Recyclable,24.8138,67.03,15.98,35.7,73.2,1,0,0,20,6,2,15.55,0.4299999999999997,1
2024-02-12 00:00:00,BIN_002,Clifton,Recyclable,24.8138,67.03,18.03,31.8,72.4,0,0,0,0,0,2,15.98,2.0500000000000007,1
2024-02-12 04:00:00,BIN_002,Clifton,Recyclable,24.8138,67.03,18.73,32.0,59.7,0,0,0,4,0,2,18.03,0.6999999999999993,1
2024-02-12 08:00:00,BIN_002,Clifton,Recyclable,24.8138,67.03,19.4,38.5,66.1,0,0,0,8,0,2,18.73,0.6699999999999982,1
2024-02-12 12:00:00,BIN_002,Clifton,Recyclable,24.8138,67.03,21.09,28.0,72.9,0,0,0,12,0,2,19.4,1.6900000000000013,1
2024-02-12 16:00:00,BIN_002,Clifton,Recyclable,24.8138,67.03,22.05,39.8,55.1,0,0,0,16,0,2,21.09,0.9600000000000009,1
2024-02-12 20:00:00,BIN_002,Clifton,Recyclable,24.8138,67.03,23.75,31.5,80.9,0,0,0,20,0,2,22.05,1.6999999999999993,1
2024-02-13 00:00:00,BIN_002,Clifton,Recyclable,24.8138,67.03,24.22,33.0,64.5,0,0,0,0,1,2,23.75,0.46999999999999886,1
2024-02-13 04:00:00,BIN_002,Clifton,Recyclable,24.8138,67.03,25.22,39.8,66.0,0,0,0,4,1,2,24.22,1.0,1
2024-02-13 08:00:00,BIN_002,Clifton,Recyclable,24.8138,67.03,27.07,34.1,86.8,0,0,0,8,1,2,25.22,1.8500000000000014,1
2024-02-13 12:00:00,BIN_002,Clifton,Recyclable,24.8138,67.03,28.82,33.3,88.7,0,0,0,12,1,2,27.07,1.75,1
2024-02-13 16:00:00,BIN_002,Clifton,Recyclable,24.8138,67.03,30.68,34.9,68.6,0,0,0,16,1,2,28.82,1.8599999999999994,1
2024-02-13 20:00:00,BIN_002,Clifton,Recyclable,24.8138,67.03,31.26,36.9,79.6,0,0,0,20,1,2,30.68,0.5800000000000018,1
2024-02-14 00:00:00,BIN_002,Clifton,Recyclable,24.8138,67.03,34.17,41.5,81.6,0,0,0,0,2,2,31.26,2.91,1
2024-02-14 04:00:00,BIN_002,Clifton,Recyclable,24.8138,67.03,37.48,41.3,79.6,0,0,0,4,2,2,34.17,3.309999999999995,1
2024-02-14 08:00:00,BIN_002,Clifton,Recyclable,24.8138,67.03,38.02,38.9,77.5,0,0,0,8,2,2,37.48,0.5400000000000063,1
2024-02-14 12:00:00,BIN_002,Clifton,Recyclable,24.8138,67.03,39.0,28.7,67.6,0,0,0,12,2,2,38.02,0.9799999999999969,1
2024-02-14 16:00:00,BIN_002,Clifton,Recyclable,24.8138,67.03,40.46,34.1,71.0,0,0,0,16,2,2,39.0,1.4600000000000009,1
2024-02-14 20:00:00,BIN_002,Clifton,Recyclable,24.8138,67.03,42.82,30.9,67.9,0,0,0,20,2,2,40.46,2.3599999999999994,1
2024-02-15 00:00:00,BIN_002,Clifton,Recyclable,24.8138,67.03,43.52,38.7,69.6,0,0,0,0,3,2,42.82,0.7000000000000028,1
2024-02-15 04:00:00,BIN_002,Clifton,Recyclable,24.8138,67.03,44.76,39.5,84.8,0,0,0,4,3,2,43.52,1.2399999999999949,1
2024-02-15 08:00:00,BIN_002,Clifton,Recyclable,24.8138,67.03,47.15,34.6,85.8,0,0,0,8,3,2,44.76,2.3900000000000006,1
2024-02-15 12:00:00,BIN_002,Clifton,Recyclable,24.8138,67.03,46.9,31.0,78.7,0,0,0,12,3,2,47.15,-0.25,1
2024-02-15 16:00:00,BIN_002,Clifton,Recyclable,24.8138,67.03,46.03,29.9,77.8,0,0,0,16,3,2,46.9,-0.8699999999999974,1
2024-02-15 20:00:00,BIN_002,Clifton,Recyclable,24.8138,67.03,48.71,38.3,66.0,0,0,0,20,3,2,46.03,2.6799999999999997,1
2024-02-16 00:00:00,BIN_002,Clifton,Recyclable,24.8138,67.03,48.39,38.0,62.0,0,0,0,0,4,2,48.71,-0.3200000000000003,1
2024-02-16 04:00:00,BIN_002,Clifton,Recyclable,24.8138,67.03,52.31,40.5,65.1,0,0,0,4,4,2,48.39,3.9200000000000017,1
2024-02-16 08:00:00,BIN_002,Clifton,Recyclable,24.8138,67.03,52.95,29.6,73.1,0,0,0,8,4,2,52.31,0.6400000000000006,1
2024-02-16 12:00:00,BIN_002,Clifton,Recyclable,24.8138,67.03,54.17,31.7,84.2,0,0,0,12,4,2,52.95,1.2199999999999989,1
2024-02-16 16:00:00,BIN_002,Clifton,Recyclable,24.8138,67.03,55.28,34.9,69.2,0,0,0,16,4,2,54.17,1.1099999999999994,1
2024-02-16 20:00:00,BIN_002,Clifton,Recyclable,24.8138,67.03,55.25,35.4,75.8,0,0,0,20,4,2,55.28,-0.030000000000001137,1
2024-02-17 00:00:00,BIN_002,Clifton,Recyclable,24.8138,67.03,57.12,41.5,73.2,1,0,0,0,5,2,55.25,1.8699999999999974,1
2024-02-17 04:00:00,BIN_002,Clifton,Recyclable,24.8138,67.03,58.62,37.5,65.9,1,0,0,4,5,2,57.12,1.5,1
2024-02-17 08:00:00,BIN_002,Clifton,Recyclable,24.8138,67.03,61.59,35.3,89.2,1,0,0,8,5,2,58.62,2.970000000000006,1
2024-02-17 12:00:00,BIN_002,Clifton,Recyclable,24.8138,67.03,64.57,29.8,55.6,1,0,0,12,5,2,61.59,2.9799999999999898,1
2024-02-17 16:00:00,BIN_002,Clifton,Recyclable,24.8138,67.03,67.47,29.7,64.3,1,0,0,16,5,2,64.57,2.9000000000000057,1
2024-02-17 20:00:00,BIN_002,Clifton,Recyclable,24.8138,67.03,70.26,28.2,65.3,1,0,0,20,5,2,67.47,2.7900000000000063,1
2024-02-18 00:00:00,BIN_002,Clifton,Recyclable,24.8138,67.03,72.31,32.9,68.0,1,0,0,0,6,2,70.26,2.049999999999997,1
2024-02-18 04:00:00,BIN_002,Clifton,Recyclable,24.8138,67.03,76.53,28.0,65.5,1,1,0,4,6,2,72.31,4.219999999999999,1
2024-02-18 08:00:00,BIN_002,Clifton,Recyclable,24.8138,67.03,78.67,39.9,55.8,1,1,0,8,6,2,76.53,2.1400000000000006,1
2024-02-18 12:00:00,BIN_002,Clifton,Recyclable,24.8138,67.03,80.64,40.6,82.4,1,1,0,12,6,2,78.67,1.9699999999999989,1
2024-02-18 16:00:00,BIN_002,Clifton,Recyclable,24.8138,67.03,82.2,33.6,65.6,1,1,0,16,6,2,80.64,1.5600000000000023,1
2024-02-18 20:00:00,BIN_002,Clifton,Recyclable,24.8138,67.03,86.34,28.9,63.0,1,1,1,20,6,2,82.2,4.140000000000001,1
2024-02-19 00:00:00,BIN_002,Clifton,Recyclable,24.8138,67.03,6.43,34.6,57.0,0,0,0,0,0,2,86.34,-79.91,1
2024-02-19 04:00:00,BIN_002,Clifton,Recyclable,24.8138,67.03,7.73,41.4,88.0,0,0,0,4,0,2,6.43,1.3000000000000007,1
2024-02-19 08:00:00,BIN_002,Clifton,Recyclable,24.8138,67.03,9.99,29.1,67.8,0,0,0,8,0,2,7.73,2.26,1
2024-02-19 12:00:00,BIN_002,Clifton,Recyclable,24.8138,67.03,11.53,31.2,61.9,0,0,0,12,0,2,9.99,1.5399999999999991,1
2024-02-19 16:00:00,BIN_002,Clifton,Recyclable,24.8138,67.03,13.5,38.9,75.2,0,0,0,16,0,2,11.53,1.9700000000000006,1
2024-02-19 20:00:00,BIN_002,Clifton,Recyclable,24.8138,67.03,13.47,30.1,83.4,0,0,0,20,0,2,13.5,-0.02999999999999936,1
2024-02-20 00:00:00,BIN_002,Clifton,Recyclable,24.8138,67.03,12.98,37.4,64.1,0,0,0,0,1,2,13.47,-0.4900000000000002,1
2024-02-20 04:00:00,BIN_002,Clifton,Recyclable,24.8138,67.03,16.8,32.8,87.1,0,0,0,4,1,2,12.98,3.8200000000000003,1
2024-02-20 08:00:00,BIN_002,Clifton,Recyclable,24.8138,67.03,17.87,40.5,79.8,0,0,0,8,1,2,16.8,1.0700000000000003,1
2024-02-20 12:00:00,BIN_002,Clifton,Recyclable,24.8138,67.03,16.57,28.9,60.2,0,0,0,12,1,2,17.87,-1.3000000000000007,1
2024-02-20 16:00:00,BIN_002,Clifton,Recyclable,24.8138,67.03,16.4,41.4,73.5,0,0,0,16,1,2,16.57,-0.1700000000000017,1
2024-02-20 20:00:00,BIN_002,Clifton,Recyclable,24.8138,67.03,17.62,31.4,72.5,0,0,0,20,1,2,16.4,1.2200000000000024,1
2024-02-21 00:00:00,BIN_002,Clifton,Recyclable,24.8138,67.03,18.29,31.8,83.2,0,0,0,0,2,2,17.62,0.6699999999999982,1
2024-02-21 04:00:00,BIN_002,Clifton,Recyclable,24.8138,67.03,20.08,34.4,74.1,0,0,0,4,2,2,18.29,1.7899999999999991,1
2024-02-21 08:00:00,BIN_002,Clifton,Recyclable,24.8138,67.03,20.7,30.3,70.6,0,0,0,8,2,2,20.08,0.620000000000001,1
2024-02-21 12:00:00,BIN_002,Clifton,Recyclable,24.8138,67.03,22.03,30.9,56.7,0,0,0,12,2,2,20.7,1.3300000000000018,1
2024-02-21 16:00:00,BIN_002,Clifton,Recyclable,24.8138,67.03,24.16,31.4,88.6,0,0,0,16,2,2,22.03,2.129999999999999,1
2024-02-21 20:00:00,BIN_002,Clifton,Recyclable,24.8138,67.03,26.18,30.8,88.3,0,0,0,20,2,2,24.16,2.0199999999999996,1
2024-02-22 00:00:00,BIN_002,Clifton,Recyclable,24.8138,67.03,27.71,31.6,70.3,0,0,0,0,3,2,26.18,1.5300000000000011,1
2024-02-22 04:00:00,BIN_002,Clifton,Recyclable,24.8138,67.03,29.67,36.3,57.6,0,0,0,4,3,2,27.71,1.9600000000000009,1
2024-02-22 08:00:00,BIN_002,Clifton,Recyclable,24.8138,67.03,31.37,30.7,82.7,0,0,0,8,3,2,29.67,1.6999999999999993,1
2024-02-22 12:00:00,BIN_002,Clifton,Recyclable,24.8138,67.03,32.89,40.7,88.0,0,0,0,12,3,2,31.37,1.5199999999999996,1
2024-02-22 16:00:00,BIN_002,Clifton,Recyclable,24.8138,67.03,34.39,41.7,81.5,0,0,0,16,3,2,32.89,1.5,1
2024-02-22 20:00:00,BIN_002,Clifton,Recyclable,24.8138,67.03,36.71,30.3,71.7,0,0,0,20,3,2,34.39,2.3200000000000003,1
2024-02-23 00:00:00,BIN_002,Clifton,Recyclable,24.8138,67.03,36.72,37.0,78.3,0,0,0,0,4,2,36.71,0.00999999999999801,1
2024-02-23 04:00:00,BIN_002,Clifton,Recyclable,24.8138,67.03,39.43,30.3,74.8,0,0,0,4,4,2,36.72,2.710000000000001,1
2024-02-23 08:00:00,BIN_002,Clifton,Recyclable,24.8138,67.03,40.88,28.2,55.3,0,0,0,8,4,2,39.43,1.4500000000000028,1
2024-02-23 12:00:00,BIN_002,Clifton,Recyclable,24.8138,67.03,44.68,33.0,87.4,0,0,0,12,4,2,40.88,3.799999999999997,1
2024-02-23 16:00:00,BIN_002,Clifton,Recyclable,24.8138,67.03,47.08,31.1,66.3,0,0,0,16,4,2,44.68,2.3999999999999986,1
2024-02-23 20:00:00,BIN_002,Clifton,Recyclable,24.8138,67.03,46.64,39.9,80.5,0,0,0,20,4,2,47.08,-0.4399999999999977,1
2024-02-24 00:00:00,BIN_002,Clifton,Recyclable,24.8138,67.03,48.3,28.4,71.8,1,0,0,0,5,2,46.64,1.6599999999999966,1
2024-02-24 04:00:00,BIN_002,Clifton,Recyclable,24.8138,67.03,48.89,37.3,59.1,1,0,0,4,5,2,48.3,0.5900000000000034,1
2024-02-24 08:00:00,BIN_002,Clifton,Recyclable,24.8138,67.03,49.65,40.9,89.8,1,0,0,8,5,2,48.89,0.759999999999998,1
2024-02-24 12:00:00,BIN_002,Clifton,Recyclable,24.8138,67.03,49.2,28.6,81.6,1,0,0,12,5,2,49.65,-0.44999999999999574,1
2024-02-24 16:00:00,BIN_002,Clifton,Recyclable,24.8138,67.03,49.08,38.6,87.1,1,0,0,16,5,2,49.2,-0.12000000000000455,1
2024-02-24 20:00:00,BIN_002,Clifton,Recyclable,24.8138,67.03,48.57,41.3,75.2,1,0,0,20,5,2,49.08,-0.509999999999998,1
2024-02-25 00:00:00,BIN_002,Clifton,Recyclable,24.8138,67.03,52.25,31.5,74.7,1,0,0,0,6,2,48.57,3.6799999999999997,1
2024-02-25 04:00:00,BIN_002,Clifton,Recyclable,24.8138,67.03,53.26,33.0,78.0,1,0,0,4,6,2,52.25,1.009999999999998,1
2024-02-25 08:00:00,BIN_002,Clifton,Recyclable,24.8138,67.03,54.09,40.9,58.6,1,0,0,8,6,2,53.26,0.8300000000000054,1
2024-02-25 12:00:00,BIN_002,Clifton,Recyclable,24.8138,67.03,55.09,35.1,62.7,1,0,0,12,6,2,54.09,1.0,1
2024-02-25 16:00:00,BIN_002,Clifton,Recyclable,24.8138,67.03,57.31,32.0,88.3,1,0,0,16,6,2,55.09,2.219999999999999,1
2024-02-25 20:00:00,BIN_002,Clifton,Recyclable,24.8138,67.03,58.92,36.1,70.3,1,0,0,20,6,2,57.31,1.6099999999999994,1
2024-02-26 00:00:00,BIN_002,Clifton,Recyclable,24.8138,67.03,61.2,38.6,64.9,0,0,0,0,0,2,58.92,2.280000000000001,1
2024-02-26 04:00:00,BIN_002,Clifton,Recyclable,24.8138,67.03,66.61,32.9,86.3,0,0,0,4,0,2,61.2,5.409999999999997,1
2024-02-26 08:00:00,BIN_002,Clifton,Recyclable,24.8138,67.03,70.19,34.7,72.4,0,0,0,8,0,2,66.61,3.5799999999999983,1
2024-02-26 12:00:00,BIN_002,Clifton,Recyclable,24.8138,67.03,71.04,30.9,75.7,0,0,0,12,0,2,70.19,0.8500000000000085,1
2024-02-26 16:00:00,BIN_002,Clifton,Recyclable,24.8138,67.03,71.67,40.0,62.2,0,0,0,16,0,2,71.04,0.6299999999999955,1
2024-02-26 20:00:00,BIN_002,Clifton,Recyclable,24.8138,67.03,71.59,29.0,57.4,0,0,0,20,0,2,71.67,-0.0799999999999983,1
2024-02-27 00:00:00,BIN_002,Clifton,Recyclable,24.8138,67.03,73.07,33.7,83.4,0,0,0,0,1,2,71.59,1.4799999999999898,1
2024-02-27 04:00:00,BIN_002,Clifton,Recyclable,24.8138,67.03,75.59,39.7,66.6,0,1,0,4,1,2,73.07,2.5200000000000102,1
2024-02-27 08:00:00,BIN_002,Clifton,Recyclable,24.8138,67.03,78.61,37.2,60.3,0,1,0,8,1,2,75.59,3.019999999999996,1
2024-02-27 12:00:00,BIN_002,Clifton,Recyclable,24.8138,67.03,81.18,40.3,73.9,0,1,0,12,1,2,78.61,2.5700000000000074,1
2024-02-27 16:00:00,BIN_002,Clifton,Recyclable,24.8138,67.03,81.78,28.5,59.5,0,1,0,16,1,2,81.18,0.5999999999999943,1
2024-02-27 20:00:00,BIN_002,Clifton,Recyclable,24.8138,67.03,80.74,38.7,55.0,0,1,0,20,1,2,81.78,-1.0400000000000063,1
2024-02-28 00:00:00,BIN_002,Clifton,Recyclable,24.8138,67.03,83.23,28.8,89.1,0,1,0,0,2,2,80.74,2.490000000000009,1
2024-02-28 04:00:00,BIN_002,Clifton,Recyclable,24.8138,67.03,80.85,31.2,65.6,0,1,0,4,2,2,83.23,-2.3800000000000097,1
2024-02-28 08:00:00,BIN_002,Clifton,Recyclable,24.8138,67.03,80.77,28.0,80.5,0,1,0,8,2,2,80.85,-0.0799999999999983,1
2024-02-28 12:00:00,BIN_002,Clifton,Recyclable,24.8138,67.03,81.1,41.5,62.9,0,1,0,12,2,2,80.77,0.3299999999999983,1
2024-02-28 16:00:00,BIN_002,Clifton,Recyclable,24.8138,67.03,84.39,39.9,69.8,0,1,0,16,2,2,81.1,3.2900000000000063,1
2024-02-28 20:00:00,BIN_002,Clifton,Recyclable,24.8138,67.03,87.08,32.2,66.4,0,1,1,20,2,2,84.39,2.6899999999999977,1
2024-02-29 00:00:00,BIN_002,Clifton,Recyclable,24.8138,67.03,7.89,33.2,86.6,0,0,0,0,3,2,87.08,-79.19,1
2024-02-29 04:00:00,BIN_002,Clifton,Recyclable,24.8138,67.03,10.04,39.3,89.5,0,0,0,4,3,2,7.89,2.1499999999999995,1
2024-02-29 08:00:00,BIN_002,Clifton,Recyclable,24.8138,67.03,10.6,36.3,78.1,0,0,0,8,3,2,10.04,0.5600000000000005,1
2024-02-29 12:00:00,BIN_002,Clifton,Recyclable,24.8138,67.03,14.2,29.1,74.1,0,0,0,12,3,2,10.6,3.5999999999999996,1
2024-02-29 16:00:00,BIN_002,Clifton,Recyclable,24.8138,67.03,14.41,38.9,75.4,0,0,0,16,3,2,14.2,0.21000000000000085,1
2024-02-29 20:00:00,BIN_002,Clifton,Recyclable,24.8138,67.03,16.65,41.3,56.5,0,0,0,20,3,2,14.41,2.2399999999999984,1
2024-03-01 00:00:00,BIN_002,Clifton,Recyclable,24.8138,67.03,19.09,32.2,80.0,0,0,0,0,4,3,16.65,2.4400000000000013,1
2024-03-01 04:00:00,BIN_002,Clifton,Recyclable,24.8138,67.03,18.29,38.6,58.6,0,0,0,4,4,3,19.09,-0.8000000000000007,1
2024-03-01 08:00:00,BIN_002,Clifton,Recyclable,24.8138,67.03,22.74,33.2,87.7,0,0,0,8,4,3,18.29,4.449999999999999,1
2024-03-01 12:00:00,BIN_002,Clifton,Recyclable,24.8138,67.03,28.87,39.6,79.4,0,0,0,12,4,3,22.74,6.130000000000003,1
2024-03-01 16:00:00,BIN_002,Clifton,Recyclable,24.8138,67.03,29.84,40.9,79.3,0,0,0,16,4,3,28.87,0.9699999999999989,1
2024-03-01 20:00:00,BIN_002,Clifton,Recyclable,24.8138,67.03,34.0,38.2,85.2,0,0,0,20,4,3,29.84,4.16,1
2024-03-02 00:00:00,BIN_002,Clifton,Recyclable,24.8138,67.03,37.15,30.7,67.1,1,0,0,0,5,3,34.0,3.1499999999999986,1
2024-03-02 04:00:00,BIN_002,Clifton,Recyclable,24.8138,67.03,38.12,32.7,89.2,1,0,0,4,5,3,37.15,0.9699999999999989,1
2024-03-02 08:00:00,BIN_002,Clifton,Recyclable,24.8138,67.03,40.68,38.2,74.7,1,0,0,8,5,3,38.12,2.5600000000000023,1
2024-03-02 12:00:00,BIN_002,Clifton,Recyclable,24.8138,67.03,43.74,41.3,72.4,1,0,0,12,5,3,40.68,3.0600000000000023,1
2024-03-02 16:00:00,BIN_002,Clifton,Recyclable,24.8138,67.03,44.0,39.0,80.7,1,0,0,16,5,3,43.74,0.259999999999998,1
2024-03-02 20:00:00,BIN_002,Clifton,Recyclable,24.8138,67.03,45.32,33.4,55.9,1,0,0,20,5,3,44.0,1.3200000000000003,1
2024-03-03 00:00:00,BIN_002,Clifton,Recyclable,24.8138,67.03,44.94,37.9,83.6,1,0,0,0,6,3,45.32,-0.38000000000000256,1
2024-03-03 04:00:00,BIN_002,Clifton,Recyclable,24.8138,67.03,46.3,35.7,88.8,1,0,0,4,6,3,44.94,1.3599999999999994,1
2024-03-03 08:00:00,BIN_002,Clifton,Recyclable,24.8138,67.03,48.21,38.1,85.2,1,0,0,8,6,3,46.3,1.9100000000000037,1
2024-03-03 12:00:00,BIN_002,Clifton,Recyclable,24.8138,67.03,49.11,30.5,83.0,1,0,0,12,6,3,48.21,0.8999999999999986,1
2024-03-03 16:00:00,BIN_002,Clifton,Recyclable,24.8138,67.03,47.78,29.8,85.3,1,0,0,16,6,3,49.11,-1.3299999999999983,1
2024-03-03 20:00:00,BIN_002,Clifton,Recyclable,24.8138,67.03,51.32,30.2,65.8,1,0,0,20,6,3,47.78,3.539999999999999,1
2024-03-04 00:00:00,BIN_002,Clifton,Recyclable,24.8138,67.03,53.82,37.4,82.9,0,0,0,0,0,3,51.32,2.5,1
2024-03-04 04:00:00,BIN_002,Clifton,Recyclable,24.8138,67.03,54.69,31.5,76.9,0,0,0,4,0,3,53.82,0.8699999999999974,1
2024-03-04 08:00:00,BIN_002,Clifton,Recyclable,24.8138,67.03,57.97,40.7,55.4,0,0,0,8,0,3,54.69,3.280000000000001,1
2024-03-04 12:00:00,BIN_002,Clifton,Recyclable,24.8138,67.03,59.82,37.4,56.8,0,0,0,12,0,3,57.97,1.8500000000000014,1
2024-03-04 16:00:00,BIN_002,Clifton,Recyclable,24.8138,67.03,58.61,32.3,67.4,0,0,0,16,0,3,59.82,-1.2100000000000009,1
2024-03-04 20:00:00,BIN_002,Clifton,Recyclable,24.8138,67.03,60.69,36.7,66.7,0,0,0,20,0,3,58.61,2.0799999999999983,1
2024-03-05 00:00:00,BIN_002,Clifton,Recyclable,24.8138,67.03,61.2,29.0,82.4,0,0,0,0,1,3,60.69,0.5100000000000051,1
2024-03-05 04:00:00,BIN_002,Clifton,Recyclable,24.8138,67.03,64.96,32.0,70.1,0,0,0,4,1,3,61.2,3.759999999999991,1
2024-03-05 08:00:00,BIN_002,Clifton,Recyclable,24.8138,67.03,64.74,28.8,68.1,0,0,0,8,1,3,64.96,-0.21999999999999886,1
2024-03-05 12:00:00,BIN_002,Clifton,Recyclable,24.8138,67.03,68.06,41.2,77.5,0,0,0,12,1,3,64.74,3.3200000000000074,1
2024-03-05 16:00:00,BIN_002,Clifton,Recyclable,24.8138,67.03,71.19,30.8,69.6,0,0,0,16,1,3,68.06,3.1299999999999955,1
2024-03-05 20:00:00,BIN_002,Clifton,Recyclable,24.8138,67.03,74.82,38.5,58.5,0,0,0,20,1,3,71.19,3.6299999999999955,1
2024-03-06 00:00:00,BIN_002,Clifton,Recyclable,24.8138,67.03,74.84,34.0,89.3,0,0,0,0,2,3,74.82,0.020000000000010232,1
2024-03-06 04:00:00,BIN_002,Clifton,Recyclable,24.8138,67.03,74.86,28.9,73.2,0,0,0,4,2,3,74.84,0.01999999999999602,1
2024-03-06 08:00:00,BIN_002,Clifton,Recyclable,24.8138,67.03,75.97,38.3,79.7,0,1,0,8,2,3,74.86,1.1099999999999994,1
2024-03-06 12:00:00,BIN_002,Clifton,Recyclable,24.8138,67.03,76.05,33.9,67.1,0,1,0,12,2,3,75.97,0.0799999999999983,1
2024-03-06 16:00:00,BIN_002,Clifton,Recyclable,24.8138,67.03,75.26,30.9,71.9,0,1,0,16,2,3,76.05,-0.789999999999992,1
2024-03-06 20:00:00,BIN_002,Clifton,Recyclable,24.8138,67.03,75.74,31.8,65.1,0,1,0,20,2,3,75.26,0.47999999999998977,1
2024-03-07 00:00:00,BIN_002,Clifton,Recyclable,24.8138,67.03,77.51,36.5,57.7,0,1,0,0,3,3,75.74,1.7700000000000102,1
2024-03-07 04:00:00,BIN_002,Clifton,Recyclable,24.8138,67.03,79.08,29.1,88.3,0,1,0,4,3,3,77.51,1.5699999999999932,1
2024-03-07 08:00:00,BIN_002,Clifton,Recyclable,24.8138,67.03,79.72,36.4,76.8,0,1,0,8,3,3,79.08,0.6400000000000006,1
2024-03-07 12:00:00,BIN_002,Clifton,Recyclable,24.8138,67.03,80.77,37.1,64.4,0,1,0,12,3,3,79.72,1.0499999999999972,1
2024-03-07 16:00:00,BIN_002,Clifton,Recyclable,24.8138,67.03,83.44,37.9,76.4,0,1,0,16,3,3,80.77,2.6700000000000017,1
2024-03-07 20:00:00,BIN_002,Clifton,Recyclable,24.8138,67.03,83.18,32.4,64.5,0,1,0,20,3,3,83.44,-0.2599999999999909,1
2024-03-08 00:00:00,BIN_002,Clifton,Recyclable,24.8138,67.03,86.16,41.3,58.7,0,1,1,0,4,3,83.18,2.9799999999999898,1
2024-03-08 04:00:00,BIN_002,Clifton,Recyclable,24.8138,67.03,3.41,41.2,80.8,0,0,0,4,4,3,86.16,-82.75,1
2024-03-08 08:00:00,BIN_002,Clifton,Recyclable,24.8138,67.03,4.55,36.2,79.5,0,0,0,8,4,3,3.41,1.1399999999999997,1
2024-03-08 12:00:00,BIN_002,Clifton,Recyclable,24.8138,67.03,6.43,37.5,69.3,0,0,0,12,4,3,4.55,1.88,1
2024-03-08 16:00:00,BIN_002,Clifton,Recyclable,24.8138,67.03,7.95,31.5,70.8,0,0,0,16,4,3,6.43,1.5200000000000005,1
2024-03-08 20:00:00,BIN_002,Clifton,Recyclable,24.8138,67.03,9.02,41.4,69.0,0,0,0,20,4,3,7.95,1.0699999999999994,1
2024-03-09 00:00:00,BIN_002,Clifton,Recyclable,24.8138,67.03,10.34,37.4,89.2,1,0,0,0,5,3,9.02,1.3200000000000003,1
2024-03-09 04:00:00,BIN_002,Clifton,Recyclable,24.8138,67.03,12.87,29.4,55.3,1,0,0,4,5,3,10.34,2.5299999999999994,1
2024-03-09 08:00:00,BIN_002,Clifton,Recyclable,24.8138,67.03,13.47,38.5,87.0,1,0,0,8,5,3,12.87,0.6000000000000014,1
2024-03-09 12:00:00,BIN_002,Clifton,Recyclable,24.8138,67.03,15.16,34.1,64.1,1,0,0,12,5,3,13.47,1.6899999999999995,1
2024-03-09 16:00:00,BIN_002,Clifton,Recyclable,24.8138,67.03,19.57,28.1,75.6,1,0,0,16,5,3,15.16,4.41,1
2024-03-09 20:00:00,BIN_002,Clifton,Recyclable,24.8138,67.03,20.73,36.6,77.3,1,0,0,20,5,3,19.57,1.1600000000000001,1
2024-03-10 00:00:00,BIN_002,Clifton,Recyclable,24.8138,67.03,23.83,29.3,62.0,1,0,0,0,6,3,20.73,3.099999999999998,1
2024-03-10 04:00:00,BIN_002,Clifton,Recyclable,24.8138,67.03,24.27,40.3,80.9,1,0,0,4,6,3,23.83,0.4400000000000013,1
2024-03-10 08:00:00,BIN_002,Clifton,Recyclable,24.8138,67.03,25.12,31.5,57.2,1,0,0,8,6,3,24.27,0.8500000000000014,1
2024-03-10 12:00:00,BIN_002,Clifton,Recyclable,24.8138,67.03,25.71,34.4,80.6,1,0,0,12,6,3,25.12,0.5899999999999999,1
2024-03-10 16:00:00,BIN_002,Clifton,Recyclable,24.8138,67.03,30.03,29.1,88.3,1,0,0,16,6,3,25.71,4.32,1
2024-03-10 20:00:00,BIN_002,Clifton,Recyclable,24.8138,67.03,33.42,39.7,83.2,1,0,0,20,6,3,30.03,3.3900000000000006,1
2024-03-11 00:00:00,BIN_002,Clifton,Recyclable,24.8138,67.03,32.78,36.6,81.0,0,0,0,0,0,3,33.42,-0.6400000000000006,1
2024-03-11 04:00:00,BIN_002,Clifton,Recyclable,24.8138,67.03,34.55,38.3,73.3,0,0,0,4,0,3,32.78,1.769999999999996,1
2024-03-11 08:00:00,BIN_002,Clifton,Recyclable,24.8138,67.03,35.73,40.9,75.5,0,0,0,8,0,3,34.55,1.1799999999999997,1
2024-03-11 12:00:00,BIN_002,Clifton,Recyclable,24.8138,67.03,36.26,35.5,64.4,0,0,0,12,0,3,35.73,0.5300000000000011,1
2024-03-11 16:00:00,BIN_002,Clifton,Recyclable,24.8138,67.03,38.93,37.3,82.6,0,0,0,16,0,3,36.26,2.6700000000000017,1
2024-03-11 20:00:00,BIN_002,Clifton,Recyclable,24.8138,67.03,39.99,34.4,77.1,0,0,0,20,0,3,38.93,1.0600000000000023,1
2024-03-12 00:00:00,BIN_002,Clifton,Recyclable,24.8138,67.03,42.69,34.0,70.5,0,0,0,0,1,3,39.99,2.6999999999999957,1
2024-03-12 04:00:00,BIN_002,Clifton,Recyclable,24.8138,67.03,42.63,37.1,87.8,0,0,0,4,1,3,42.69,-0.05999999999999517,1
2024-03-12 08:00:00,BIN_002,Clifton,Recyclable,24.8138,67.03,43.37,28.3,65.5,0,0,0,8,1,3,42.63,0.7399999999999949,1
2024-03-12 12:00:00,BIN_002,Clifton,Recyclable,24.8138,67.03,42.17,35.0,57.0,0,0,0,12,1,3,43.37,-1.1999999999999957,1
2024-03-12 16:00:00,BIN_002,Clifton,Recyclable,24.8138,67.03,44.82,29.5,81.8,0,0,0,16,1,3,42.17,2.6499999999999986,1
2024-03-12 20:00:00,BIN_002,Clifton,Recyclable,24.8138,67.03,46.25,33.7,77.9,0,0,0,20,1,3,44.82,1.4299999999999997,1
2024-03-13 00:00:00,BIN_002,Clifton,Recyclable,24.8138,67.03,46.66,30.2,57.5,0,0,0,0,2,3,46.25,0.4099999999999966,1
2024-03-13 04:00:00,BIN_002,Clifton,Recyclable,24.8138,67.03,47.38,30.6,78.2,0,0,0,4,2,3,46.66,0.720000000000006,1
2024-03-13 08:00:00,BIN_002,Clifton,Recyclable,24.8138,67.03,49.04,37.6,58.9,0,0,0,8,2,3,47.38,1.6599999999999966,1
2024-03-13 12:00:00,BIN_002,Clifton,Recyclable,24.8138,67.03,50.75,32.0,65.8,0,0,0,12,2,3,49.04,1.7100000000000009,1
2024-03-13 16:00:00,BIN_002,Clifton,Recyclable,24.8138,67.03,52.36,35.5,67.5,0,0,0,16,2,3,50.75,1.6099999999999994,1
2024-03-13 20:00:00,BIN_002,Clifton,Recyclable,24.8138,67.03,51.33,33.0,84.0,0,0,0,20,2,3,52.36,-1.0300000000000011,1
2024-03-14 00:00:00,BIN_002,Clifton,Recyclable,24.8138,67.03,51.78,40.8,88.3,0,0,0,0,3,3,51.33,0.45000000000000284,1
2024-03-14 04:00:00,BIN_002,Clifton,Recyclable,24.8138,67.03,54.75,32.6,67.4,0,0,0,4,3,3,51.78,2.969999999999999,1
2024-03-14 08:00:00,BIN_002,Clifton,Recyclable,24.8138,67.03,57.27,40.3,58.6,0,0,0,8,3,3,54.75,2.520000000000003,1
2024-03-14 12:00:00,BIN_002,Clifton,Recyclable,24.8138,67.03,58.74,33.5,74.4,0,0,0,12,3,3,57.27,1.4699999999999989,1
2024-03-14 16:00:00,BIN_002,Clifton,Recyclable,24.8138,67.03,58.1,40.0,78.7,0,0,0,16,3,3,58.74,-0.6400000000000006,1
2024-03-14 20:00:00,BIN_002,Clifton,Recyclable,24.8138,67.03,59.58,39.7,85.1,0,0,0,20,3,3,58.1,1.4799999999999969,1
2024-03-15 00:00:00,BIN_002,Clifton,Recyclable,24.8138,67.03,60.46,36.5,60.6,0,0,0,0,4,3,59.58,0.8800000000000026,1
2024-03-15 04:00:00,BIN_002,Clifton,Recyclable,24.8138,67.03,64.3,37.4,61.3,0,0,0,4,4,3,60.46,3.8399999999999963,1
2024-03-15 08:00:00,BIN_002,Clifton,Recyclable,24.8138,67.03,64.2,29.6,60.8,0,0,0,8,4,3,64.3,-0.09999999999999432,1
2024-03-15 12:00:00,BIN_002,Clifton,Recyclable,24.8138,67.03,66.78,28.0,80.2,0,0,0,12,4,3,64.2,2.5799999999999983,1
2024-03-15 16:00:00,BIN_002,Clifton,Recyclable,24.8138,67.03,68.41,30.3,57.9,0,0,0,16,4,3,66.78,1.6299999999999955,1
2024-03-15 20:00:00,BIN_002,Clifton,Recyclable,24.8138,67.03,72.48,28.3,60.8,0,0,0,20,4,3,68.41,4.070000000000007,1
2024-03-16 00:00:00,BIN_002,Clifton,Recyclable,24.8138,67.03,73.96,33.0,58.7,1,0,0,0,5,3,72.48,1.4799999999999898,1
2024-03-16 04:00:00,BIN_002,Clifton,Recyclable,24.8138,67.03,76.49,31.1,73.2,1,1,0,4,5,3,73.96,2.530000000000001,1
2024-03-16 08:00:00,BIN_002,Clifton,Recyclable,24.8138,67.03,76.26,28.8,68.7,1,1,0,8,5,3,76.49,-0.22999999999998977,1
2024-03-16 12:00:00,BIN_002,Clifton,Recyclable,24.8138,67.03,79.06,31.3,62.7,1,1,0,12,5,3,76.26,2.799999999999997,1
2024-03-16 16:00:00,BIN_002,Clifton,Recyclable,24.8138,67.03,81.12,35.8,69.6,1,1,0,16,5,3,79.06,2.0600000000000023,1
2024-03-16 20:00:00,BIN_002,Clifton,Recyclable,24.8138,67.03,83.69,34.0,73.9,1,1,0,20,5,3,81.12,2.569999999999993,1
2024-03-17 00:00:00,BIN_002,Clifton,Recyclable,24.8138,67.03,87.21,30.4,72.5,1,1,1,0,6,3,83.69,3.519999999999996,1
2024-03-17 04:00:00,BIN_002,Clifton,Recyclable,24.8138,67.03,7.6,40.2,77.1,1,0,0,4,6,3,87.21,-79.61,1
2024-03-17 08:00:00,BIN_002,Clifton,Recyclable,24.8138,67.03,7.97,36.5,59.1,1,0,0,8,6,3,7.6,0.3700000000000001,1
2024-03-17 12:00:00,BIN_002,Clifton,Recyclable,24.8138,67.03,10.0,32.7,60.0,1,0,0,12,6,3,7.97,2.0300000000000002,1
2024-03-17 16:00:00,BIN_002,Clifton,Recyclable,24.8138,67.03,10.4,33.5,86.3,1,0,0,16,6,3,10.0,0.40000000000000036,1
2024-03-17 20:00:00,BIN_002,Clifton,Recyclable,24.8138,67.03,13.28,30.9,72.8,1,0,0,20,6,3,10.4,2.879999999999999,1
2024-03-18 00:00:00,BIN_002,Clifton,Recyclable,24.8138,67.03,14.29,39.1,57.4,0,0,0,0,0,3,13.28,1.0099999999999998,1
2024-03-18 04:00:00,BIN_002,Clifton,Recyclable,24.8138,67.03,15.67,34.6,74.6,0,0,0,4,0,3,14.29,1.3800000000000008,1
2024-03-18 08:00:00,BIN_002,Clifton,Recyclable,24.8138,67.03,19.32,31.5,55.3,0,0,0,8,0,3,15.67,3.6500000000000004,1
2024-03-18 12:00:00,BIN_002,Clifton,Recyclable,24.8138,67.03,22.28,38.1,73.7,0,0,0,12,0,3,19.32,2.960000000000001,1
2024-03-18 16:00:00,BIN_002,Clifton,Recyclable,24.8138,67.03,24.3,39.8,72.0,0,0,0,16,0,3,22.28,2.0199999999999996,1
2024-03-18 20:00:00,BIN_002,Clifton,Recyclable,24.8138,67.03,26.34,32.7,82.7,0,0,0,20,0,3,24.3,2.039999999999999,1
2024-03-19 00:00:00,BIN_002,Clifton,Recyclable,24.8138,67.03,25.82,40.0,85.9,0,0,0,0,1,3,26.34,-0.5199999999999996,1
2024-03-19 04:00:00,BIN_002,Clifton,Recyclable,24.8138,67.03,26.97,34.5,57.6,0,0,0,4,1,3,25.82,1.1499999999999986,1
2024-03-19 08:00:00,BIN_002,Clifton,Recyclable,24.8138,67.03,30.29,40.6,62.1,0,0,0,8,1,3,26.97,3.3200000000000003,1
2024-03-19 12:00:00,BIN_002,Clifton,Recyclable,24.8138,67.03,31.06,28.9,85.7,0,0,0,12,1,3,30.29,0.7699999999999996,1
2024-03-19 16:00:00,BIN_002,Clifton,Recyclable,24.8138,67.03,33.79,41.6,57.3,0,0,0,16,1,3,31.06,2.7300000000000004,1
2024-03-19 20:00:00,BIN_002,Clifton,Recyclable,24.8138,67.03,31.88,37.1,57.6,0,0,0,20,1,3,33.79,-1.9100000000000001,1
2024-03-20 00:00:00,BIN_002,Clifton,Recyclable,24.8138,67.03,35.14,34.1,89.9,0,0,0,0,2,3,31.88,3.2600000000000016,1
2024-03-20 04:00:00,BIN_002,Clifton,Recyclable,24.8138,67.03,35.86,35.8,66.2,0,0,0,4,2,3,35.14,0.7199999999999989,1
2024-03-20 08:00:00,BIN_002,Clifton,Recyclable,24.8138,67.03,36.37,33.2,57.4,0,0,0,8,2,3,35.86,0.509999999999998,1
2024-03-20 12:00:00,BIN_002,Clifton,Recyclable,24.8138,67.03,36.04,33.2,71.2,0,0,0,12,2,3,36.37,-0.3299999999999983,1
2024-03-20 16:00:00,BIN_002,Clifton,Recyclable,24.8138,67.03,38.85,37.9,55.3,0,0,0,16,2,3,36.04,2.8100000000000023,1
2024-03-20 20:00:00,BIN_002,Clifton,Recyclable,24.8138,67.03,42.22,31.0,78.2,0,0,0,20,2,3,38.85,3.3699999999999974,1
2024-03-21 00:00:00,BIN_002,Clifton,Recyclable,24.8138,67.03,43.37,39.3,82.0,0,0,0,0,3,3,42.22,1.1499999999999986,1
2024-03-21 04:00:00,BIN_002,Clifton,Recyclable,24.8138,67.03,44.82,35.7,57.3,0,0,0,4,3,3,43.37,1.4500000000000028,1
2024-03-21 08:00:00,BIN_002,Clifton,Recyclable,24.8138,67.03,46.97,38.9,81.3,0,0,0,8,3,3,44.82,2.1499999999999986,1
2024-03-21 12:00:00,BIN_002,Clifton,Recyclable,24.8138,67.03,50.61,39.2,73.1,0,0,0,12,3,3,46.97,3.6400000000000006,1
2024-03-21 16:00:00,BIN_002,Clifton,Recyclable,24.8138,67.03,52.68,36.7,81.0,0,0,0,16,3,3,50.61,2.0700000000000003,1
2024-03-21 20:00:00,BIN_002,Clifton,Recyclable,24.8138,67.03,52.85,30.4,61.8,0,0,0,20,3,3,52.68,0.1700000000000017,1
2024-03-22 00:00:00,BIN_002,Clifton,Recyclable,24.8138,67.03,54.76,40.7,81.6,0,0,0,0,4,3,52.85,1.9099999999999966,1
2024-03-22 04:00:00,BIN_002,Clifton,Recyclable,24.8138,67.03,56.91,36.4,77.9,0,0,0,4,4,3,54.76,2.1499999999999986,1
2024-03-22 08:00:00,BIN_002,Clifton,Recyclable,24.8138,67.03,58.65,36.9,60.5,0,0,0,8,4,3,56.91,1.740000000000002,1
2024-03-22 12:00:00,BIN_002,Clifton,Recyclable,24.8138,67.03,61.52,34.6,80.1,0,0,0,12,4,3,58.65,2.8700000000000045,1
2024-03-22 16:00:00,BIN_002,Clifton,Recyclable,24.8138,67.03,61.71,32.4,63.5,0,0,0,16,4,3,61.52,0.18999999999999773,1
2024-03-22 20:00:00,BIN_002,Clifton,Recyclable,24.8138,67.03,62.19,31.0,69.9,0,0,0,20,4,3,61.71,0.4799999999999969,1
2024-03-23 00:00:00,BIN_002,Clifton,Recyclable,24.8138,67.03,64.11,30.6,57.7,1,0,0,0,5,3,62.19,1.9200000000000017,1
2024-03-23 04:00:00,BIN_002,Clifton,Recyclable,24.8138,67.03,67.36,37.7,68.4,1,0,0,4,5,3,64.11,3.25,1
2024-03-23 08:00:00,BIN_002,Clifton,Recyclable,24.8138,67.03,70.03,39.1,64.5,1,0,0,8,5,3,67.36,2.6700000000000017,1
2024-03-23 12:00:00,BIN_002,Clifton,Recyclable,24.8138,67.03,73.47,37.7,64.2,1,0,0,12,5,3,70.03,3.4399999999999977,1
2024-03-23 16:00:00,BIN_002,Clifton,Recyclable,24.8138,67.03,75.62,32.5,64.4,1,1,0,16,5,3,73.47,2.1500000000000057,1
2024-03-23 20:00:00,BIN_002,Clifton,Recyclable,24.8138,67.03,78.35,30.7,79.3,1,1,0,20,5,3,75.62,2.7299999999999898,1
2024-03-24 00:00:00,BIN_002,Clifton,Recyclable,24.8138,67.03,80.94,31.7,78.2,1,1,0,0,6,3,78.35,2.5900000000000034,1
2024-03-24 04:00:00,BIN_002,Clifton,Recyclable,24.8138,67.03,80.79,39.4,82.2,1,1,0,4,6,3,80.94,-0.14999999999999147,1
2024-03-24 08:00:00,BIN_002,Clifton,Recyclable,24.8138,67.03,81.64,29.2,79.5,1,1,0,8,6,3,80.79,0.8499999999999943,1
2024-03-24 12:00:00,BIN_002,Clifton,Recyclable,24.8138,67.03,84.41,33.2,70.1,1,1,0,12,6,3,81.64,2.769999999999996,1
2024-03-24 16:00:00,BIN_002,Clifton,Recyclable,24.8138,67.03,86.83,28.5,78.3,1,1,1,16,6,3,84.41,2.4200000000000017,1
2024-03-24 20:00:00,BIN_002,Clifton,Recyclable,24.8138,67.03,2.78,40.6,86.1,1,0,0,20,6,3,86.83,-84.05,1
2024-03-25 00:00:00,BIN_002,Clifton,Recyclable,24.8138,67.03,5.24,41.9,83.9,0,0,0,0,0,3,2.78,2.4600000000000004,1
2024-03-25 04:00:00,BIN_002,Clifton,Recyclable,24.8138,67.03,6.27,39.8,63.7,0,0,0,4,0,3,5.24,1.0299999999999994,1
2024-03-25 08:00:00,BIN_002,Clifton,Recyclable,24.8138,67.03,6.66,29.3,90.0,0,0,0,8,0,3,6.27,0.39000000000000057,1
2024-03-25 12:00:00,BIN_002,Clifton,Recyclable,24.8138,67.03,8.31,32.6,81.2,0,0,0,12,0,3,6.66,1.6500000000000004,1
2024-03-25 16:00:00,BIN_002,Clifton,Recyclable,24.8138,67.03,10.32,42.0,63.5,0,0,0,16,0,3,8.31,2.01,1
2024-03-25 20:00:00,BIN_002,Clifton,Recyclable,24.8138,67.03,12.25,28.6,69.4,0,0,0,20,0,3,10.32,1.9299999999999997,1
2024-03-26 00:00:00,BIN_002,Clifton,Recyclable,24.8138,67.03,15.54,35.9,65.9,0,0,0,0,1,3,12.25,3.289999999999999,1
2024-03-26 04:00:00,BIN_002,Clifton,Recyclable,24.8138,67.03,16.1,37.2,63.1,0,0,0,4,1,3,15.54,0.5600000000000023,1
2024-03-26 08:00:00,BIN_002,Clifton,Recyclable,24.8138,67.03,19.56,28.5,84.3,0,0,0,8,1,3,16.1,3.4599999999999973,1
2024-03-26 12:00:00,BIN_002,Clifton,Recyclable,24.8138,67.03,21.96,36.7,74.7,0,0,0,12,1,3,19.56,2.400000000000002,1
2024-03-26 16:00:00,BIN_002,Clifton,Recyclable,24.8138,67.03,24.87,36.2,75.3,0,0,0,16,1,3,21.96,2.91,1
2024-03-26 20:00:00,BIN_002,Clifton,Recyclable,24.8138,67.03,26.83,41.9,81.5,0,0,0,20,1,3,24.87,1.9599999999999973,1
2024-03-27 00:00:00,BIN_002,Clifton,Recyclable,24.8138,67.03,30.94,33.4,63.0,0,0,0,0,2,3,26.83,4.110000000000003,1
2024-03-27 04:00:00,BIN_002,Clifton,Recyclable,24.8138,67.03,31.66,36.4,87.5,0,0,0,4,2,3,30.94,0.7199999999999989,1
2024-03-27 08:00:00,BIN_002,Clifton,Recyclable,24.8138,67.03,32.81,35.4,62.4,0,0,0,8,2,3,31.66,1.1500000000000021,1
2024-03-27 12:00:00,BIN_002,Clifton,Recyclable,24.8138,67.03,35.11,41.9,89.3,0,0,0,12,2,3,32.81,2.299999999999997,1
2024-03-27 16:00:00,BIN_002,Clifton,Recyclable,24.8138,67.03,38.25,38.0,75.8,0,0,0,16,2,3,35.11,3.1400000000000006,1
2024-03-27 20:00:00,BIN_002,Clifton,Recyclable,24.8138,67.03,40.53,28.7,70.9,0,0,0,20,2,3,38.25,2.280000000000001,1
2024-03-28 00:00:00,BIN_002,Clifton,Recyclable,24.8138,67.03,43.77,33.2,88.0,0,0,0,0,3,3,40.53,3.240000000000002,1
2024-03-28 04:00:00,BIN_002,Clifton,Recyclable,24.8138,67.03,46.99,30.3,72.5,0,0,0,4,3,3,43.77,3.219999999999999,1
2024-03-28 08:00:00,BIN_002,Clifton,Recyclable,24.8138,67.03,50.12,37.1,64.6,0,0,0,8,3,3,46.99,3.1299999999999955,1
2024-03-28 12:00:00,BIN_002,Clifton,Recyclable,24.8138,67.03,53.19,30.2,77.3,0,0,0,12,3,3,50.12,3.0700000000000003,1
2024-03-28 16:00:00,BIN_002,Clifton,Recyclable,24.8138,67.03,52.84,37.9,70.9,0,0,0,16,3,3,53.19,-0.3499999999999943,1
2024-03-28 20:00:00,BIN_002,Clifton,Recyclable,24.8138,67.03,54.86,37.3,84.3,0,0,0,20,3,3,52.84,2.019999999999996,1
2024-03-29 00:00:00,BIN_002,Clifton,Recyclable,24.8138,67.03,57.1,37.8,84.3,0,0,0,0,4,3,54.86,2.240000000000002,1
2024-03-29 04:00:00,BIN_002,Clifton,Recyclable,24.8138,67.03,60.56,39.2,88.6,0,0,0,4,4,3,57.1,3.460000000000001,1
2024-03-29 08:00:00,BIN_002,Clifton,Recyclable,24.8138,67.03,60.55,33.6,60.4,0,0,0,8,4,3,60.56,-0.010000000000005116,1
2024-03-29 12:00:00,BIN_002,Clifton,Recyclable,24.8138,67.03,66.6,36.0,64.7,0,0,0,12,4,3,60.55,6.049999999999997,1
2024-03-29 16:00:00,BIN_002,Clifton,Recyclable,24.8138,67.03,68.28,36.3,67.4,0,0,0,16,4,3,66.6,1.6800000000000068,1
2024-03-29 20:00:00,BIN_002,Clifton,Recyclable,24.8138,67.03,70.89,28.7,56.1,0,0,0,20,4,3,68.28,2.6099999999999994,1
2024-03-30 00:00:00,BIN_002,Clifton,Recyclable,24.8138,67.03,71.58,36.5,85.8,1,0,0,0,5,3,70.89,0.6899999999999977,1
2024-03-30 04:00:00,BIN_002,Clifton,Recyclable,24.8138,67.03,73.25,40.4,78.1,1,0,0,4,5,3,71.58,1.6700000000000017,1
2024-03-30 08:00:00,BIN_002,Clifton,Recyclable,24.8138,67.03,75.79,40.4,61.9,1,1,0,8,5,3,73.25,2.5400000000000063,1
2024-03-30 12:00:00,BIN_002,Clifton,Recyclable,24.8138,67.03,77.17,38.3,65.0,1,1,0,12,5,3,75.79,1.3799999999999955,1
2024-03-30 16:00:00,BIN_002,Clifton,Recyclable,24.8138,67.03,79.5,34.5,84.7,1,1,0,16,5,3,77.17,2.3299999999999983,1
2024-03-30 20:00:00,BIN_002,Clifton,Recyclable,24.8138,67.03,81.51,28.9,66.7,1,1,0,20,5,3,79.5,2.010000000000005,1
2024-01-01 04:00:00,BIN_003,Gulshan,General,24.9215,67.0977,3.45,31.2,71.4,0,0,0,4,0,1,2.8,0.6500000000000004,0
2024-01-01 08:00:00,BIN_003,Gulshan,General,24.9215,67.0977,4.49,30.3,60.2,0,0,0,8,0,1,3.45,1.04,0
2024-01-01 12:00:00,BIN_003,Gulshan,General,24.9215,67.0977,5.83,41.6,81.6,0,0,0,12,0,1,4.49,1.3399999999999999,0
2024-01-01 16:00:00,BIN_003,Gulshan,General,24.9215,67.0977,7.51,31.9,82.9,0,0,0,16,0,1,5.83,1.6799999999999997,0
2024-01-01 20:00:00,BIN_003,Gulshan,General,24.9215,67.0977,10.0,32.6,65.5,0,0,0,20,0,1,7.51,2.49,0
2024-01-02 00:00:00,BIN_003,Gulshan,General,24.9215,67.0977,11.04,31.6,67.4,0,0,0,0,1,1,10.0,1.0399999999999991,0
2024-01-02 04:00:00,BIN_003,Gulshan,General,24.9215,67.0977,12.28,37.4,57.2,0,0,0,4,1,1,11.04,1.2400000000000002,0
2024-01-02 08:00:00,BIN_003,Gulshan,General,24.9215,67.0977,14.94,30.1,67.0,0,0,0,8,1,1,12.28,2.66,0
2024-01-02 12:00:00,BIN_003,Gulshan,General,24.9215,67.0977,15.87,40.1,60.4,0,0,0,12,1,1,14.94,0.9299999999999997,0
2024-01-02 16:00:00,BIN_003,Gulshan,General,24.9215,67.0977,17.6,32.2,74.7,0,0,0,16,1,1,15.87,1.7300000000000022,0
2024-01-02 20:00:00,BIN_003,Gulshan,General,24.9215,67.0977,18.1,39.3,59.8,0,0,0,20,1,1,17.6,0.5,0
2024-01-03 00:00:00,BIN_003,Gulshan,General,24.9215,67.0977,20.14,30.0,76.8,0,0,0,0,2,1,18.1,2.039999999999999,0
2024-01-03 04:00:00,BIN_003,Gulshan,General,24.9215,67.0977,25.95,31.8,72.1,0,0,0,4,2,1,20.14,5.809999999999999,0
2024-01-03 08:00:00,BIN_003,Gulshan,General,24.9215,67.0977,27.6,32.3,83.8,0,0,0,8,2,1,25.95,1.6500000000000021,0
2024-01-03 12:00:00,BIN_003,Gulshan,General,24.9215,67.0977,28.12,28.8,69.7,0,0,0,12,2,1,27.6,0.5199999999999996,0
2024-01-03 16:00:00,BIN_003,Gulshan,General,24.9215,67.0977,32.5,36.0,78.4,0,0,0,16,2,1,28.12,4.379999999999999,0
2024-01-03 20:00:00,BIN_003,Gulshan,General,24.9215,67.0977,33.79,38.9,85.2,0,0,0,20,2,1,32.5,1.2899999999999991,0
2024-01-04 00:00:00,BIN_003,Gulshan,General,24.9215,67.0977,36.15,39.8,89.6,0,0,0,0,3,1,33.79,2.3599999999999994,0
2024-01-04 04:00:00,BIN_003,Gulshan,General,24.9215,67.0977,35.03,40.5,68.0,0,0,0,4,3,1,36.15,-1.1199999999999974,0
2024-01-04 08:00:00,BIN_003,Gulshan,General,24.9215,67.0977,36.73,38.4,72.2,0,0,0,8,3,1,35.03,1.6999999999999957,0
2024-01-04 12:00:00,BIN_003,Gulshan,General,24.9215,67.0977,36.39,34.8,84.3,0,0,0,12,3,1,36.73,-0.3399999999999963,0
2024-01-04 16:00:00,BIN_003,Gulshan,General,24.9215,67.0977,39.59,33.7,66.5,0,0,0,16,3,1,36.39,3.200000000000003,0
2024-01-04 20:00:00,BIN_003,Gulshan,General,24.9215,67.0977,40.81,34.4,81.7,0,0,0,20,3,1,39.59,1.2199999999999989,0
2024-01-05 00:00:00,BIN_003,Gulshan,General,24.9215,67.0977,42.21,41.3,61.1,0,0,0,0,4,1,40.81,1.3999999999999986,0
2024-01-05 04:00:00,BIN_003,Gulshan,General,24.9215,67.0977,43.53,35.9,75.3,0,0,0,4,4,1,42.21,1.3200000000000003,0
2024-01-05 08:00:00,BIN_003,Gulshan,General,24.9215,67.0977,48.63,31.2,74.3,0,0,0,8,4,1,43.53,5.100000000000001,0
2024-01-05 12:00:00,BIN_003,Gulshan,General,24.9215,67.0977,50.16,33.2,78.2,0,0,0,12,4,1,48.63,1.529999999999994,0
2024-01-05 16:00:00,BIN_003,Gulshan,General,24.9215,67.0977,52.26,30.6,64.8,0,0,0,16,4,1,50.16,2.1000000000000014,0
2024-01-05 20:00:00,BIN_003,Gulshan,General,24.9215,67.0977,52.38,31.1,61.4,0,0,0,20,4,1,52.26,0.12000000000000455,0
2024-01-06 00:00:00,BIN_003,Gulshan,General,24.9215,67.0977,53.86,41.0,88.9,1,0,0,0,5,1,52.38,1.4799999999999969,0
2024-01-06 04:00:00,BIN_003,Gulshan,General,24.9215,67.0977,57.41,36.0,60.0,1,0,0,4,5,1,53.86,3.549999999999997,0
2024-01-06 08:00:00,BIN_003,Gulshan,General,24.9215,67.0977,61.54,33.1,58.0,1,0,0,8,5,1,57.41,4.130000000000003,0
2024-01-06 12:00:00,BIN_003,Gulshan,General,24.9215,67.0977,63.07,35.8,84.6,1,0,0,12,5,1,61.54,1.5300000000000011,0
2024-01-06 16:00:00,BIN_003,Gulshan,General,24.9215,67.0977,64.58,37.4,62.7,1,0,0,16,5,1,63.07,1.509999999999998,0
2024-01-06 20:00:00,BIN_003,Gulshan,General,24.9215,67.0977,67.6,31.1,85.6,1,0,0,20,5,1,64.58,3.019999999999996,0
2024-01-07 00:00:00,BIN_003,Gulshan,General,24.9215,67.0977,68.65,28.0,85.5,1,0,0,0,6,1,67.6,1.0500000000000114,0
2024-01-07 04:00:00,BIN_003,Gulshan,General,24.9215,67.0977,69.62,39.1,77.0,1,0,0,4,6,1,68.65,0.9699999999999989,0
2024-01-07 08:00:00,BIN_003,Gulshan,General,24.9215,67.0977,70.96,34.4,67.3,1,0,0,8,6,1,69.62,1.3399999999999892,0
2024-01-07 12:00:00,BIN_003,Gulshan,General,24.9215,67.0977,73.95,29.3,72.0,1,0,0,12,6,1,70.96,2.990000000000009,0
2024-01-07 16:00:00,BIN_003,Gulshan,General,24.9215,67.0977,74.85,31.3,86.8,1,0,0,16,6,1,73.95,0.8999999999999915,0
2024-01-07 20:00:00,BIN_003,Gulshan,General,24.9215,67.0977,76.15,34.6,71.3,1,1,0,20,6,1,74.85,1.3000000000000114,0
2024-01-08 00:00:00,BIN_003,Gulshan,General,24.9215,67.0977,77.01,34.8,70.0,0,1,0,0,0,1,76.15,0.8599999999999994,0
2024-01-08 04:00:00,BIN_003,Gulshan,General,24.9215,67.0977,79.47,36.4,90.0,0,1,0,4,0,1,77.01,2.4599999999999937,0
2024-01-08 08:00:00,BIN_003,Gulshan,General,24.9215,67.0977,80.45,39.6,61.0,0,1,0,8,0,1,79.47,0.980000000000004,0
2024-01-08 12:00:00,BIN_003,Gulshan,General,24.9215,67.0977,84.3,28.4,62.2,0,1,0,12,0,1,80.45,3.8499999999999943,0
2024-01-08 16:00:00,BIN_003,Gulshan,General,24.9215,67.0977,86.28,36.6,86.9,0,1,1,16,0,1,84.3,1.980000000000004,0
2024-01-08 20:00:00,BIN_003,Gulshan,General,24.9215,67.0977,3.67,35.0,56.8,0,0,0,20,0,1,86.28,-82.61,0
2024-01-09 00:00:00,BIN_003,Gulshan,General,24.9215,67.0977,5.53,34.1,84.4,0,0,0,0,1,1,3.67,1.8600000000000003,0
2024-01-09 04:00:00,BIN_003,Gulshan,General,24.9215,67.0977,6.53,30.2,55.9,0,0,0,4,1,1,5.53,1.0,0
2024-01-09 08:00:00,BIN_003,Gulshan,General,24.9215,67.0977,5.97,28.7,80.4,0,0,0,8,1,1,6.53,-0.5600000000000005,0
2024-01-09 12:00:00,BIN_003,Gulshan,General,24.9215,67.0977,7.29,29.6,76.3,0,0,0,12,1,1,5.97,1.3200000000000003,0
2024-01-09 16:00:00,BIN_003,Gulshan,General,24.9215,67.0977,7.84,33.3,83.1,0,0,0,16,1,1,7.29,0.5499999999999998,0
2024-01-09 20:00:00,BIN_003,Gulshan,General,24.9215,67.0977,8.79,33.5,81.3,0,0,0,20,1,1,7.84,0.9499999999999993,0
2024-01-10 00:00:00,BIN_003,Gulshan,General,24.9215,67.0977,11.05,31.3,78.7,0,0,0,0,2,1,8.79,2.2600000000000016,0
2024-01-10 04:00:00,BIN_003,Gulshan,General,24.9215,67.0977,12.15,35.9,87.5,0,0,0,4,2,1,11.05,1.0999999999999996,0
2024-01-10 08:00:00,BIN_003,Gulshan,General,24.9215,67.0977,12.96,28.3,83.9,0,0,0,8,2,1,12.15,0.8100000000000005,0
2024-01-10 12:00:00,BIN_003,Gulshan,General,24.9215,67.0977,14.48,35.3,82.1,0,0,0,12,2,1,12.96,1.5199999999999996,0
2024-01-10 16:00:00,BIN_003,Gulshan,General,24.9215,67.0977,15.19,28.4,88.7,0,0,0,16,2,1,14.48,0.7099999999999991,0
2024-01-10 20:00:00,BIN_003,Gulshan,General,24.9215,67.0977,15.16,37.4,87.7,0,0,0,20,2,1,15.19,-0.02999999999999936,0
2024-01-11 00:00:00,BIN_003,Gulshan,General,24.9215,67.0977,17.97,37.5,66.1,0,0,0,0,3,1,15.16,2.8099999999999987,0
2024-01-11 04:00:00,BIN_003,Gulshan,General,24.9215,67.0977,17.55,39.9,88.2,0,0,0,4,3,1,17.97,-0.41999999999999815,0
2024-01-11 08:00:00,BIN_003,Gulshan,General,24.9215,67.0977,19.81,31.9,64.9,0,0,0,8,3,1,17.55,2.259999999999998,0
2024-01-11 12:00:00,BIN_003,Gulshan,General,24.9215,67.0977,22.38,41.5,55.4,0,0,0,12,3,1,19.81,2.5700000000000003,0
2024-01-11 16:00:00,BIN_003,Gulshan,General,24.9215,67.0977,25.64,36.7,89.7,0,0,0,16,3,1,22.38,3.2600000000000016,0
2024-01-11 20:00:00,BIN_003,Gulshan,General,24.9215,67.0977,28.97,32.4,66.9,0,0,0,20,3,1,25.64,3.3299999999999983,0
2024-01-12 00:00:00,BIN_003,Gulshan,General,24.9215,67.0977,30.58,31.7,67.0,0,0,0,0,4,1,28.97,1.6099999999999994,0
2024-01-12 04:00:00,BIN_003,Gulshan,General,24.9215,67.0977,31.15,39.7,87.7,0,0,0,4,4,1,30.58,0.5700000000000003,0
2024-01-12 08:00:00,BIN_003,Gulshan,General,24.9215,67.0977,32.22,41.0,57.2,0,0,0,8,4,1,31.15,1.0700000000000003,0
2024-01-12 12:00:00,BIN_003,Gulshan,General,24.9215,67.0977,32.25,29.3,60.7,0,0,0,12,4,1,32.22,0.030000000000001137,0
2024-01-12 16:00:00,BIN_003,Gulshan,General,24.9215,67.0977,32.38,41.6,70.6,0,0,0,16,4,1,32.25,0.13000000000000256,0
2024-01-12 20:00:00,BIN_003,Gulshan,General,24.9215,67.0977,34.6,35.0,63.6,0,0,0,20,4,1,32.38,2.219999999999999,0
2024-01-13 00:00:00,BIN_003,Gulshan,General,24.9215,67.0977,40.01,38.5,81.4,1,0,0,0,5,1,34.6,5.409999999999997,0
2024-01-13 04:00:00,BIN_003,Gulshan,General,24.9215,67.0977,41.76,36.1,86.7,1,0,0,4,5,1,40.01,1.75,0
2024-01-13 08:00:00,BIN_003,Gulshan,General,24.9215,67.0977,44.91,28.8,55.2,1,0,0,8,5,1,41.76,3.1499999999999986,0
2024-01-13 12:00:00,BIN_003,Gulshan,General,24.9215,67.0977,48.26,31.0,78.2,1,0,0,12,5,1,44.91,3.3500000000000014,0
2024-01-13 16:00:00,BIN_003,Gulshan,General,24.9215,67.0977,48.0,40.4,86.3,1,0,0,16,5,1,48.26,-0.259999999999998,0
2024-01-13 20:00:00,BIN_003,Gulshan,General,24.9215,67.0977,47.97,40.7,66.0,1,0,0,20,5,1,48.0,-0.030000000000001137,0
2024-01-14 00:00:00,BIN_003,Gulshan,General,24.9215,67.0977,48.61,30.7,61.5,1,0,0,0,6,1,47.97,0.6400000000000006,0
2024-01-14 04:00:00,BIN_003,Gulshan,General,24.9215,67.0977,52.3,32.8,70.0,1,0,0,4,6,1,48.61,3.6899999999999977,0
2024-01-14 08:00:00,BIN_003,Gulshan,General,24.9215,67.0977,54.95,32.0,72.2,1,0,0,8,6,1,52.3,2.6500000000000057,0
2024-01-14 12:00:00,BIN_003,Gulshan,General,24.9215,67.0977,59.82,32.2,75.9,1,0,0,12,6,1,54.95,4.869999999999997,0
2024-01-14 16:00:00,BIN_003,Gulshan,General,24.9215,67.0977,60.3,29.6,74.1,1,0,0,16,6,1,59.82,0.4799999999999969,0
2024-01-14 20:00:00,BIN_003,Gulshan,General,24.9215,67.0977,62.25,40.6,67.0,1,0,0,20,6,1,60.3,1.9500000000000028,0
2024-01-15 00:00:00,BIN_003,Gulshan,General,24.9215,67.0977,65.3,41.0,83.7,0,0,0,0,0,1,62.25,3.049999999999997,0
2024-01-15 04:00:00,BIN_003,Gulshan,General,24.9215,67.0977,68.94,35.9,78.0,0,0,0,4,0,1,65.3,3.6400000000000006,0
2024-01-15 08:00:00,BIN_003,Gulshan,General,24.9215,67.0977,70.39,32.6,55.4,0,0,0,8,0,1,68.94,1.4500000000000028,0
2024-01-15 12:00:00,BIN_003,Gulshan,General,24.9215,67.0977,73.45,39.6,83.0,0,0,0,12,0,1,70.39,3.0600000000000023,0
2024-01-15 16:00:00,BIN_003,Gulshan,General,24.9215,67.0977,75.49,34.5,59.2,0,1,0,16,0,1,73.45,2.039999999999992,0
2024-01-15 20:00:00,BIN_003,Gulshan,General,24.9215,67.0977,75.89,41.7,62.5,0,1,0,20,0,1,75.49,0.4000000000000057,0
2024-01-16 00:00:00,BIN_003,Gulshan,General,24.9215,67.0977,77.88,38.3,56.1,0,1,0,0,1,1,75.89,1.9899999999999949,0
2024-01-16 04:00:00,BIN_003,Gulshan,General,24.9215,67.0977,78.63,37.2,73.6,0,1,0,4,1,1,77.88,0.75,0
2024-01-16 08:00:00,BIN_003,Gulshan,General,24.9215,67.0977,77.79,41.1,83.7,0,1,0,8,1,1,78.63,-0.8399999999999892,0
2024-01-16 12:00:00,BIN_003,Gulshan,General,24.9215,67.0977,80.43,41.8,64.1,0,1,0,12,1,1,77.79,2.6400000000000006,0
2024-01-16 16:00:00,BIN_003,Gulshan,General,24.9215,67.0977,82.1,32.9,56.8,0,1,0,16,1,1,80.43,1.6699999999999875,0
2024-01-16 20:00:00,BIN_003,Gulshan,General,24.9215,67.0977,84.55,28.7,79.2,0,1,0,20,1,1,82.1,2.450000000000003,0
2024-01-17 00:00:00,BIN_003,Gulshan,General,24.9215,67.0977,84.04,36.6,63.9,0,1,0,0,2,1,84.55,-0.5099999999999909,0
2024-01-17 04:00:00,BIN_003,Gulshan,General,24.9215,67.0977,85.46,36.1,67.6,0,1,1,4,2,1,84.04,1.4199999999999875,0
2024-01-17 08:00:00,BIN_003,Gulshan,General,24.9215,67.0977,9.87,32.9,67.7,0,0,0,8,2,1,85.46,-75.58999999999999,0
2024-01-17 12:00:00,BIN_003,Gulshan,General,24.9215,67.0977,13.62,39.3,66.5,0,0,0,12,2,1,9.87,3.75,0
2024-01-17 16:00:00,BIN_003,Gulshan,General,24.9215,67.0977,13.12,39.8,62.7,0,0,0,16,2,1,13.62,-0.5,0
2024-01-17 20:00:00,BIN_003,Gulshan,General,24.9215,67.0977,10.64,33.3,83.3,0,0,0,20,2,1,13.12,-2.4799999999999986,0
2024-01-18 00:00:00,BIN_003,Gulshan,General,24.9215,67.0977,11.79,34.4,65.6,0,0,0,0,3,1,10.64,1.1499999999999986,0
2024-01-18 04:00:00,BIN_003,Gulshan,General,24.9215,67.0977,15.29,41.1,59.2,0,0,0,4,3,1,11.79,3.5,0
2024-01-18 08:00:00,BIN_003,Gulshan,General,24.9215,67.0977,17.35,35.4,56.1,0,0,0,8,3,1,15.29,2.0600000000000023,0
2024-01-18 12:00:00,BIN_003,Gulshan,General,24.9215,67.0977,19.79,34.7,69.3,0,0,0,12,3,1,17.35,2.4399999999999977,0
2024-01-18 16:00:00,BIN_003,Gulshan,General,24.9215,67.0977,22.24,41.6,74.7,0,0,0,16,3,1,19.79,2.4499999999999993,0
2024-01-18 20:00:00,BIN_003,Gulshan,General,24.9215,67.0977,22.54,38.0,57.4,0,0,0,20,3,1,22.24,0.3000000000000007,0
2024-01-19 00:00:00,BIN_003,Gulshan,General,24.9215,67.0977,22.87,36.6,87.8,0,0,0,0,4,1,22.54,0.33000000000000185,0
2024-01-19 04:00:00,BIN_003,Gulshan,General,24.9215,67.0977,24.33,37.3,57.7,0,0,0,4,4,1,22.87,1.4599999999999973,0
2024-01-19 08:00:00,BIN_003,Gulshan,General,24.9215,67.0977,27.17,33.6,84.2,0,0,0,8,4,1,24.33,2.8400000000000034,0
2024-01-19 12:00:00,BIN_003,Gulshan,General,24.9215,67.0977,25.86,39.4,76.4,0,0,0,12,4,1,27.17,-1.3100000000000023,0
2024-01-19 16:00:00,BIN_003,Gulshan,General,24.9215,67.0977,25.58,29.5,67.4,0,0,0,16,4,1,25.86,-0.28000000000000114,0
2024-01-19 20:00:00,BIN_003,Gulshan,General,24.9215,67.0977,26.28,33.8,78.7,0,0,0,20,4,1,25.58,0.7000000000000028,0
2024-01-20 00:00:00,BIN_003,Gulshan,General,24.9215,67.0977,27.75,33.5,61.4,1,0,0,0,5,1,26.28,1.4699999999999989,0
2024-01-20 04:00:00,BIN_003,Gulshan,General,24.9215,67.0977,30.36,30.2,84.0,1,0,0,4,5,1,27.75,2.6099999999999994,0
2024-01-20 08:00:00,BIN_003,Gulshan,General,24.9215,67.0977,32.52,30.4,85.8,1,0,0,8,5,1,30.36,2.1600000000000037,0
2024-01-20 12:00:00,BIN_003,Gulshan,General,24.9215,67.0977,34.03,35.8,63.1,1,0,0,12,5,1,32.52,1.509999999999998,0
2024-01-20 16:00:00,BIN_003,Gulshan,General,24.9215,67.0977,38.96,41.4,62.7,1,0,0,16,5,1,34.03,4.93,0
2024-01-20 20:00:00,BIN_003,Gulshan,General,24.9215,67.0977,41.29,40.4,87.7,1,0,0,20,5,1,38.96,2.3299999999999983,0
2024-01-21 00:00:00,BIN_003,Gulshan,General,24.9215,67.0977,43.93,36.8,69.1,1,0,0,0,6,1,41.29,2.6400000000000006,0
2024-01-21 04:00:00,BIN_003,Gulshan,General,24.9215,67.0977,47.27,38.5,73.6,1,0,0,4,6,1,43.93,3.3400000000000034,0
2024-01-21 08:00:00,BIN_003,Gulshan,General,24.9215,67.0977,48.47,38.2,83.9,1,0,0,8,6,1,47.27,1.1999999999999957,0
2024-01-21 12:00:00,BIN_003,Gulshan,General,24.9215,67.0977,53.5,30.1,84.2,1,0,0,12,6,1,48.47,5.030000000000001,0
2024-01-21 16:00:00,BIN_003,Gulshan,General,24.9215,67.0977,57.6,34.0,68.3,1,0,0,16,6,1,53.5,4.100000000000001,0
2024-01-21 20:00:00,BIN_003,Gulshan,General,24.9215,67.0977,60.11,40.8,63.8,1,0,0,20,6,1,57.6,2.509999999999998,0
2024-01-22 00:00:00,BIN_003,Gulshan,General,24.9215,67.0977,61.8,35.2,65.8,0,0,0,0,0,1,60.11,1.6899999999999977,0
2024-01-22 04:00:00,BIN_003,Gulshan,General,24.9215,67.0977,65.4,36.0,66.4,0,0,0,4,0,1,61.8,3.6000000000000085,0
2024-01-22 08:00:00,BIN_003,Gulshan,General,24.9215,67.0977,67.03,38.2,67.1,0,0,0,8,0,1,65.4,1.6299999999999955,0
2024-01-22 12:00:00,BIN_003,Gulshan,General,24.9215,67.0977,69.43,37.4,83.2,0,0,0,12,0,1,67.03,2.4000000000000057,0
2024-01-22 16:00:00,BIN_003,Gulshan,General,24.9215,67.0977,71.0,39.0,64.3,0,0,0,16,0,1,69.43,1.5699999999999932,0
2024-01-22 20:00:00,BIN_003,Gulshan,General,24.9215,67.0977,73.64,41.9,55.9,0,0,0,20,0,1,71.0,2.6400000000000006,0
2024-01-23 00:00:00,BIN_003,Gulshan,General,24.9215,67.0977,77.89,37.6,59.2,0,1,0,0,1,1,73.64,4.25,0
2024-01-23 04:00:00,BIN_003,Gulshan,General,24.9215,67.0977,81.26,41.1,61.3,0,1,0,4,1,1,77.89,3.3700000000000045,0
2024-01-23 08:00:00,BIN_003,Gulshan,General,24.9215,67.0977,81.09,32.3,74.1,0,1,0,8,1,1,81.26,-0.1700000000000017,0
2024-01-23 12:00:00,BIN_003,Gulshan,General,24.9215,67.0977,83.72,33.8,60.6,0,1,0,12,1,1,81.09,2.6299999999999955,0
2024-01-23 16:00:00,BIN_003,Gulshan,General,24.9215,67.0977,85.04,38.6,86.4,0,1,1,16,1,1,83.72,1.3200000000000074,0
2024-01-23 20:00:00,BIN_003,Gulshan,General,24.9215,67.0977,0.8,33.5,58.5,0,0,0,20,1,1,85.04,-84.24000000000001,0
2024-01-24 00:00:00,BIN_003,Gulshan,General,24.9215,67.0977,0.87,31.3,55.8,0,0,0,0,2,1,0.8,0.06999999999999995,0
2024-01-24 04:00:00,BIN_003,Gulshan,General,24.9215,67.0977,3.16,39.7,89.1,0,0,0,4,2,1,0.87,2.29,0
2024-01-24 08:00:00,BIN_003,Gulshan,General,24.9215,67.0977,4.37,40.2,87.4,0,0,0,8,2,1,3.16,1.21,0
2024-01-24 12:00:00,BIN_003,Gulshan,General,24.9215,67.0977,5.37,33.9,56.8,0,0,0,12,2,1,4.37,1.0,0
2024-01-24 16:00:00,BIN_003,Gulshan,General,24.9215,67.0977,7.27,33.5,56.0,0,0,0,16,2,1,5.37,1.8999999999999995,0
2024-01-24 20:00:00,BIN_003,Gulshan,General,24.9215,67.0977,8.26,36.2,55.4,0,0,0,20,2,1,7.27,0.9900000000000002,0
2024-01-25 00:00:00,BIN_003,Gulshan,General,24.9215,67.0977,9.02,28.6,75.6,0,0,0,0,3,1,8.26,0.7599999999999998,0
2024-01-25 04:00:00,BIN_003,Gulshan,General,24.9215,67.0977,12.29,33.6,89.1,0,0,0,4,3,1,9.02,3.2699999999999996,0
2024-01-25 08:00:00,BIN_003,Gulshan,General,24.9215,67.0977,11.46,37.9,64.5,0,0,0,8,3,1,12.29,-0.8299999999999983,0
2024-01-25 12:00:00,BIN_003,Gulshan,General,24.9215,67.0977,13.74,40.7,68.1,0,0,0,12,3,1,11.46,2.2799999999999994,0
2024-01-25 16:00:00,BIN_003,Gulshan,General,24.9215,67.0977,14.57,34.0,84.1,0,0,0,16,3,1,13.74,0.8300000000000001,0
2024-01-25 20:00:00,BIN_003,Gulshan,General,24.9215,67.0977,16.44,39.3,62.9,0,0,0,20,3,1,14.57,1.870000000000001,0
2024-01-26 00:00:00,BIN_003,Gulshan,General,24.9215,67.0977,19.17,41.0,58.3,0,0,0,0,4,1,16.44,2.7300000000000004,0
2024-01-26 04:00:00,BIN_003,Gulshan,General,24.9215,67.0977,20.12,34.3,66.8,0,0,0,4,4,1,19.17,0.9499999999999993,0
2024-01-26 08:00:00,BIN_003,Gulshan,General,24.9215,67.0977,22.9,28.7,72.2,0,0,0,8,4,1,20.12,2.7799999999999976,0
2024-01-26 12:00:00,BIN_003,Gulshan,General,24.9215,67.0977,23.51,34.2,66.7,0,0,0,12,4,1,22.9,0.610000000000003,0
2024-01-26 16:00:00,BIN_003,Gulshan,General,24.9215,67.0977,26.29,30.3,75.0,0,0,0,16,4,1,23.51,2.7799999999999976,0
2024-01-26 20:00:00,BIN_003,Gulshan,General,24.9215,67.0977,24.5,39.3,81.6,0,0,0,20,4,1,26.29,-1.7899999999999991,0
2024-01-27 00:00:00,BIN_003,Gulshan,General,24.9215,67.0977,26.55,31.8,67.6,1,0,0,0,5,1,24.5,2.0500000000000007,0
2024-01-27 04:00:00,BIN_003,Gulshan,General,24.9215,67.0977,28.59,33.7,78.8,1,0,0,4,5,1,26.55,2.039999999999999,0
2024-01-27 08:00:00,BIN_003,Gulshan,General,24.9215,67.0977,33.25,30.7,77.5,1,0,0,8,5,1,28.59,4.66,0
2024-01-27 12:00:00,BIN_003,Gulshan,General,24.9215,67.0977,34.26,31.6,86.0,1,0,0,12,5,1,33.25,1.009999999999998,0
2024-01-27 16:00:00,BIN_003,Gulshan,General,24.9215,67.0977,36.09,31.2,69.4,1,0,0,16,5,1,34.26,1.8300000000000054,0
2024-01-27 20:00:00,BIN_003,Gulshan,General,24.9215,67.0977,39.31,31.4,78.5,1,0,0,20,5,1,36.09,3.219999999999999,0
2024-01-28 00:00:00,BIN_003,Gulshan,General,24.9215,67.0977,42.39,39.5,68.9,1,0,0,0,6,1,39.31,3.0799999999999983,0
2024-01-28 04:00:00,BIN_003,Gulshan,General,24.9215,67.0977,46.15,30.2,80.8,1,0,0,4,6,1,42.39,3.759999999999998,0
2024-01-28 08:00:00,BIN_003,Gulshan,General,24.9215,67.0977,50.55,31.8,57.8,1,0,0,8,6,1,46.15,4.399999999999999,0
2024-01-28 12:00:00,BIN_003,Gulshan,General,24.9215,67.0977,51.14,41.9,60.5,1,0,0,12,6,1,50.55,0.5900000000000034,0
2024-01-28 16:00:00,BIN_003,Gulshan,General,24.9215,67.0977,54.35,36.1,85.3,1,0,0,16,6,1,51.14,3.210000000000001,0
2024-01-28 20:00:00,BIN_003,Gulshan,General,24.9215,67.0977,58.32,32.1,71.4,1,0,0,20,6,1,54.35,3.969999999999999,0
2024-01-29 00:00:00,BIN_003,Gulshan,General,24.9215,67.0977,58.12,34.0,66.6,0,0,0,0,0,1,58.32,-0.20000000000000284,0
2024-01-29 04:00:00,BIN_003,Gulshan,General,24.9215,67.0977,62.54,35.9,84.8,0,0,0,4,0,1,58.12,4.420000000000002,0
2024-01-29 08:00:00,BIN_003,Gulshan,General,24.9215,67.0977,65.7,35.8,82.3,0,0,0,8,0,1,62.54,3.1600000000000037,0
2024-01-29 12:00:00,BIN_003,Gulshan,General,24.9215,67.0977,68.29,28.2,83.6,0,0,0,12,0,1,65.7,2.5900000000000034,0
2024-01-29 16:00:00,BIN_003,Gulshan,General,24.9215,67.0977,71.05,31.5,85.3,0,0,0,16,0,1,68.29,2.759999999999991,0
2024-01-29 20:00:00,BIN_003,Gulshan,General,24.9215,67.0977,71.74,29.4,59.4,0,0,0,20,0,1,71.05,0.6899999999999977,0
2024-01-30 00:00:00,BIN_003,Gulshan,General,24.9215,67.0977,72.83,37.5,75.8,0,0,0,0,1,1,71.74,1.0900000000000034,0
2024-01-30 04:00:00,BIN_003,Gulshan,General,24.9215,67.0977,75.94,36.4,78.9,0,1,0,4,1,1,72.83,3.1099999999999994,0
2024-01-30 08:00:00,BIN_003,Gulshan,General,24.9215,67.0977,75.13,31.9,81.9,0,1,0,8,1,1,75.94,-0.8100000000000023,0
2024-01-30 12:00:00,BIN_003,Gulshan,General,24.9215,67.0977,79.64,31.2,79.2,0,1,0,12,1,1,75.13,4.510000000000005,0
2024-01-30 16:00:00,BIN_003,Gulshan,General,24.9215,67.0977,82.34,38.5,62.7,0,1,0,16,1,1,79.64,2.700000000000003,0
2024-01-30 20:00:00,BIN_003,Gulshan,General,24.9215,67.0977,82.14,28.8,59.6,0,1,0,20,1,1,82.34,-0.20000000000000284,0
2024-01-31 00:00:00,BIN_003,Gulshan,General,24.9215,67.0977,85.52,28.6,80.7,0,1,1,0,2,1,82.14,3.3799999999999955,0
2024-01-31 04:00:00,BIN_003,Gulshan,General,24.9215,67.0977,5.67,34.7,87.5,0,0,0,4,2,1,85.52,-79.85,0
2024-01-31 08:00:00,BIN_003,Gulshan,General,24.9215,67.0977,6.82,28.2,57.9,0,0,0,8,2,1,5.67,1.1500000000000004,0
2024-01-31 12:00:00,BIN_003,Gulshan,General,24.9215,67.0977,5.55,31.6,56.0,0,0,0,12,2,1,6.82,-1.2700000000000005,0
2024-01-31 16:00:00,BIN_003,Gulshan,General,24.9215,67.0977,5.71,35.7,61.1,0,0,0,16,2,1,5.55,0.16000000000000014,0
2024-01-31 20:00:00,BIN_003,Gulshan,General,24.9215,67.0977,10.35,32.1,78.2,0,0,0,20,2,1,5.71,4.64,0
2024-02-01 00:00:00,BIN_003,Gulshan,General,24.9215,67.0977,12.4,35.9,72.5,0,0,0,0,3,2,10.35,2.0500000000000007,0
2024-02-01 04:00:00,BIN_003,Gulshan,General,24.9215,67.0977,15.57,29.0,58.1,0,0,0,4,3,2,12.4,3.17,0
2024-02-01 08:00:00,BIN_003,Gulshan,General,24.9215,67.0977,14.84,40.8,69.2,0,0,0,8,3,2,15.57,-0.7300000000000004,0
2024-02-01 12:00:00,BIN_003,Gulshan,General,24.9215,67.0977,18.2,30.0,80.0,0,0,0,12,3,2,14.84,3.3599999999999994,0
2024-02-01 16:00:00,BIN_003,Gulshan,General,24.9215,67.0977,20.31,37.8,86.5,0,0,0,16,3,2,18.2,2.1099999999999994,0
2024-02-01 20:00:00,BIN_003,Gulshan,General,24.9215,67.0977,19.3,39.1,78.7,0,0,0,20,3,2,20.31,-1.009999999999998,0
2024-02-02 00:00:00,BIN_003,Gulshan,General,24.9215,67.0977,21.62,32.1,55.0,0,0,0,0,4,2,19.3,2.3200000000000003,0
2024-02-02 04:00:00,BIN_003,Gulshan,General,24.9215,67.0977,23.61,31.8,62.6,0,0,0,4,4,2,21.62,1.9899999999999984,0
2024-02-02 08:00:00,BIN_003,Gulshan,General,24.9215,67.0977,27.16,36.3,55.6,0,0,0,8,4,2,23.61,3.5500000000000007,0
2024-02-02 12:00:00,BIN_003,Gulshan,General,24.9215,67.0977,31.09,38.2,66.3,0,0,0,12,4,2,27.16,3.9299999999999997,0
2024-02-02 16:00:00,BIN_003,Gulshan,General,24.9215,67.0977,33.85,32.8,59.7,0,0,0,16,4,2,31.09,2.7600000000000016,0
2024-02-02 20:00:00,BIN_003,Gulshan,General,24.9215,67.0977,38.54,29.3,84.1,0,0,0,20,4,2,33.85,4.689999999999998,0
2024-02-03 00:00:00,BIN_003,Gulshan,General,24.9215,67.0977,41.18,29.4,69.1,1,0,0,0,5,2,38.54,2.6400000000000006,0
2024-02-03 04:00:00,BIN_003,Gulshan,General,24.9215,67.0977,44.46,38.2,82.3,1,0,0,4,5,2,41.18,3.280000000000001,0
2024-02-03 08:00:00,BIN_003,Gulshan,General,24.9215,67.0977,45.38,31.6,55.5,1,0,0,8,5,2,44.46,0.9200000000000017,0
2024-02-03 12:00:00,BIN_003,Gulshan,General,24.9215,67.0977,49.72,35.6,84.8,1,0,0,12,5,2,45.38,4.339999999999996,0
2024-02-03 16:00:00,BIN_003,Gulshan,General,24.9215,67.0977,52.14,35.2,58.0,1,0,0,16,5,2,49.72,2.4200000000000017,0
2024-02-03 20:00:00,BIN_003,Gulshan,General,24.9215,67.0977,55.27,35.7,68.3,1,0,0,20,5,2,52.14,3.1300000000000026,0
2024-02-04 00:00:00,BIN_003,Gulshan,General,24.9215,67.0977,55.23,31.4,58.3,1,0,0,0,6,2,55.27,-0.04000000000000625,0
2024-02-04 04:00:00,BIN_003,Gulshan,General,24.9215,67.0977,59.79,32.4,58.4,1,0,0,4,6,2,55.23,4.560000000000002,0
2024-02-04 08:00:00,BIN_003,Gulshan,General,24.9215,67.0977,64.21,40.2,89.8,1,0,0,8,6,2,59.79,4.419999999999995,0
2024-02-04 12:00:00,BIN_003,Gulshan,General,24.9215,67.0977,62.78,36.2,83.4,1,0,0,12,6,2,64.21,-1.4299999999999926,0
2024-02-04 16:00:00,BIN_003,Gulshan,General,24.9215,67.0977,63.28,33.6,78.5,1,0,0,16,6,2,62.78,0.5,0
2024-02-04 20:00:00,BIN_003,Gulshan,General,24.9215,67.0977,63.96,37.6,66.0,1,0,0,20,6,2,63.28,0.6799999999999997,0
2024-02-05 00:00:00,BIN_003,Gulshan,General,24.9215,67.0977,66.24,29.8,75.2,0,0,0,0,0,2,63.96,2.279999999999994,0
2024-02-05 04:00:00,BIN_003,Gulshan,General,24.9215,67.0977,66.61,37.7,79.5,0,0,0,4,0,2,66.24,0.37000000000000455,0
2024-02-05 08:00:00,BIN_003,Gulshan,General,24.9215,67.0977,69.17,35.0,80.6,0,0,0,8,0,2,66.61,2.5600000000000023,0
2024-02-05 12:00:00,BIN_003,Gulshan,General,24.9215,67.0977,71.49,36.7,61.5,0,0,0,12,0,2,69.17,2.319999999999993,0
2024-02-05 16:00:00,BIN_003,Gulshan,General,24.9215,67.0977,76.39,39.9,61.9,0,1,0,16,0,2,71.49,4.900000000000006,0
2024-02-05 20:00:00,BIN_003,Gulshan,General,24.9215,67.0977,76.63,29.8,88.7,0,1,0,20,0,2,76.39,0.23999999999999488,0
2024-02-06 00:00:00,BIN_003,Gulshan,General,24.9215,67.0977,78.32,36.2,73.9,0,1,0,0,1,2,76.63,1.6899999999999977,0
2024-02-06 04:00:00,BIN_003,Gulshan,General,24.9215,67.0977,78.62,29.2,57.0,0,1,0,4,1,2,78.32,0.30000000000001137,0
2024-02-06 08:00:00,BIN_003,Gulshan,General,24.9215,67.0977,80.68,35.6,63.2,0,1,0,8,1,2,78.62,2.0600000000000023,0
2024-02-06 12:00:00,BIN_003,Gulshan,General,24.9215,67.0977,81.1,36.9,83.7,0,1,0,12,1,2,80.68,0.4199999999999875,0
2024-02-06 16:00:00,BIN_003,Gulshan,General,24.9215,67.0977,82.87,37.7,63.8,0,1,0,16,1,2,81.1,1.7700000000000102,0
2024-02-06 20:00:00,BIN_003,Gulshan,General,24.9215,67.0977,83.75,32.3,76.5,0,1,0,20,1,2,82.87,0.8799999999999955,0
2024-02-07 00:00:00,BIN_003,Gulshan,General,24.9215,67.0977,87.91,33.1,77.4,0,1,1,0,2,2,83.75,4.159999999999997,0
2024-02-07 04:00:00,BIN_003,Gulshan,General,24.9215,67.0977,7.29,30.7,79.6,0,0,0,4,2,2,87.91,-80.61999999999999,0
2024-02-07 08:00:00,BIN_003,Gulshan,General,24.9215,67.0977,6.03,40.8,55.7,0,0,0,8,2,2,7.29,-1.2599999999999998,0
2024-02-07 12:00:00,BIN_003,Gulshan,General,24.9215,67.0977,9.01,32.4,57.0,0,0,0,12,2,2,6.03,2.9799999999999995,0
2024-02-07 16:00:00,BIN_003,Gulshan,General,24.9215,67.0977,11.93,32.6,78.6,0,0,0,16,2,2,9.01,2.92,0
2024-02-07 20:00:00,BIN_003,Gulshan,General,24.9215,67.0977,15.21,33.5,81.5,0,0,0,20,2,2,11.93,3.280000000000001,0
2024-02-08 00:00:00,BIN_003,Gulshan,General,24.9215,67.0977,13.6,41.1,63.8,0,0,0,0,3,2,15.21,-1.6100000000000012,0
2024-02-08 04:00:00,BIN_003,Gulshan,General,24.9215,67.0977,13.6,29.7,75.5,0,0,0,4,3,2,13.6,0.0,0
2024-02-08 08:00:00,BIN_003,Gulshan,General,24.9215,67.0977,15.24,28.9,66.9,0,0,0,8,3,2,13.6,1.6400000000000006,0
2024-02-08 12:00:00,BIN_003,Gulshan,General,24.9215,67.0977,17.52,35.1,60.7,0,0,0,12,3,2,15.24,2.2799999999999994,0
2024-02-08 16:00:00,BIN_003,Gulshan,General,24.9215,67.0977,16.19,33.6,59.0,0,0,0,16,3,2,17.52,-1.3299999999999983,0
2024-02-08 20:00:00,BIN_003,Gulshan,General,24.9215,67.0977,16.93,40.4,69.5,0,0,0,20,3,2,16.19,0.7399999999999984,0
2024-02-09 00:00:00,BIN_003,Gulshan,General,24.9215,67.0977,21.08,34.2,77.7,0,0,0,0,4,2,16.93,4.149999999999999,0
2024-02-09 04:00:00,BIN_003,Gulshan,General,24.9215,67.0977,21.17,28.9,83.5,0,0,0,4,4,2,21.08,0.09000000000000341,0
2024-02-09 08:00:00,BIN_003,Gulshan,General,24.9215,67.0977,23.2,41.4,60.3,0,0,0,8,4,2,21.17,2.0299999999999976,0
2024-02-09 12:00:00,BIN_003,Gulshan,General,24.9215,67.0977,25.74,34.7,76.1,0,0,0,12,4,2,23.2,2.539999999999999,0
2024-02-09 16:00:00,BIN_003,Gulshan,General,24.9215,67.0977,24.81,32.7,59.4,0,0,0,16,4,2,25.74,-0.9299999999999997,0
2024-02-09 20:00:00,BIN_003,Gulshan,General,24.9215,67.0977,28.82,33.5,60.7,0,0,0,20,4,2,24.81,4.010000000000002,0
2024-02-10 00:00:00,BIN_003,Gulshan,General,24.9215,67.0977,29.86,28.8,74.3,1,0,0,0,5,2,28.82,1.0399999999999991,0
2024-02-10 04:00:00,BIN_003,Gulshan,General,24.9215,67.0977,33.18,36.3,85.5,1,0,0,4,5,2,29.86,3.3200000000000003,0
2024-02-10 08:00:00,BIN_003,Gulshan,General,24.9215,67.0977,32.71,39.2,73.9,1,0,0,8,5,2,33.18,-0.46999999999999886,0
2024-02-10 12:00:00,BIN_003,Gulshan,General,24.9215,67.0977,36.39,29.1,74.8,1,0,0,12,5,2,32.71,3.6799999999999997,0
2024-02-10 16:00:00,BIN_003,Gulshan,General,24.9215,67.0977,38.38,32.1,60.0,1,0,0,16,5,2,36.39,1.990000000000002,0
2024-02-10 20:00:00,BIN_003,Gulshan,General,24.9215,67.0977,41.89,30.1,70.1,1,0,0,20,5,2,38.38,3.509999999999998,0
2024-02-11 00:00:00,BIN_003,Gulshan,General,24.9215,67.0977,43.06,41.2,81.4,1,0,0,0,6,2,41.89,1.1700000000000017,0
2024-02-11 04:00:00,BIN_003,Gulshan,General,24.9215,67.0977,45.62,36.2,84.0,1,0,0,4,6,2,43.06,2.559999999999995,0
2024-02-11 08:00:00,BIN_003,Gulshan,General,24.9215,67.0977,47.85,36.8,84.0,1,0,0,8,6,2,45.62,2.230000000000004,0
2024-02-11 12:00:00,BIN_003,Gulshan,General,24.9215,67.0977,48.91,39.0,64.7,1,0,0,12,6,2,47.85,1.0599999999999952,0
2024-02-11 16:00:00,BIN_003,Gulshan,General,24.9215,67.0977,52.05,28.6,69.2,1,0,0,16,6,2,48.91,3.1400000000000006,0
2024-02-11 20:00:00,BIN_003,Gulshan,General,24.9215,67.0977,53.13,35.2,75.3,1,0,0,20,6,2,52.05,1.0800000000000054,0
2024-02-12 00:00:00,BIN_003,Gulshan,General,24.9215,67.0977,55.18,34.7,83.3,0,0,0,0,0,2,53.13,2.049999999999997,0
2024-02-12 04:00:00,BIN_003,Gulshan,General,24.9215,67.0977,57.66,41.3,55.8,0,0,0,4,0,2,55.18,2.479999999999997,0
2024-02-12 08:00:00,BIN_003,Gulshan,General,24.9215,67.0977,58.54,29.9,70.4,0,0,0,8,0,2,57.66,0.8800000000000026,0
2024-02-12 12:00:00,BIN_003,Gulshan,General,24.9215,67.0977,61.58,37.0,68.3,0,0,0,12,0,2,58.54,3.039999999999999,0
2024-02-12 16:00:00,BIN_003,Gulshan,General,24.9215,67.0977,63.55,40.6,68.4,0,0,0,16,0,2,61.58,1.9699999999999989,0
2024-02-12 20:00:00,BIN_003,Gulshan,General,24.9215,67.0977,64.43,31.0,70.5,0,0,0,20,0,2,63.55,0.8800000000000097,0
2024-02-13 00:00:00,BIN_003,Gulshan,General,24.9215,67.0977,66.69,32.9,83.0,0,0,0,0,1,2,64.43,2.259999999999991,0
2024-02-13 04:00:00,BIN_003,Gulshan,General,24.9215,67.0977,70.27,35.8,83.9,0,0,0,4,1,2,66.69,3.5799999999999983,0
2024-02-13 08:00:00,BIN_003,Gulshan,General,24.9215,67.0977,73.91,36.4,69.5,0,0,0,8,1,2,70.27,3.6400000000000006,0
2024-02-13 12:00:00,BIN_003,Gulshan,General,24.9215,67.0977,76.54,41.4,73.9,0,1,0,12,1,2,73.91,2.6300000000000097,0
2024-02-13 16:00:00,BIN_003,Gulshan,General,24.9215,67.0977,76.29,36.8,75.0,0,1,0,16,1,2,76.54,-0.25,0
2024-02-13 20:00:00,BIN_003,Gulshan,General,24.9215,67.0977,78.82,30.6,57.1,0,1,0,20,1,2,76.29,2.529999999999987,0
2024-02-14 00:00:00,BIN_003,Gulshan,General,24.9215,67.0977,82.69,35.3,62.9,0,1,0,0,2,2,78.82,3.8700000000000045,0
2024-02-14 04:00:00,BIN_003,Gulshan,General,24.9215,67.0977,85.29,37.3,57.8,0,1,1,4,2,2,82.69,2.6000000000000085,0
2024-02-14 08:00:00,BIN_003,Gulshan,General,24.9215,67.0977,5.61,30.8,68.5,0,0,0,8,2,2,85.29,-79.68,0
2024-02-14 12:00:00,BIN_003,Gulshan,General,24.9215,67.0977,6.76,28.7,68.9,0,0,0,12,2,2,5.61,1.1499999999999995,0
2024-02-14 16:00:00,BIN_003,Gulshan,General,24.9215,67.0977,4.13,33.4,84.4,0,0,0,16,2,2,6.76,-2.63,0
2024-02-14 20:00:00,BIN_003,Gulshan,General,24.9215,67.0977,8.98,30.0,72.7,0,0,0,20,2,2,4.13,4.8500000000000005,0
2024-02-15 00:00:00,BIN_003,Gulshan,General,24.9215,67.0977,13.3,40.3,74.5,0,0,0,0,3,2,8.98,4.32,0
2024-02-15 04:00:00,BIN_003,Gulshan,General,24.9215,67.0977,17.91,41.4,56.7,0,0,0,4,3,2,13.3,4.609999999999999,0
2024-02-15 08:00:00,BIN_003,Gulshan,General,24.9215,67.0977,19.95,37.0,56.6,0,0,0,8,3,2,17.91,2.039999999999999,0
2024-02-15 12:00:00,BIN_003,Gulshan,General,24.9215,67.0977,19.71,41.2,84.5,0,0,0,12,3,2,19.95,-0.23999999999999844,0
2024-02-15 16:00:00,BIN_003,Gulshan,General,24.9215,67.0977,20.8,30.4,59.4,0,0,0,16,3,2,19.71,1.0899999999999999,0
2024-02-15 20:00:00,BIN_003,Gulshan,General,24.9215,67.0977,22.24,29.7,73.1,0,0,0,20,3,2,20.8,1.4399999999999977,0
2024-02-16 00:00:00,BIN_003,Gulshan,General,24.9215,67.0977,22.94,41.9,79.0,0,0,0,0,4,2,22.24,0.7000000000000028,0
2024-02-16 04:00:00,BIN_003,Gulshan,General,24.9215,67.0977,22.78,41.3,60.0,0,0,0,4,4,2,22.94,-0.16000000000000014,0
2024-02-16 08:00:00,BIN_003,Gulshan,General,24.9215,67.0977,26.02,29.1,55.1,0,0,0,8,4,2,22.78,3.2399999999999984,0
2024-02-16 12:00:00,BIN_003,Gulshan,General,24.9215,67.0977,24.63,37.4,77.5,0,0,0,12,4,2,26.02,-1.3900000000000006,0
2024-02-16 16:00:00,BIN_003,Gulshan,General,24.9215,67.0977,25.95,33.8,55.8,0,0,0,16,4,2,24.63,1.3200000000000003,0
2024-02-16 20:00:00,BIN_003,Gulshan,General,24.9215,67.0977,23.81,32.7,61.2,0,0,0,20,4,2,25.95,-2.1400000000000006,0
2024-02-17 00:00:00,BIN_003,Gulshan,General,24.9215,67.0977,28.41,32.4,68.8,1,0,0,0,5,2,23.81,4.600000000000001,0
2024-02-17 04:00:00,BIN_003,Gulshan,General,24.9215,67.0977,31.71,31.3,58.4,1,0,0,4,5,2,28.41,3.3000000000000007,0
2024-02-17 08:00:00,BIN_003,Gulshan,General,24.9215,67.0977,34.75,37.5,74.1,1,0,0,8,5,2,31.71,3.039999999999999,0
2024-02-17 12:00:00,BIN_003,Gulshan,General,24.9215,67.0977,36.25,34.7,87.3,1,0,0,12,5,2,34.75,1.5,0
2024-02-17 16:00:00,BIN_003,Gulshan,General,24.9215,67.0977,38.28,32.9,82.4,1,0,0,16,5,2,36.25,2.030000000000001,0
2024-02-17 20:00:00,BIN_003,Gulshan,General,24.9215,67.0977,40.04,41.9,63.4,1,0,0,20,5,2,38.28,1.759999999999998,0
2024-02-18 00:00:00,BIN_003,Gulshan,General,24.9215,67.0977,42.41,31.1,69.0,1,0,0,0,6,2,40.04,2.3699999999999974,0
2024-02-18 04:00:00,BIN_003,Gulshan,General,24.9215,67.0977,44.79,33.7,89.2,1,0,0,4,6,2,42.41,2.3800000000000026,0
2024-02-18 08:00:00,BIN_003,Gulshan,General,24.9215,67.0977,47.84,32.7,80.6,1,0,0,8,6,2,44.79,3.0500000000000043,0
2024-02-18 12:00:00,BIN_003,Gulshan,General,24.9215,67.0977,49.34,33.9,75.2,1,0,0,12,6,2,47.84,1.5,0
2024-02-18 16:00:00,BIN_003,Gulshan,General,24.9215,67.0977,52.3,40.1,57.1,1,0,0,16,6,2,49.34,2.9599999999999937,0
2024-02-18 20:00:00,BIN_003,Gulshan,General,24.9215,67.0977,55.31,37.7,59.9,1,0,0,20,6,2,52.3,3.010000000000005,0
2024-02-19 00:00:00,BIN_003,Gulshan,General,24.9215,67.0977,59.0,33.6,73.2,0,0,0,0,0,2,55.31,3.6899999999999977,0
2024-02-19 04:00:00,BIN_003,Gulshan,General,24.9215,67.0977,57.45,42.0,59.7,0,0,0,4,0,2,59.0,-1.5499999999999972,0
2024-02-19 08:00:00,BIN_003,Gulshan,General,24.9215,67.0977,57.77,29.9,60.6,0,0,0,8,0,2,57.45,0.3200000000000003,0
2024-02-19 12:00:00,BIN_003,Gulshan,General,24.9215,67.0977,61.98,41.3,85.8,0,0,0,12,0,2,57.77,4.209999999999994,0
2024-02-19 16:00:00,BIN_003,Gulshan,General,24.9215,67.0977,62.88,37.4,71.9,0,0,0,16,0,2,61.98,0.9000000000000057,0
2024-02-19 20:00:00,BIN_003,Gulshan,General,24.9215,67.0977,62.89,33.9,67.5,0,0,0,20,0,2,62.88,0.00999999999999801,0
2024-02-20 00:00:00,BIN_003,Gulshan,General,24.9215,67.0977,66.91,30.3,71.5,0,0,0,0,1,2,62.89,4.019999999999996,0
2024-02-20 04:00:00,BIN_003,Gulshan,General,24.9215,67.0977,71.46,35.7,75.0,0,0,0,4,1,2,66.91,4.549999999999997,0
2024-02-20 08:00:00,BIN_003,Gulshan,General,24.9215,67.0977,74.25,28.4,67.4,0,0,0,8,1,2,71.46,2.7900000000000063,0
2024-02-20 12:00:00,BIN_003,Gulshan,General,24.9215,67.0977,74.8,38.9,74.7,0,0,0,12,1,2,74.25,0.5499999999999972,0
2024-02-20 16:00:00,BIN_003,Gulshan,General,24.9215,67.0977,77.89,35.9,82.9,0,1,0,16,1,2,74.8,3.0900000000000034,0
2024-02-20 20:00:00,BIN_003,Gulshan,General,24.9215,67.0977,78.05,38.3,76.4,0,1,0,20,1,2,77.89,0.1599999999999966,0
2024-02-21 00:00:00,BIN_003,Gulshan,General,24.9215,67.0977,78.15,31.7,69.7,0,1,0,0,2,2,78.05,0.10000000000000853,0
2024-02-21 04:00:00,BIN_003,Gulshan,General,24.9215,67.0977,79.87,36.4,73.0,0,1,0,4,2,2,78.15,1.7199999999999989,0
2024-02-21 08:00:00,BIN_003,Gulshan,General,24.9215,67.0977,78.88,38.3,55.8,0,1,0,8,2,2,79.87,-0.9900000000000091,0
2024-02-21 12:00:00,BIN_003,Gulshan,General,24.9215,67.0977,80.6,36.2,88.0,0,1,0,12,2,2,78.88,1.7199999999999989,0
2024-02-21 16:00:00,BIN_003,Gulshan,General,24.9215,67.0977,82.2,29.3,76.9,0,1,0,16,2,2,80.6,1.6000000000000085,0
2024-02-21 20:00:00,BIN_003,Gulshan,General,24.9215,67.0977,82.02,35.7,69.3,0,1,0,20,2,2,82.2,-0.18000000000000682,0
2024-02-22 00:00:00,BIN_003,Gulshan,General,24.9215,67.0977,85.23,30.7,55.8,0,1,1,0,3,2,82.02,3.210000000000008,0
2024-02-22 04:00:00,BIN_003,Gulshan,General,24.9215,67.0977,10.46,36.1,86.2,0,0,0,4,3,2,85.23,-74.77000000000001,0
2024-02-22 08:00:00,BIN_003,Gulshan,General,24.9215,67.0977,14.11,34.0,81.2,0,0,0,8,3,2,10.46,3.6499999999999986,0
2024-02-22 12:00:00,BIN_003,Gulshan,General,24.9215,67.0977,16.47,40.8,75.0,0,0,0,12,3,2,14.11,2.3599999999999994,0
2024-02-22 16:00:00,BIN_003,Gulshan,General,24.9215,67.0977,17.38,30.8,63.6,0,0,0,16,3,2,16.47,0.9100000000000001,0
2024-02-22 20:00:00,BIN_003,Gulshan,General,24.9215,67.0977,17.97,32.3,74.4,0,0,0,20,3,2,17.38,0.5899999999999999,0
2024-02-23 00:00:00,BIN_003,Gulshan,General,24.9215,67.0977,17.41,36.6,57.9,0,0,0,0,4,2,17.97,-0.5599999999999987,0
2024-02-23 04:00:00,BIN_003,Gulshan,General,24.9215,67.0977,21.97,29.2,61.0,0,0,0,4,4,2,17.41,4.559999999999999,0
2024-02-23 08:00:00,BIN_003,Gulshan,General,24.9215,67.0977,21.51,32.0,69.0,0,0,0,8,4,2,21.97,-0.4599999999999973,0
2024-02-23 12:00:00,BIN_003,Gulshan,General,24.9215,67.0977,23.42,39.4,55.5,0,0,0,12,4,2,21.51,1.9100000000000001,0
2024-02-23 16:00:00,BIN_003,Gulshan,General,24.9215,67.0977,27.19,39.2,87.6,0,0,0,16,4,2,23.42,3.7699999999999996,0
2024-02-23 20:00:00,BIN_003,Gulshan,General,24.9215,67.0977,30.74,28.3,60.4,0,0,0,20,4,2,27.19,3.549999999999997,0
2024-02-24 00:00:00,BIN_003,Gulshan,General,24.9215,67.0977,32.88,35.9,78.2,1,0,0,0,5,2,30.74,2.140000000000004,0
2024-02-24 04:00:00,BIN_003,Gulshan,General,24.9215,67.0977,36.68,37.5,87.6,1,0,0,4,5,2,32.88,3.799999999999997,0
2024-02-24 08:00:00,BIN_003,Gulshan,General,24.9215,67.0977,39.95,28.7,63.1,1,0,0,8,5,2,36.68,3.270000000000003,0
2024-02-24 12:00:00,BIN_003,Gulshan,General,24.9215,67.0977,41.71,40.6,64.0,1,0,0,12,5,2,39.95,1.759999999999998,0
2024-02-24 16:00:00,BIN_003,Gulshan,General,24.9215,67.0977,43.3,40.0,72.5,1,0,0,16,5,2,41.71,1.5899999999999963,0
2024-02-24 20:00:00,BIN_003,Gulshan,General,24.9215,67.0977,45.05,37.4,63.4,1,0,0,20,5,2,43.3,1.75,0
2024-02-25 00:00:00,BIN_003,Gulshan,General,24.9215,67.0977,48.54,32.4,69.4,1,0,0,0,6,2,45.05,3.490000000000002,0
2024-02-25 04:00:00,BIN_003,Gulshan,General,24.9215,67.0977,52.02,30.9,89.2,1,0,0,4,6,2,48.54,3.480000000000004,0
2024-02-25 08:00:00,BIN_003,Gulshan,General,24.9215,67.0977,55.16,32.2,82.4,1,0,0,8,6,2,52.02,3.1399999999999935,0
2024-02-25 12:00:00,BIN_003,Gulshan,General,24.9215,67.0977,57.75,38.7,79.2,1,0,0,12,6,2,55.16,2.5900000000000034,0
2024-02-25 16:00:00,BIN_003,Gulshan,General,24.9215,67.0977,59.9,29.8,78.5,1,0,0,16,6,2,57.75,2.1499999999999986,0
2024-02-25 20:00:00,BIN_003,Gulshan,General,24.9215,67.0977,62.83,38.2,75.1,1,0,0,20,6,2,59.9,2.9299999999999997,0
2024-02-26 00:00:00,BIN_003,Gulshan,General,24.9215,67.0977,64.63,32.4,70.0,0,0,0,0,0,2,62.83,1.7999999999999972,0
2024-02-26 04:00:00,BIN_003,Gulshan,General,24.9215,67.0977,64.21,37.0,81.1,0,0,0,4,0,2,64.63,-0.4200000000000017,0
2024-02-26 08:00:00,BIN_003,Gulshan,General,24.9215,67.0977,65.23,31.8,62.0,0,0,0,8,0,2,64.21,1.0200000000000102,0
2024-02-26 12:00:00,BIN_003,Gulshan,General,24.9215,67.0977,64.88,39.0,86.8,0,0,0,12,0,2,65.23,-0.3500000000000085,0
2024-02-26 16:00:00,BIN_003,Gulshan,General,24.9215,67.0977,68.66,40.6,84.6,0,0,0,16,0,2,64.88,3.780000000000001,0
2024-02-26 20:00:00,BIN_003,Gulshan,General,24.9215,67.0977,69.39,30.6,88.5,0,0,0,20,0,2,68.66,0.730000000000004,0
2024-02-27 00:00:00,BIN_003,Gulshan,General,24.9215,67.0977,68.9,28.9,72.0,0,0,0,0,1,2,69.39,-0.4899999999999949,0
2024-02-27 04:00:00,BIN_003,Gulshan,General,24.9215,67.0977,68.93,29.5,63.7,0,0,0,4,1,2,68.9,0.030000000000001137,0
2024-02-27 08:00:00,BIN_003,Gulshan,General,24.9215,67.0977,72.19,40.3,65.6,0,0,0,8,1,2,68.93,3.259999999999991,0
2024-02-27 12:00:00,BIN_003,Gulshan,General,24.9215,67.0977,73.08,40.0,85.0,0,0,0,12,1,2,72.19,0.8900000000000006,0
2024-02-27 16:00:00,BIN_003,Gulshan,General,24.9215,67.0977,74.0,37.7,88.1,0,0,0,16,1,2,73.08,0.9200000000000017,0
2024-02-27 20:00:00,BIN_003,Gulshan,General,24.9215,67.0977,76.41,37.6,66.6,0,1,0,20,1,2,74.0,2.4099999999999966,0
2024-02-28 00:00:00,BIN_003,Gulshan,General,24.9215,67.0977,81.51,35.1,59.2,0,1,0,0,2,2,76.41,5.1000000000000085,0
2024-02-28 04:00:00,BIN_003,Gulshan,General,24.9215,67.0977,83.29,32.4,83.1,0,1,0,4,2,2,81.51,1.7800000000000011,0
2024-02-28 08:00:00,BIN_003,Gulshan,General,24.9215,67.0977,84.87,37.3,81.3,0,1,0,8,2,2,83.29,1.5799999999999983,0
2024-02-28 12:00:00,BIN_003,Gulshan,General,24.9215,67.0977,87.15,39.4,88.1,0,1,1,12,2,2,84.87,2.280000000000001,0
2024-02-28 16:00:00,BIN_003,Gulshan,General,24.9215,67.0977,6.44,37.5,63.8,0,0,0,16,2,2,87.15,-80.71000000000001,0
2024-02-28 20:00:00,BIN_003,Gulshan,General,24.9215,67.0977,9.52,40.2,60.9,0,0,0,20,2,2,6.44,3.079999999999999,0
2024-02-29 00:00:00,BIN_003,Gulshan,General,24.9215,67.0977,11.4,34.7,84.7,0,0,0,0,3,2,9.52,1.8800000000000008,0
2024-02-29 04:00:00,BIN_003,Gulshan,General,24.9215,67.0977,12.95,33.4,60.9,0,0,0,4,3,2,11.4,1.549999999999999,0
2024-02-29 08:00:00,BIN_003,Gulshan,General,24.9215,67.0977,14.99,30.6,80.2,0,0,0,8,3,2,12.95,2.040000000000001,0
2024-02-29 12:00:00,BIN_003,Gulshan,General,24.9215,67.0977,18.6,35.2,76.2,0,0,0,12,3,2,14.99,3.610000000000001,0
2024-02-29 16:00:00,BIN_003,Gulshan,General,24.9215,67.0977,22.28,39.6,79.8,0,0,0,16,3,2,18.6,3.6799999999999997,0
2024-02-29 20:00:00,BIN_003,Gulshan,General,24.9215,67.0977,23.83,29.5,84.4,0,0,0,20,3,2,22.28,1.5499999999999972,0
2024-03-01 00:00:00,BIN_003,Gulshan,General,24.9215,67.0977,27.42,33.1,85.8,0,0,0,0,4,3,23.83,3.5900000000000034,0
2024-03-01 04:00:00,BIN_003,Gulshan,General,24.9215,67.0977,30.78,38.2,58.9,0,0,0,4,4,3,27.42,3.3599999999999994,0
2024-03-01 08:00:00,BIN_003,Gulshan,General,24.9215,67.0977,33.95,28.7,88.6,0,0,0,8,4,3,30.78,3.1700000000000017,0
2024-03-01 12:00:00,BIN_003,Gulshan,General,24.9215,67.0977,35.39,37.5,77.1,0,0,0,12,4,3,33.95,1.4399999999999977,0
2024-03-01 16:00:00,BIN_003,Gulshan,General,24.9215,67.0977,35.78,41.2,65.4,0,0,0,16,4,3,35.39,0.39000000000000057,0
2024-03-01 20:00:00,BIN_003,Gulshan,General,24.9215,67.0977,36.3,38.9,68.8,0,0,0,20,4,3,35.78,0.519999999999996,0
2024-03-02 00:00:00,BIN_003,Gulshan,General,24.9215,67.0977,39.23,33.2,67.5,1,0,0,0,5,3,36.3,2.9299999999999997,0
2024-03-02 04:00:00,BIN_003,Gulshan,General,24.9215,67.0977,41.59,32.8,73.2,1,0,0,4,5,3,39.23,2.3600000000000065,0
2024-03-02 08:00:00,BIN_003,Gulshan,General,24.9215,67.0977,45.42,35.1,72.8,1,0,0,8,5,3,41.59,3.8299999999999983,0
2024-03-02 12:00:00,BIN_003,Gulshan,General,24.9215,67.0977,47.48,29.9,89.4,1,0,0,12,5,3,45.42,2.059999999999995,0
2024-03-02 16:00:00,BIN_003,Gulshan,General,24.9215,67.0977,49.51,37.3,75.8,1,0,0,16,5,3,47.48,2.030000000000001,0
2024-03-02 20:00:00,BIN_003,Gulshan,General,24.9215,67.0977,51.65,33.8,69.8,1,0,0,20,5,3,49.51,2.1400000000000006,0
2024-03-03 00:00:00,BIN_003,Gulshan,General,24.9215,67.0977,53.02,39.5,77.7,1,0,0,0,6,3,51.65,1.3700000000000045,0
2024-03-03 04:00:00,BIN_003,Gulshan,General,24.9215,67.0977,56.19,33.9,71.0,1,0,0,4,6,3,53.02,3.1699999999999946,0
2024-03-03 08:00:00,BIN_003,Gulshan,General,24.9215,67.0977,59.78,35.2,66.2,1,0,0,8,6,3,56.19,3.5900000000000034,0
2024-03-03 12:00:00,BIN_003,Gulshan,General,24.9215,67.0977,60.84,36.3,89.9,1,0,0,12,6,3,59.78,1.0600000000000023,0
2024-03-03 16:00:00,BIN_003,Gulshan,General,24.9215,67.0977,64.33,32.8,56.9,1,0,0,16,6,3,60.84,3.489999999999995,0
2024-03-03 20:00:00,BIN_003,Gulshan,General,24.9215,67.0977,66.45,30.9,69.7,1,0,0,20,6,3,64.33,2.1200000000000045,0
2024-03-04 00:00:00,BIN_003,Gulshan,General,24.9215,67.0977,67.15,29.7,57.4,0,0,0,0,0,3,66.45,0.7000000000000028,0
2024-03-04 04:00:00,BIN_003,Gulshan,General,24.9215,67.0977,69.7,38.1,87.5,0,0,0,4,0,3,67.15,2.549999999999997,0
2024-03-04 08:00:00,BIN_003,Gulshan,General,24.9215,67.0977,69.98,35.2,67.2,0,0,0,8,0,3,69.7,0.28000000000000114,0
2024-03-04 12:00:00,BIN_003,Gulshan,General,24.9215,67.0977,71.48,33.2,76.7,0,0,0,12,0,3,69.98,1.5,0
2024-03-04 16:00:00,BIN_003,Gulshan,General,24.9215,67.0977,72.37,28.5,89.8,0,0,0,16,0,3,71.48,0.8900000000000006,0
2024-03-04 20:00:00,BIN_003,Gulshan,General,24.9215,67.0977,74.63,31.3,56.9,0,0,0,20,0,3,72.37,2.259999999999991,0
2024-03-05 00:00:00,BIN_003,Gulshan,General,24.9215,67.0977,78.28,32.8,70.5,0,1,0,0,1,3,74.63,3.6500000000000057,0
2024-03-05 04:00:00,BIN_003,Gulshan,General,24.9215,67.0977,79.38,37.5,72.8,0,1,0,4,1,3,78.28,1.0999999999999943,0
2024-03-05 08:00:00,BIN_003,Gulshan,General,24.9215,67.0977,81.57,34.8,89.5,0,1,0,8,1,3,79.38,2.1899999999999977,0
2024-03-05 12:00:00,BIN_003,Gulshan,General,24.9215,67.0977,83.3,38.6,63.7,0,1,0,12,1,3,81.57,1.730000000000004,0
2024-03-05 16:00:00,BIN_003,Gulshan,General,24.9215,67.0977,85.41,40.0,58.4,0,1,1,16,1,3,83.3,2.1099999999999994,0
2024-03-05 20:00:00,BIN_003,Gulshan,General,24.9215,67.0977,8.86,32.8,55.2,0,0,0,20,1,3,85.41,-76.55,0
2024-03-06 00:00:00,BIN_003,Gulshan,General,24.9215,67.0977,8.5,39.5,66.8,0,0,0,0,2,3,8.86,-0.35999999999999943,0
2024-03-06 04:00:00,BIN_003,Gulshan,General,24.9215,67.0977,9.49,39.6,55.0,0,0,0,4,2,3,8.5,0.9900000000000002,0
2024-03-06 08:00:00,BIN_003,Gulshan,General,24.9215,67.0977,9.67,31.3,57.4,0,0,0,8,2,3,9.49,0.17999999999999972,0
2024-03-06 12:00:00,BIN_003,Gulshan,General,24.9215,67.0977,10.25,30.6,74.4,0,0,0,12,2,3,9.67,0.5800000000000001,0
2024-03-06 16:00:00,BIN_003,Gulshan,General,24.9215,67.0977,11.04,33.3,85.7,0,0,0,16,2,3,10.25,0.7899999999999991,0
2024-03-06 20:00:00,BIN_003,Gulshan,General,24.9215,67.0977,10.31,40.7,72.3,0,0,0,20,2,3,11.04,-0.7299999999999986,0
2024-03-07 00:00:00,BIN_003,Gulshan,General,24.9215,67.0977,11.0,41.3,57.1,0,0,0,0,3,3,10.31,0.6899999999999995,0
2024-03-07 04:00:00,BIN_003,Gulshan,General,24.9215,67.0977,12.3,32.2,65.4,0,0,0,4,3,3,11.0,1.3000000000000007,0
2024-03-07 08:00:00,BIN_003,Gulshan,General,24.9215,67.0977,12.69,39.0,59.3,0,0,0,8,3,3,12.3,0.3899999999999988,0
2024-03-07 12:00:00,BIN_003,Gulshan,General,24.9215,67.0977,13.72,36.9,59.3,0,0,0,12,3,3,12.69,1.0300000000000011,0
2024-03-07 16:00:00,BIN_003,Gulshan,General,24.9215,67.0977,16.22,35.6,57.7,0,0,0,16,3,3,13.72,2.4999999999999982,0
2024-03-07 20:00:00,BIN_003,Gulshan,General,24.9215,67.0977,17.29,41.4,63.6,0,0,0,20,3,3,16.22,1.0700000000000003,0
2024-03-08 00:00:00,BIN_003,Gulshan,General,24.9215,67.0977,18.75,40.0,55.5,0,0,0,0,4,3,17.29,1.4600000000000009,0
2024-03-08 04:00:00,BIN_003,Gulshan,General,24.9215,67.0977,20.85,35.2,81.9,0,0,0,4,4,3,18.75,2.1000000000000014,0
2024-03-08 08:00:00,BIN_003,Gulshan,General,24.9215,67.0977,21.66,32.0,68.2,0,0,0,8,4,3,20.85,0.8099999999999987,0
2024-03-08 12:00:00,BIN_003,Gulshan,General,24.9215,67.0977,22.1,33.5,74.1,0,0,0,12,4,3,21.66,0.4400000000000013,0
2024-03-08 16:00:00,BIN_003,Gulshan,General,24.9215,67.0977,24.6,30.3,65.9,0,0,0,16,4,3,22.1,2.5,0
2024-03-08 20:00:00,BIN_003,Gulshan,General,24.9215,67.0977,25.07,35.0,82.9,0,0,0,20,4,3,24.6,0.46999999999999886,0
2024-03-09 00:00:00,BIN_003,Gulshan,General,24.9215,67.0977,28.56,30.2,74.1,1,0,0,0,5,3,25.07,3.4899999999999984,0
2024-03-09 04:00:00,BIN_003,Gulshan,General,24.9215,67.0977,32.81,29.2,68.2,1,0,0,4,5,3,28.56,4.2500000000000036,0
2024-03-09 08:00:00,BIN_003,Gulshan,General,24.9215,67.0977,34.35,31.8,88.4,1,0,0,8,5,3,32.81,1.5399999999999991,0
2024-03-09 12:00:00,BIN_003,Gulshan,General,24.9215,67.0977,36.51,41.4,67.3,1,0,0,12,5,3,34.35,2.1599999999999966,0
2024-03-09 16:00:00,BIN_003,Gulshan,General,24.9215,67.0977,39.65,30.0,81.7,1,0,0,16,5,3,36.51,3.1400000000000006,0
2024-03-09 20:00:00,BIN_003,Gulshan,General,24.9215,67.0977,41.75,29.5,89.3,1,0,0,20,5,3,39.65,2.1000000000000014,0
2024-03-10 00:00:00,BIN_003,Gulshan,General,24.9215,67.0977,46.02,32.8,77.0,1,0,0,0,6,3,41.75,4.270000000000003,0
2024-03-10 04:00:00,BIN_003,Gulshan,General,24.9215,67.0977,47.48,30.7,60.1,1,0,0,4,6,3,46.02,1.4599999999999937,0
2024-03-10 08:00:00,BIN_003,Gulshan,General,24.9215,67.0977,50.2,39.3,57.4,1,0,0,8,6,3,47.48,2.720000000000006,0
2024-03-10 12:00:00,BIN_003,Gulshan,General,24.9215,67.0977,53.79,32.7,66.0,1,0,0,12,6,3,50.2,3.5899999999999963,0
2024-03-10 16:00:00,BIN_003,Gulshan,General,24.9215,67.0977,53.99,30.1,75.9,1,0,0,16,6,3,53.79,0.20000000000000284,0
2024-03-10 20:00:00,BIN_003,Gulshan,General,24.9215,67.0977,58.27,39.4,68.4,1,0,0,20,6,3,53.99,4.280000000000001,0
2024-03-11 00:00:00,BIN_003,Gulshan,General,24.9215,67.0977,59.62,31.3,65.5,0,0,0,0,0,3,58.27,1.3499999999999943,0
2024-03-11 04:00:00,BIN_003,Gulshan,General,24.9215,67.0977,60.89,37.0,76.0,0,0,0,4,0,3,59.62,1.2700000000000031,0
2024-03-11 08:00:00,BIN_003,Gulshan,General,24.9215,67.0977,61.18,39.5,62.1,0,0,0,8,0,3,60.89,0.28999999999999915,0
2024-03-11 12:00:00,BIN_003,Gulshan,General,24.9215,67.0977,65.06,34.6,83.0,0,0,0,12,0,3,61.18,3.8800000000000026,0
2024-03-11 16:00:00,BIN_003,Gulshan,General,24.9215,67.0977,66.34,37.6,55.9,0,0,0,16,0,3,65.06,1.2800000000000011,0
2024-03-11 20:00:00,BIN_003,Gulshan,General,24.9215,67.0977,69.31,37.7,66.1,0,0,0,20,0,3,66.34,2.969999999999999,0
2024-03-12 00:00:00,BIN_003,Gulshan,General,24.9215,67.0977,71.29,31.4,68.5,0,0,0,0,1,3,69.31,1.980000000000004,0
2024-03-12 04:00:00,BIN_003,Gulshan,General,24.9215,67.0977,72.2,29.1,60.2,0,0,0,4,1,3,71.29,0.9099999999999966,0
2024-03-12 08:00:00,BIN_003,Gulshan,General,24.9215,67.0977,73.16,40.8,55.2,0,0,0,8,1,3,72.2,0.9599999999999937,0
2024-03-12 12:00:00,BIN_003,Gulshan,General,24.9215,67.0977,74.54,34.8,59.3,0,0,0,12,1,3,73.16,1.3800000000000097,0
2024-03-12 16:00:00,BIN_003,Gulshan,General,24.9215,67.0977,77.02,30.3,88.8,0,1,0,16,1,3,74.54,2.4799999999999898,0
2024-03-12 20:00:00,BIN_003,Gulshan,General,24.9215,67.0977,78.47,30.9,81.0,0,1,0,20,1,3,77.02,1.4500000000000028,0
2024-03-13 00:00:00,BIN_003,Gulshan,General,24.9215,67.0977,81.74,35.8,73.7,0,1,0,0,2,3,78.47,3.269999999999996,0
2024-03-13 04:00:00,BIN_003,Gulshan,General,24.9215,67.0977,83.7,30.7,60.8,0,1,0,4,2,3,81.74,1.960000000000008,0
2024-03-13 08:00:00,BIN_003,Gulshan,General,24.9215,67.0977,85.1,33.2,81.6,0,1,1,8,2,3,83.7,1.3999999999999915,0
2024-03-13 12:00:00,BIN_003,Gulshan,General,24.9215,67.0977,6.05,41.3,80.8,0,0,0,12,2,3,85.1,-79.05,0
2024-03-13 16:00:00,BIN_003,Gulshan,General,24.9215,67.0977,9.25,28.7,64.0,0,0,0,16,2,3,6.05,3.2,0
2024-03-13 20:00:00,BIN_003,Gulshan,General,24.9215,67.0977,11.38,34.5,62.9,0,0,0,20,2,3,9.25,2.130000000000001,0
2024-03-14 00:00:00,BIN_003,Gulshan,General,24.9215,67.0977,13.61,33.9,67.0,0,0,0,0,3,3,11.38,2.2299999999999986,0
2024-03-14 04:00:00,BIN_003,Gulshan,General,24.9215,67.0977,15.64,41.5,70.6,0,0,0,4,3,3,13.61,2.030000000000001,0
2024-03-14 08:00:00,BIN_003,Gulshan,General,24.9215,67.0977,14.11,40.7,74.9,0,0,0,8,3,3,15.64,-1.5300000000000011,0
2024-03-14 12:00:00,BIN_003,Gulshan,General,24.9215,67.0977,15.64,38.7,83.4,0,0,0,12,3,3,14.11,1.5300000000000011,0
2024-03-14 16:00:00,BIN_003,Gulshan,General,24.9215,67.0977,16.21,39.9,67.7,0,0,0,16,3,3,15.64,0.5700000000000003,0
2024-03-14 20:00:00,BIN_003,Gulshan,General,24.9215,67.0977,15.12,39.1,87.9,0,0,0,20,3,3,16.21,-1.0900000000000016,0
2024-03-15 00:00:00,BIN_003,Gulshan,General,24.9215,67.0977,18.98,39.3,84.6,0,0,0,0,4,3,15.12,3.860000000000001,0
2024-03-15 04:00:00,BIN_003,Gulshan,General,24.9215,67.0977,21.82,33.5,56.8,0,0,0,4,4,3,18.98,2.84,0
2024-03-15 08:00:00,BIN_003,Gulshan,General,24.9215,67.0977,26.09,34.3,81.2,0,0,0,8,4,3,21.82,4.27,0
2024-03-15 12:00:00,BIN_003,Gulshan,General,24.9215,67.0977,26.45,33.0,77.2,0,0,0,12,4,3,26.09,0.35999999999999943,0
2024-03-15 16:00:00,BIN_003,Gulshan,General,24.9215,67.0977,29.1,35.6,62.1,0,0,0,16,4,3,26.45,2.650000000000002,0
2024-03-15 20:00:00,BIN_003,Gulshan,General,24.9215,67.0977,29.76,32.1,81.2,0,0,0,20,4,3,29.1,0.6600000000000001,0
2024-03-16 00:00:00,BIN_003,Gulshan,General,24.9215,67.0977,29.81,41.5,80.0,1,0,0,0,5,3,29.76,0.04999999999999716,0
2024-03-16 04:00:00,BIN_003,Gulshan,General,24.9215,67.0977,31.98,41.4,69.9,1,0,0,4,5,3,29.81,2.1700000000000017,0
2024-03-16 08:00:00,BIN_003,Gulshan,General,24.9215,67.0977,35.7,35.4,79.8,1,0,0,8,5,3,31.98,3.7200000000000024,0
2024-03-16 12:00:00,BIN_003,Gulshan,General,24.9215,67.0977,37.92,31.5,70.6,1,0,0,12,5,3,35.7,2.219999999999999,0
2024-03-16 16:00:00,BIN_003,Gulshan,General,24.9215,67.0977,39.82,28.0,56.4,1,0,0,16,5,3,37.92,1.8999999999999986,0
2024-03-16 20:00:00,BIN_003,Gulshan,General,24.9215,67.0977,41.62,41.7,63.5,1,0,0,20,5,3,39.82,1.7999999999999972,0
2024-03-17 00:00:00,BIN_003,Gulshan,General,24.9215,67.0977,45.36,35.7,60.4,1,0,0,0,6,3,41.62,3.740000000000002,0
2024-03-17 04:00:00,BIN_003,Gulshan,General,24.9215,67.0977,48.36,38.2,76.0,1,0,0,4,6,3,45.36,3.0,0
2024-03-17 08:00:00,BIN_003,Gulshan,General,24.9215,67.0977,51.99,41.7,75.1,1,0,0,8,6,3,48.36,3.6300000000000026,0
2024-03-17 12:00:00,BIN_003,Gulshan,General,24.9215,67.0977,55.43,32.8,77.7,1,0,0,12,6,3,51.99,3.4399999999999977,0
2024-03-17 16:00:00,BIN_003,Gulshan,General,24.9215,67.0977,57.21,39.4,75.9,1,0,0,16,6,3,55.43,1.7800000000000011,0
2024-03-17 20:00:00,BIN_003,Gulshan,General,24.9215,67.0977,58.35,33.5,71.6,1,0,0,20,6,3,57.21,1.1400000000000006,0
2024-03-18 00:00:00,BIN_003,Gulshan,General,24.9215,67.0977,59.5,40.2,58.1,0,0,0,0,0,3,58.35,1.1499999999999986,0
2024-03-18 04:00:00,BIN_003,Gulshan,General,24.9215,67.0977,62.65,38.9,84.7,0,0,0,4,0,3,59.5,3.1499999999999986,0
2024-03-18 08:00:00,BIN_003,Gulshan,General,24.9215,67.0977,64.0,30.3,79.7,0,0,0,8,0,3,62.65,1.3500000000000014,0
2024-03-18 12:00:00,BIN_003,Gulshan,General,24.9215,67.0977,63.85,35.5,77.2,0,0,0,12,0,3,64.0,-0.14999999999999858,0
2024-03-18 16:00:00,BIN_003,Gulshan,General,24.9215,67.0977,64.75,28.6,66.3,0,0,0,16,0,3,63.85,0.8999999999999986,0
2024-03-18 20:00:00,BIN_003,Gulshan,General,24.9215,67.0977,65.6,35.8,85.0,0,0,0,20,0,3,64.75,0.8499999999999943,0
2024-03-19 00:00:00,BIN_003,Gulshan,General,24.9215,67.0977,66.27,41.3,80.2,0,0,0,0,1,3,65.6,0.6700000000000017,0
2024-03-19 04:00:00,BIN_003,Gulshan,General,24.9215,67.0977,70.88,41.0,73.5,0,0,0,4,1,3,66.27,4.609999999999999,0
2024-03-19 08:00:00,BIN_003,Gulshan,General,24.9215,67.0977,71.74,32.2,73.6,0,0,0,8,1,3,70.88,0.8599999999999994,0
2024-03-19 12:00:00,BIN_003,Gulshan,General,24.9215,67.0977,74.05,35.9,76.0,0,0,0,12,1,3,71.74,2.3100000000000023,0
2024-03-19 16:00:00,BIN_003,Gulshan,General,24.9215,67.0977,75.23,36.6,88.9,0,1,0,16,1,3,74.05,1.1800000000000068,0
2024-03-19 20:00:00,BIN_003,Gulshan,General,24.9215,67.0977,75.34,38.2,87.3,0,1,0,20,1,3,75.23,0.10999999999999943,0
2024-03-20 00:00:00,BIN_003,Gulshan,General,24.9215,67.0977,77.87,30.7,78.3,0,1,0,0,2,3,75.34,2.530000000000001,0
2024-03-20 04:00:00,BIN_003,Gulshan,General,24.9215,67.0977,81.81,36.7,76.1,0,1,0,4,2,3,77.87,3.9399999999999977,0
2024-03-20 08:00:00,BIN_003,Gulshan,General,24.9215,67.0977,88.31,32.7,73.2,0,1,1,8,2,3,81.81,6.5,0
2024-03-20 12:00:00,BIN_003,Gulshan,General,24.9215,67.0977,2.06,39.3,61.5,0,0,0,12,2,3,88.31,-86.25,0
2024-03-20 16:00:00,BIN_003,Gulshan,General,24.9215,67.0977,3.64,37.2,70.3,0,0,0,16,2,3,2.06,1.58,0
2024-03-20 20:00:00,BIN_003,Gulshan,General,24.9215,67.0977,4.17,31.9,74.5,0,0,0,20,2,3,3.64,0.5299999999999998,0
2024-03-21 00:00:00,BIN_003,Gulshan,General,24.9215,67.0977,6.77,40.9,72.6,0,0,0,0,3,3,4.17,2.5999999999999996,0
2024-03-21 04:00:00,BIN_003,Gulshan,General,24.9215,67.0977,8.25,32.6,80.8,0,0,0,4,3,3,6.77,1.4800000000000004,0
2024-03-21 08:00:00,BIN_003,Gulshan,General,24.9215,67.0977,9.97,32.7,87.2,0,0,0,8,3,3,8.25,1.7200000000000006,0
2024-03-21 12:00:00,BIN_003,Gulshan,General,24.9215,67.0977,10.92,28.2,74.3,0,0,0,12,3,3,9.97,0.9499999999999993,0
2024-03-21 16:00:00,BIN_003,Gulshan,General,24.9215,67.0977,12.53,29.2,89.0,0,0,0,16,3,3,10.92,1.6099999999999994,0
2024-03-21 20:00:00,BIN_003,Gulshan,General,24.9215,67.0977,16.86,35.3,76.5,0,0,0,20,3,3,12.53,4.33,0
2024-03-22 00:00:00,BIN_003,Gulshan,General,24.9215,67.0977,18.48,34.0,57.6,0,0,0,0,4,3,16.86,1.620000000000001,0
2024-03-22 04:00:00,BIN_003,Gulshan,General,24.9215,67.0977,17.86,29.5,84.3,0,0,0,4,4,3,18.48,-0.620000000000001,0
2024-03-22 08:00:00,BIN_003,Gulshan,General,24.9215,67.0977,18.56,35.1,81.9,0,0,0,8,4,3,17.86,0.6999999999999993,0
2024-03-22 12:00:00,BIN_003,Gulshan,General,24.9215,67.0977,19.41,28.9,75.2,0,0,0,12,4,3,18.56,0.8500000000000014,0
2024-03-22 16:00:00,BIN_003,Gulshan,General,24.9215,67.0977,22.95,31.7,69.8,0,0,0,16,4,3,19.41,3.539999999999999,0
2024-03-22 20:00:00,BIN_003,Gulshan,General,24.9215,67.0977,24.4,28.6,70.7,0,0,0,20,4,3,22.95,1.4499999999999993,0
2024-03-23 00:00:00,BIN_003,Gulshan,General,24.9215,67.0977,29.23,32.7,66.0,1,0,0,0,5,3,24.4,4.830000000000002,0
2024-03-23 04:00:00,BIN_003,Gulshan,General,24.9215,67.0977,34.3,29.5,67.8,1,0,0,4,5,3,29.23,5.069999999999997,0
2024-03-23 08:00:00,BIN_003,Gulshan,General,24.9215,67.0977,36.92,41.5,89.0,1,0,0,8,5,3,34.3,2.6200000000000045,0
2024-03-23 12:00:00,BIN_003,Gulshan,General,24.9215,67.0977,38.73,40.1,76.0,1,0,0,12,5,3,36.92,1.8099999999999952,0
2024-03-23 16:00:00,BIN_003,Gulshan,General,24.9215,67.0977,39.44,36.8,70.9,1,0,0,16,5,3,38.73,0.7100000000000009,0
2024-03-23 20:00:00,BIN_003,Gulshan,General,24.9215,67.0977,43.23,34.7,81.5,1,0,0,20,5,3,39.44,3.789999999999999,0
2024-03-24 00:00:00,BIN_003,Gulshan,General,24.9215,67.0977,44.09,40.9,57.0,1,0,0,0,6,3,43.23,0.8600000000000065,0
2024-03-24 04:00:00,BIN_003,Gulshan,General,24.9215,67.0977,44.66,34.8,86.9,1,0,0,4,6,3,44.09,0.5699999999999932,0
2024-03-24 08:00:00,BIN_003,Gulshan,General,24.9215,67.0977,48.35,31.5,67.0,1,0,0,8,6,3,44.66,3.690000000000005,0
2024-03-24 12:00:00,BIN_003,Gulshan,General,24.9215,67.0977,53.96,39.9,74.6,1,0,0,12,6,3,48.35,5.609999999999999,0
2024-03-24 16:00:00,BIN_003,Gulshan,General,24.9215,67.0977,54.85,28.2,88.7,1,0,0,16,6,3,53.96,0.8900000000000006,0
2024-03-24 20:00:00,BIN_003,Gulshan,General,24.9215,67.0977,57.2,33.3,76.1,1,0,0,20,6,3,54.85,2.3500000000000014,0
2024-03-25 00:00:00,BIN_003,Gulshan,General,24.9215,67.0977,59.33,41.1,75.1,0,0,0,0,0,3,57.2,2.1299999999999955,0
2024-03-25 04:00:00,BIN_003,Gulshan,General,24.9215,67.0977,60.29,29.8,75.4,0,0,0,4,0,3,59.33,0.9600000000000009,0
2024-03-25 08:00:00,BIN_003,Gulshan,General,24.9215,67.0977,61.3,40.3,77.7,0,0,0,8,0,3,60.29,1.009999999999998,0
2024-03-25 12:00:00,BIN_003,Gulshan,General,24.9215,67.0977,65.21,40.6,76.8,0,0,0,12,0,3,61.3,3.9099999999999966,0
2024-03-25 16:00:00,BIN_003,Gulshan,General,24.9215,67.0977,66.39,30.8,86.8,0,0,0,16,0,3,65.21,1.1800000000000068,0
2024-03-25 20:00:00,BIN_003,Gulshan,General,24.9215,67.0977,67.01,38.6,78.7,0,0,0,20,0,3,66.39,0.6200000000000045,0
2024-03-26 00:00:00,BIN_003,Gulshan,General,24.9215,67.0977,67.41,38.6,71.6,0,0,0,0,1,3,67.01,0.3999999999999915,0
2024-03-26 04:00:00,BIN_003,Gulshan,General,24.9215,67.0977,68.31,31.2,76.6,0,0,0,4,1,3,67.41,0.9000000000000057,0
2024-03-26 08:00:00,BIN_003,Gulshan,General,24.9215,67.0977,69.95,34.6,60.2,0,0,0,8,1,3,68.31,1.6400000000000006,0
2024-03-26 12:00:00,BIN_003,Gulshan,General,24.9215,67.0977,71.35,41.8,62.3,0,0,0,12,1,3,69.95,1.3999999999999915,0
2024-03-26 16:00:00,BIN_003,Gulshan,General,24.9215,67.0977,72.68,38.8,69.9,0,0,0,16,1,3,71.35,1.3300000000000125,0
2024-03-26 20:00:00,BIN_003,Gulshan,General,24.9215,67.0977,73.91,35.9,55.7,0,0,0,20,1,3,72.68,1.2299999999999898,0
2024-03-27 00:00:00,BIN_003,Gulshan,General,24.9215,67.0977,75.59,39.4,86.0,0,1,0,0,2,3,73.91,1.6800000000000068,0
2024-03-27 04:00:00,BIN_003,Gulshan,General,24.9215,67.0977,76.61,29.2,73.8,0,1,0,4,2,3,75.59,1.019999999999996,0
2024-03-27 08:00:00,BIN_003,Gulshan,General,24.9215,67.0977,78.07,39.6,59.7,0,1,0,8,2,3,76.61,1.4599999999999937,0
2024-03-27 12:00:00,BIN_003,Gulshan,General,24.9215,67.0977,80.98,41.1,81.3,0,1,0,12,2,3,78.07,2.910000000000011,0
2024-03-27 16:00:00,BIN_003,Gulshan,General,24.9215,67.0977,83.0,33.1,87.8,0,1,0,16,2,3,80.98,2.019999999999996,0
2024-03-27 20:00:00,BIN_003,Gulshan,General,24.9215,67.0977,85.39,31.9,66.6,0,1,1,20,2,3,83.0,2.3900000000000006,0
2024-03-28 00:00:00,BIN_003,Gulshan,General,24.9215,67.0977,9.67,38.3,57.2,0,0,0,0,3,3,85.39,-75.72,0
2024-03-28 04:00:00,BIN_003,Gulshan,General,24.9215,67.0977,10.56,33.4,64.9,0,0,0,4,3,3,9.67,0.8900000000000006,0
2024-03-28 08:00:00,BIN_003,Gulshan,General,24.9215,67.0977,14.35,41.7,68.2,0,0,0,8,3,3,10.56,3.789999999999999,0
2024-03-28 12:00:00,BIN_003,Gulshan,General,24.9215,67.0977,17.45,39.2,70.2,0,0,0,12,3,3,14.35,3.0999999999999996,0
2024-03-28 16:00:00,BIN_003,Gulshan,General,24.9215,67.0977,18.92,41.3,62.7,0,0,0,16,3,3,17.45,1.4700000000000024,0
2024-03-28 20:00:00,BIN_003,Gulshan,General,24.9215,67.0977,21.04,32.6,81.5,0,0,0,20,3,3,18.92,2.1199999999999974,0
2024-03-29 00:00:00,BIN_003,Gulshan,General,24.9215,67.0977,25.15,34.2,81.0,0,0,0,0,4,3,21.04,4.109999999999999,0
2024-03-29 04:00:00,BIN_003,Gulshan,General,24.9215,67.0977,24.62,31.2,57.0,0,0,0,4,4,3,25.15,-0.5299999999999976,0
2024-03-29 08:00:00,BIN_003,Gulshan,General,24.9215,67.0977,26.03,30.4,67.4,0,0,0,8,4,3,24.62,1.4100000000000001,0
2024-03-29 12:00:00,BIN_003,Gulshan,General,24.9215,67.0977,24.97,33.6,57.0,0,0,0,12,4,3,26.03,-1.0600000000000023,0
2024-03-29 16:00:00,BIN_003,Gulshan,General,24.9215,67.0977,28.17,30.1,75.9,0,0,0,16,4,3,24.97,3.200000000000003,0
2024-03-29 20:00:00,BIN_003,Gulshan,General,24.9215,67.0977,30.25,37.3,69.7,0,0,0,20,4,3,28.17,2.0799999999999983,0
2024-03-30 00:00:00,BIN_003,Gulshan,General,24.9215,67.0977,31.45,35.1,55.3,1,0,0,0,5,3,30.25,1.1999999999999993,0
2024-03-30 04:00:00,BIN_003,Gulshan,General,24.9215,67.0977,36.24,37.7,78.1,1,0,0,4,5,3,31.45,4.790000000000003,0
2024-03-30 08:00:00,BIN_003,Gulshan,General,24.9215,67.0977,38.37,41.7,69.7,1,0,0,8,5,3,36.24,2.1299999999999955,0
2024-03-30 12:00:00,BIN_003,Gulshan,General,24.9215,67.0977,40.09,35.0,86.8,1,0,0,12,5,3,38.37,1.720000000000006,0
2024-03-30 16:00:00,BIN_003,Gulshan,General,24.9215,67.0977,43.32,39.2,85.3,1,0,0,16,5,3,40.09,3.229999999999997,0
2024-03-30 20:00:00,BIN_003,Gulshan,General,24.9215,67.0977,48.08,34.4,71.6,1,0,0,20,5,3,43.32,4.759999999999998,0
2024-01-01 04:00:00,BIN_004,North Nazimabad,Organic,24.948,67.063,9.98,40.3,62.1,0,0,0,4,0,1,8.3,1.6799999999999997,2
2024-01-01 08:00:00,BIN_004,North Nazimabad,Organic,24.948,67.063,12.05,28.8,89.0,0,0,0,8,0,1,9.98,2.0700000000000003,2
2024-01-01 12:00:00,BIN_004,North Nazimabad,Organic,24.948,67.063,15.68,35.2,65.2,0,0,0,12,0,1,12.05,3.629999999999999,2
2024-01-01 16:00:00,BIN_004,North Nazimabad,Organic,24.948,67.063,19.13,32.3,61.7,0,0,0,16,0,1,15.68,3.4499999999999993,2
2024-01-01 20:00:00,BIN_004,North Nazimabad,Organic,24.948,67.063,20.71,29.8,65.4,0,0,0,20,0,1,19.13,1.5800000000000018,2
2024-01-02 00:00:00,BIN_004,North Nazimabad,Organic,24.948,67.063,22.22,31.2,60.8,0,0,0,0,1,1,20.71,1.509999999999998,2
2024-01-02 04:00:00,BIN_004,North Nazimabad,Organic,24.948,67.063,26.21,32.7,87.9,0,0,0,4,1,1,22.22,3.990000000000002,2
2024-01-02 08:00:00,BIN_004,North Nazimabad,Organic,24.948,67.063,25.95,40.5,71.1,0,0,0,8,1,1,26.21,-0.26000000000000156,2
2024-01-02 12:00:00,BIN_004,North Nazimabad,Organic,24.948,67.063,27.59,37.9,89.4,0,0,0,12,1,1,25.95,1.6400000000000006,2
2024-01-02 16:00:00,BIN_004,North Nazimabad,Organic,24.948,67.063,27.86,30.6,56.4,0,0,0,16,1,1,27.59,0.2699999999999996,2
2024-01-02 20:00:00,BIN_004,North Nazimabad,Organic,24.948,67.063,31.07,28.3,82.1,0,0,0,20,1,1,27.86,3.210000000000001,2
2024-01-03 00:00:00,BIN_004,North Nazimabad,Organic,24.948,67.063,32.65,36.5,70.0,0,0,0,0,2,1,31.07,1.5799999999999983,2
2024-01-03 04:00:00,BIN_004,North Nazimabad,Organic,24.948,67.063,32.72,28.4,82.4,0,0,0,4,2,1,32.65,0.07000000000000028,2
2024-01-03 08:00:00,BIN_004,North Nazimabad,Organic,24.948,67.063,34.22,35.5,71.7,0,0,0,8,2,1,32.72,1.5,2
2024-01-03 12:00:00,BIN_004,North Nazimabad,Organic,24.948,67.063,37.35,33.4,86.1,0,0,0,12,2,1,34.22,3.1300000000000026,2
2024-01-03 16:00:00,BIN_004,North Nazimabad,Organic,24.948,67.063,38.62,36.6,87.4,0,0,0,16,2,1,37.35,1.269999999999996,2
2024-01-03 20:00:00,BIN_004,North Nazimabad,Organic,24.948,67.063,41.46,41.5,72.8,0,0,0,20,2,1,38.62,2.8400000000000034,2
2024-01-04 00:00:00,BIN_004,North Nazimabad,Organic,24.948,67.063,40.58,41.4,60.0,0,0,0,0,3,1,41.46,-0.8800000000000026,2
2024-01-04 04:00:00,BIN_004,North Nazimabad,Organic,24.948,67.063,41.75,36.1,64.9,0,0,0,4,3,1,40.58,1.1700000000000017,2
2024-01-04 08:00:00,BIN_004,North Nazimabad,Organic,24.948,67.063,42.47,42.0,56.9,0,0,0,8,3,1,41.75,0.7199999999999989,2
2024-01-04 12:00:00,BIN_004,North Nazimabad,Organic,24.948,67.063,41.85,36.1,57.9,0,0,0,12,3,1,42.47,-0.6199999999999974,2
2024-01-04 16:00:00,BIN_004,North Nazimabad,Organic,24.948,67.063,43.27,35.1,64.1,0,0,0,16,3,1,41.85,1.4200000000000017,2
2024-01-04 20:00:00,BIN_004,North Nazimabad,Organic,24.948,67.063,43.24,32.4,58.0,0,0,0,20,3,1,43.27,-0.030000000000001137,2
2024-01-05 00:00:00,BIN_004,North Nazimabad,Organic,24.948,67.063,44.74,36.0,86.8,0,0,0,0,4,1,43.24,1.5,2
2024-01-05 04:00:00,BIN_004,North Nazimabad,Organic,24.948,67.063,47.11,28.1,83.4,0,0,0,4,4,1,44.74,2.3699999999999974,2
2024-01-05 08:00:00,BIN_004,North Nazimabad,Organic,24.948,67.063,48.36,31.6,70.7,0,0,0,8,4,1,47.11,1.25,2
2024-01-05 12:00:00,BIN_004,North Nazimabad,Organic,24.948,67.063,50.13,37.7,80.7,0,0,0,12,4,1,48.36,1.7700000000000031,2
2024-01-05 16:00:00,BIN_004,North Nazimabad,Organic,24.948,67.063,54.85,33.7,60.9,0,0,0,16,4,1,50.13,4.719999999999999,2
2024-01-05 20:00:00,BIN_004,North Nazimabad,Organic,24.948,67.063,60.0,41.7,84.9,0,0,0,20,4,1,54.85,5.149999999999999,2
2024-01-06 00:00:00,BIN_004,North Nazimabad,Organic,24.948,67.063,66.02,31.2,74.0,1,0,0,0,5,1,60.0,6.019999999999996,2
2024-01-06 04:00:00,BIN_004,North Nazimabad,Organic,24.948,67.063,68.21,37.7,73.0,1,0,0,4,5,1,66.02,2.1899999999999977,2
2024-01-06 08:00:00,BIN_004,North Nazimabad,Organic,24.948,67.063,72.39,30.4,68.5,1,0,0,8,5,1,68.21,4.180000000000007,2
2024-01-06 12:00:00,BIN_004,North Nazimabad,Organic,24.948,67.063,73.73,32.9,70.1,1,0,0,12,5,1,72.39,1.3400000000000034,2
2024-01-06 16:00:00,BIN_004,North Nazimabad,Organic,24.948,67.063,75.85,39.1,75.2,1,1,0,16,5,1,73.73,2.1199999999999903,2
2024-01-06 20:00:00,BIN_004,North Nazimabad,Organic,24.948,67.063,80.37,32.8,83.3,1,1,0,20,5,1,75.85,4.52000000000001,2
2024-01-07 00:00:00,BIN_004,North Nazimabad,Organic,24.948,67.063,81.48,35.1,64.1,1,1,0,0,6,1,80.37,1.1099999999999994,2
2024-01-07 04:00:00,BIN_004,North Nazimabad,Organic,24.948,67.063,82.65,28.1,77.7,1,1,0,4,6,1,81.48,1.1700000000000017,2
2024-01-07 08:00:00,BIN_004,North Nazimabad,Organic,24.948,67.063,80.55,41.5,75.0,1,1,0,8,6,1,82.65,-2.1000000000000085,2
2024-01-07 12:00:00,BIN_004,North Nazimabad,Organic,24.948,67.063,83.68,40.1,59.9,1,1,0,12,6,1,80.55,3.1300000000000097,2
2024-01-07 16:00:00,BIN_004,North Nazimabad,Organic,24.948,67.063,87.52,36.2,80.1,1,1,1,16,6,1,83.68,3.839999999999989,2
2024-01-07 20:00:00,BIN_004,North Nazimabad,Organic,24.948,67.063,6.27,29.3,71.0,1,0,0,20,6,1,87.52,-81.25,2
2024-01-08 00:00:00,BIN_004,North Nazimabad,Organic,24.948,67.063,9.5,31.4,88.8,0,0,0,0,0,1,6.27,3.2300000000000004,2
2024-01-08 04:00:00,BIN_004,North Nazimabad,Organic,24.948,67.063,10.8,41.4,63.7,0,0,0,4,0,1,9.5,1.3000000000000007,2
2024-01-08 08:00:00,BIN_004,North Nazimabad,Organic,24.948,67.063,13.67,41.5,70.5,0,0,0,8,0,1,10.8,2.869999999999999,2
2024-01-08 12:00:00,BIN_004,North Nazimabad,Organic,24.948,67.063,14.97,32.5,73.4,0,0,0,12,0,1,13.67,1.3000000000000007,2
2024-01-08 16:00:00,BIN_004,North Nazimabad,Organic,24.948,67.063,15.02,38.3,56.8,0,0,0,16,0,1,14.97,0.049999999999998934,2
2024-01-08 20:00:00,BIN_004,North Nazimabad,Organic,24.948,67.063,18.14,28.7,68.5,0,0,0,20,0,1,15.02,3.120000000000001,2
2024-01-09 00:00:00,BIN_004,North Nazimabad,Organic,24.948,67.063,17.84,34.9,66.2,0,0,0,0,1,1,18.14,-0.3000000000000007,2
2024-01-09 04:00:00,BIN_004,North Nazimabad,Organic,24.948,67.063,17.95,30.7,65.8,0,0,0,4,1,1,17.84,0.10999999999999943,2
2024-01-09 08:00:00,BIN_004,North Nazimabad,Organic,24.948,67.063,19.58,34.2,75.2,0,0,0,8,1,1,17.95,1.629999999999999,2
2024-01-09 12:00:00,BIN_004,North Nazimabad,Organic,24.948,67.063,21.86,41.8,63.5,0,0,0,12,1,1,19.58,2.280000000000001,2
2024-01-09 16:00:00,BIN_004,North Nazimabad,Organic,24.948,67.063,25.33,36.5,58.1,0,0,0,16,1,1,21.86,3.469999999999999,2
2024-01-09 20:00:00,BIN_004,North Nazimabad,Organic,24.948,67.063,28.52,37.5,57.2,0,0,0,20,1,1,25.33,3.1900000000000013,2
2024-01-10 00:00:00,BIN_004,North Nazimabad,Organic,24.948,67.063,32.52,31.0,84.5,0,0,0,0,2,1,28.52,4.0000000000000036,2
2024-01-10 04:00:00,BIN_004,North Nazimabad,Organic,24.948,67.063,35.16,28.4,84.5,0,0,0,4,2,1,32.52,2.6399999999999935,2
2024-01-10 08:00:00,BIN_004,North Nazimabad,Organic,24.948,67.063,34.66,29.9,88.4,0,0,0,8,2,1,35.16,-0.5,2
2024-01-10 12:00:00,BIN_004,North Nazimabad,Organic,24.948,67.063,36.08,29.0,62.0,0,0,0,12,2,1,34.66,1.4200000000000017,2
2024-01-10 16:00:00,BIN_004,North Nazimabad,Organic,24.948,67.063,39.62,35.6,59.4,0,0,0,16,2,1,36.08,3.539999999999999,2
2024-01-10 20:00:00,BIN_004,North Nazimabad,Organic,24.948,67.063,39.06,32.1,63.4,0,0,0,20,2,1,39.62,-0.5599999999999952,2
2024-01-11 00:00:00,BIN_004,North Nazimabad,Organic,24.948,67.063,40.16,37.9,62.6,0,0,0,0,3,1,39.06,1.0999999999999943,2
2024-01-11 04:00:00,BIN_004,North Nazimabad,Organic,24.948,67.063,39.84,33.1,68.7,0,0,0,4,3,1,40.16,-0.3199999999999932,2
2024-01-11 08:00:00,BIN_004,North Nazimabad,Organic,24.948,67.063,40.63,29.0,66.1,0,0,0,8,3,1,39.84,0.7899999999999991,2
2024-01-11 12:00:00,BIN_004,North Nazimabad,Organic,24.948,67.063,43.46,31.7,72.7,0,0,0,12,3,1,40.63,2.8299999999999983,2
2024-01-11 16:00:00,BIN_004,North Nazimabad,Organic,24.948,67.063,45.93,39.8,67.6,0,0,0,16,3,1,43.46,2.469999999999999,2
2024-01-11 20:00:00,BIN_004,North Nazimabad,Organic,24.948,67.063,48.24,37.6,65.9,0,0,0,20,3,1,45.93,2.3100000000000023,2
2024-01-12 00:00:00,BIN_004,North Nazimabad,Organic,24.948,67.063,50.21,28.1,69.3,0,0,0,0,4,1,48.24,1.9699999999999989,2
2024-01-12 04:00:00,BIN_004,North Nazimabad,Organic,24.948,67.063,51.43,32.6,79.3,0,0,0,4,4,1,50.21,1.2199999999999989,2
2024-01-12 08:00:00,BIN_004,North Nazimabad,Organic,24.948,67.063,52.02,39.4,65.3,0,0,0,8,4,1,51.43,0.5900000000000034,2
2024-01-12 12:00:00,BIN_004,North Nazimabad,Organic,24.948,67.063,55.31,34.2,80.4,0,0,0,12,4,1,52.02,3.289999999999999,2
2024-01-12 16:00:00,BIN_004,North Nazimabad,Organic,24.948,67.063,58.06,36.5,87.0,0,0,0,16,4,1,55.31,2.75,2
2024-01-12 20:00:00,BIN_004,North Nazimabad,Organic,24.948,67.063,58.06,30.2,81.3,0,0,0,20,4,1,58.06,0.0,2
2024-01-13 00:00:00,BIN_004,North Nazimabad,Organic,24.948,67.063,57.82,34.6,66.7,1,0,0,0,5,1,58.06,-0.240000000000002,2
2024-01-13 04:00:00,BIN_004,North Nazimabad,Organic,24.948,67.063,60.83,36.1,86.1,1,0,0,4,5,1,57.82,3.009999999999998,2
2024-01-13 08:00:00,BIN_004,North Nazimabad,Organic,24.948,67.063,66.0,35.3,56.8,1,0,0,8,5,1,60.83,5.170000000000002,2
2024-01-13 12:00:00,BIN_004,North Nazimabad,Organic,24.948,67.063,69.79,31.3,72.2,1,0,0,12,5,1,66.0,3.7900000000000063,2
2024-01-13 16:00:00,BIN_004,North Nazimabad,Organic,24.948,67.063,70.63,35.1,66.3,1,0,0,16,5,1,69.79,0.8399999999999892,2
2024-01-13 20:00:00,BIN_004,North Nazimabad,Organic,24.948,67.063,72.04,31.6,71.2,1,0,0,20,5,1,70.63,1.4100000000000108,2
2024-01-14 00:00:00,BIN_004,North Nazimabad,Organic,24.948,67.063,74.9,29.5,82.2,1,0,0,0,6,1,72.04,2.8599999999999994,2
2024-01-14 04:00:00,BIN_004,North Nazimabad,Organic,24.948,67.063,78.23,39.3,81.9,1,1,0,4,6,1,74.9,3.3299999999999983,2
2024-01-14 08:00:00,BIN_004,North Nazimabad,Organic,24.948,67.063,80.94,39.7,75.2,1,1,0,8,6,1,78.23,2.7099999999999937,2
2024-01-14 12:00:00,BIN_004,North Nazimabad,Organic,24.948,67.063,81.95,37.0,71.0,1,1,0,12,6,1,80.94,1.0100000000000051,2
2024-01-14 16:00:00,BIN_004,North Nazimabad,Organic,24.948,67.063,83.42,36.9,57.9,1,1,0,16,6,1,81.95,1.4699999999999989,2
2024-01-14 20:00:00,BIN_004,North Nazimabad,Organic,24.948,67.063,85.72,34.1,65.2,1,1,1,20,6,1,83.42,2.299999999999997,2
2024-01-15 00:00:00,BIN_004,North Nazimabad,Organic,24.948,67.063,7.79,39.1,60.7,0,0,0,0,0,1,85.72,-77.92999999999999,2
2024-01-15 04:00:00,BIN_004,North Nazimabad,Organic,24.948,67.063,8.37,29.5,60.1,0,0,0,4,0,1,7.79,0.5799999999999992,2
2024-01-15 08:00:00,BIN_004,North Nazimabad,Organic,24.948,67.063,10.22,34.5,58.7,0,0,0,8,0,1,8.37,1.8500000000000014,2
2024-01-15 12:00:00,BIN_004,North Nazimabad,Organic,24.948,67.063,13.53,37.1,85.4,0,0,0,12,0,1,10.22,3.3099999999999987,2
2024-01-15 16:00:00,BIN_004,North Nazimabad,Organic,24.948,67.063,15.9,29.1,58.9,0,0,0,16,0,1,13.53,2.370000000000001,2
2024-01-15 20:00:00,BIN_004,North Nazimabad,Organic,24.948,67.063,19.29,28.7,64.0,0,0,0,20,0,1,15.9,3.389999999999999,2
2024-01-16 00:00:00,BIN_004,North Nazimabad,Organic,24.948,67.063,20.42,33.4,88.0,0,0,0,0,1,1,19.29,1.1300000000000026,2
2024-01-16 04:00:00,BIN_004,North Nazimabad,Organic,24.948,67.063,21.22,36.5,84.2,0,0,0,4,1,1,20.42,0.7999999999999972,2
2024-01-16 08:00:00,BIN_004,North Nazimabad,Organic,24.948,67.063,22.02,38.3,64.6,0,0,0,8,1,1,21.22,0.8000000000000007,2
2024-01-16 12:00:00,BIN_004,North Nazimabad,Organic,24.948,67.063,24.26,36.9,66.9,0,0,0,12,1,1,22.02,2.240000000000002,2
2024-01-16 16:00:00,BIN_004,North Nazimabad,Organic,24.948,67.063,26.47,28.3,79.4,0,0,0,16,1,1,24.26,2.2099999999999973,2
2024-01-16 20:00:00,BIN_004,North Nazimabad,Organic,24.948,67.063,27.96,38.2,84.3,0,0,0,20,1,1,26.47,1.490000000000002,2
2024-01-17 00:00:00,BIN_004,North Nazimabad,Organic,24.948,67.063,31.69,29.8,77.8,0,0,0,0,2,1,27.96,3.7300000000000004,2
2024-01-17 04:00:00,BIN_004,North Nazimabad,Organic,24.948,67.063,35.4,41.8,86.9,0,0,0,4,2,1,31.69,3.7099999999999973,2
2024-01-17 08:00:00,BIN_004,North Nazimabad,Organic,24.948,67.063,36.32,33.1,83.9,0,0,0,8,2,1,35.4,0.9200000000000017,2
2024-01-17 12:00:00,BIN_004,North Nazimabad,Organic,24.948,67.063,37.94,37.8,71.1,0,0,0,12,2,1,36.32,1.6199999999999974,2
2024-01-17 16:00:00,BIN_004,North Nazimabad,Organic,24.948,67.063,39.52,34.6,87.5,0,0,0,16,2,1,37.94,1.5800000000000054,2
2024-01-17 20:00:00,BIN_004,North Nazimabad,Organic,24.948,67.063,40.3,37.0,65.9,0,0,0,20,2,1,39.52,0.779999999999994,2
2024-01-18 00:00:00,BIN_004,North Nazimabad,Organic,24.948,67.063,40.91,41.6,67.6,0,0,0,0,3,1,40.3,0.6099999999999994,2
2024-01-18 04:00:00,BIN_004,North Nazimabad,Organic,24.948,67.063,42.71,34.7,67.4,0,0,0,4,3,1,40.91,1.8000000000000043,2
2024-01-18 08:00:00,BIN_004,North Nazimabad,Organic,24.948,67.063,46.13,38.0,64.4,0,0,0,8,3,1,42.71,3.4200000000000017,2
2024-01-18 12:00:00,BIN_004,North Nazimabad,Organic,24.948,67.063,49.76,32.4,59.4,0,0,0,12,3,1,46.13,3.6299999999999955,2
2024-01-18 16:00:00,BIN_004,North Nazimabad,Organic,24.948,67.063,51.01,36.4,85.4,0,0,0,16,3,1,49.76,1.25,2
2024-01-18 20:00:00,BIN_004,North Nazimabad,Organic,24.948,67.063,52.9,40.5,70.7,0,0,0,20,3,1,51.01,1.8900000000000006,2
2024-01-19 00:00:00,BIN_004,North Nazimabad,Organic,24.948,67.063,53.43,37.4,83.7,0,0,0,0,4,1,52.9,0.5300000000000011,2
2024-01-19 04:00:00,BIN_004,North Nazimabad,Organic,24.948,67.063,55.05,31.4,69.7,0,0,0,4,4,1,53.43,1.6199999999999974,2
2024-01-19 08:00:00,BIN_004,North Nazimabad,Organic,24.948,67.063,57.24,30.7,58.6,0,0,0,8,4,1,55.05,2.190000000000005,2
2024-01-19 12:00:00,BIN_004,North Nazimabad,Organic,24.948,67.063,56.61,40.8,83.7,0,0,0,12,4,1,57.24,-0.6300000000000026,2
2024-01-19 16:00:00,BIN_004,North Nazimabad,Organic,24.948,67.063,58.02,32.8,74.1,0,0,0,16,4,1,56.61,1.4100000000000037,2
2024-01-19 20:00:00,BIN_004,North Nazimabad,Organic,24.948,67.063,61.52,29.3,81.5,0,0,0,20,4,1,58.02,3.5,2
2024-01-20 00:00:00,BIN_004,North Nazimabad,Organic,24.948,67.063,61.86,30.6,61.4,1,0,0,0,5,1,61.52,0.3399999999999963,2
2024-01-20 04:00:00,BIN_004,North Nazimabad,Organic,24.948,67.063,64.62,28.8,75.6,1,0,0,4,5,1,61.86,2.760000000000005,2
2024-01-20 08:00:00,BIN_004,North Nazimabad,Organic,24.948,67.063,67.01,39.5,66.4,1,0,0,8,5,1,64.62,2.3900000000000006,2
2024-01-20 12:00:00,BIN_004,North Nazimabad,Organic,24.948,67.063,68.37,32.9,75.9,1,0,0,12,5,1,67.01,1.3599999999999994,2
2024-01-20 16:00:00,BIN_004,North Nazimabad,Organic,24.948,67.063,71.75,36.1,81.0,1,0,0,16,5,1,68.37,3.3799999999999955,2
2024-01-20 20:00:00,BIN_004,North Nazimabad,Organic,24.948,67.063,76.09,37.5,62.2,1,1,0,20,5,1,71.75,4.340000000000003,2
2024-01-21 00:00:00,BIN_004,North Nazimabad,Organic,24.948,67.063,77.04,29.8,78.7,1,1,0,0,6,1,76.09,0.9500000000000028,2
2024-01-21 04:00:00,BIN_004,North Nazimabad,Organic,24.948,67.063,78.78,40.0,88.7,1,1,0,4,6,1,77.04,1.7399999999999949,2
2024-01-21 08:00:00,BIN_004,North Nazimabad,Organic,24.948,67.063,79.31,29.5,83.4,1,1,0,8,6,1,78.78,0.5300000000000011,2
2024-01-21 12:00:00,BIN_004,North Nazimabad,Organic,24.948,67.063,82.26,36.1,76.6,1,1,0,12,6,1,79.31,2.950000000000003,2
2024-01-21 16:00:00,BIN_004,North Nazimabad,Organic,24.948,67.063,85.57,39.7,57.0,1,1,1,16,6,1,82.26,3.309999999999988,2
2024-01-21 20:00:00,BIN_004,North Nazimabad,Organic,24.948,67.063,11.2,39.9,65.0,1,0,0,20,6,1,85.57,-74.36999999999999,2
2024-01-22 00:00:00,BIN_004,North Nazimabad,Organic,24.948,67.063,10.84,41.4,56.2,0,0,0,0,0,1,11.2,-0.35999999999999943,2
2024-01-22 04:00:00,BIN_004,North Nazimabad,Organic,24.948,67.063,14.15,36.1,60.8,0,0,0,4,0,1,10.84,3.3100000000000005,2
2024-01-22 08:00:00,BIN_004,North Nazimabad,Organic,24.948,67.063,14.61,31.3,72.3,0,0,0,8,0,1,14.15,0.4599999999999991,2
2024-01-22 12:00:00,BIN_004,North Nazimabad,Organic,24.948,67.063,17.17,40.8,62.4,0,0,0,12,0,1,14.61,2.5600000000000023,2
2024-01-22 16:00:00,BIN_004,North Nazimabad,Organic,24.948,67.063,19.54,35.0,86.9,0,0,0,16,0,1,17.17,2.3699999999999974,2
2024-01-22 20:00:00,BIN_004,North Nazimabad,Organic,24.948,67.063,20.4,30.1,77.6,0,0,0,20,0,1,19.54,0.8599999999999994,2
2024-01-23 00:00:00,BIN_004,North Nazimabad,Organic,24.948,67.063,21.25,37.6,75.8,0,0,0,0,1,1,20.4,0.8500000000000014,2
2024-01-23 04:00:00,BIN_004,North Nazimabad,Organic,24.948,67.063,22.3,38.6,65.8,0,0,0,4,1,1,21.25,1.0500000000000007,2
2024-01-23 08:00:00,BIN_004,North Nazimabad,Organic,24.948,67.063,20.77,41.8,65.2,0,0,0,8,1,1,22.3,-1.5300000000000011,2
2024-01-23 12:00:00,BIN_004,North Nazimabad,Organic,24.948,67.063,20.71,32.1,67.4,0,0,0,12,1,1,20.77,-0.05999999999999872,2
2024-01-23 16:00:00,BIN_004,North Nazimabad,Organic,24.948,67.063,20.07,40.8,64.3,0,0,0,16,1,1,20.71,-0.6400000000000006,2
2024-01-23 20:00:00,BIN_004,North Nazimabad,Organic,24.948,67.063,22.42,40.5,58.6,0,0,0,20,1,1,20.07,2.3500000000000014,2
2024-01-24 00:00:00,BIN_004,North Nazimabad,Organic,24.948,67.063,25.19,30.4,88.9,0,0,0,0,2,1,22.42,2.7699999999999996,2
2024-01-24 04:00:00,BIN_004,North Nazimabad,Organic,24.948,67.063,27.32,34.3,88.1,0,0,0,4,2,1,25.19,2.129999999999999,2
2024-01-24 08:00:00,BIN_004,North Nazimabad,Organic,24.948,67.063,27.27,30.6,65.6,0,0,0,8,2,1,27.32,-0.05000000000000071,2
2024-01-24 12:00:00,BIN_004,North Nazimabad,Organic,24.948,67.063,30.59,29.3,60.0,0,0,0,12,2,1,27.27,3.3200000000000003,2
2024-01-24 16:00:00,BIN_004,North Nazimabad,Organic,24.948,67.063,32.05,39.1,59.9,0,0,0,16,2,1,30.59,1.4599999999999973,2
2024-01-24 20:00:00,BIN_004,North Nazimabad,Organic,24.948,67.063,32.42,29.8,77.5,0,0,0,20,2,1,32.05,0.37000000000000455,2
2024-01-25 00:00:00,BIN_004,North Nazimabad,Organic,24.948,67.063,33.42,37.2,73.8,0,0,0,0,3,1,32.42,1.0,2
2024-01-25 04:00:00,BIN_004,North Nazimabad,Organic,24.948,67.063,36.76,37.5,78.9,0,0,0,4,3,1,33.42,3.3399999999999963,2
2024-01-25 08:00:00,BIN_004,North Nazimabad,Organic,24.948,67.063,36.41,28.5,70.9,0,0,0,8,3,1,36.76,-0.3500000000000014,2
2024-01-25 12:00:00,BIN_004,North Nazimabad,Organic,24.948,67.063,39.29,40.5,74.9,0,0,0,12,3,1,36.41,2.8800000000000026,2
2024-01-25 16:00:00,BIN_004,North Nazimabad,Organic,24.948,67.063,41.77,37.4,89.3,0,0,0,16,3,1,39.29,2.480000000000004,2
2024-01-25 20:00:00,BIN_004,North Nazimabad,Organic,24.948,67.063,42.19,41.8,79.0,0,0,0,20,3,1,41.77,0.4199999999999946,2
2024-01-26 00:00:00,BIN_004,North Nazimabad,Organic,24.948,67.063,45.03,29.5,82.3,0,0,0,0,4,1,42.19,2.8400000000000034,2
2024-01-26 04:00:00,BIN_004,North Nazimabad,Organic,24.948,67.063,45.81,40.7,68.4,0,0,0,4,4,1,45.03,0.7800000000000011,2
2024-01-26 08:00:00,BIN_004,North Nazimabad,Organic,24.948,67.063,45.98,34.1,65.9,0,0,0,8,4,1,45.81,0.1699999999999946,2
2024-01-26 12:00:00,BIN_004,North Nazimabad,Organic,24.948,67.063,50.63,38.7,87.8,0,0,0,12,4,1,45.98,4.650000000000006,2
2024-01-26 16:00:00,BIN_004,North Nazimabad,Organic,24.948,67.063,52.92,31.5,57.4,0,0,0,16,4,1,50.63,2.289999999999999,2
2024-01-26 20:00:00,BIN_004,North Nazimabad,Organic,24.948,67.063,55.53,31.8,86.9,0,0,0,20,4,1,52.92,2.6099999999999994,2
2024-01-27 00:00:00,BIN_004,North Nazimabad,Organic,24.948,67.063,59.87,31.6,80.2,1,0,0,0,5,1,55.53,4.339999999999996,2
2024-01-27 04:00:00,BIN_004,North Nazimabad,Organic,24.948,67.063,63.38,28.4,68.1,1,0,0,4,5,1,59.87,3.510000000000005,2
2024-01-27 08:00:00,BIN_004,North Nazimabad,Organic,24.948,67.063,64.12,39.5,63.2,1,0,0,8,5,1,63.38,0.740000000000002,2
2024-01-27 12:00:00,BIN_004,North Nazimabad,Organic,24.948,67.063,66.91,37.1,69.2,1,0,0,12,5,1,64.12,2.789999999999992,2
2024-01-27 16:00:00,BIN_004,North Nazimabad,Organic,24.948,67.063,67.82,28.2,86.8,1,0,0,16,5,1,66.91,0.9099999999999966,2
2024-01-27 20:00:00,BIN_004,North Nazimabad,Organic,24.948,67.063,70.4,31.8,83.7,1,0,0,20,5,1,67.82,2.5800000000000125,2
2024-01-28 00:00:00,BIN_004,North Nazimabad,Organic,24.948,67.063,73.93,41.5,87.1,1,0,0,0,6,1,70.4,3.530000000000001,2
2024-01-28 04:00:00,BIN_004,North Nazimabad,Organic,24.948,67.063,74.34,35.0,82.8,1,0,0,4,6,1,73.93,0.4099999999999966,2
2024-01-28 08:00:00,BIN_004,North Nazimabad,Organic,24.948,67.063,75.7,31.8,83.6,1,1,0,8,6,1,74.34,1.3599999999999994,2
2024-01-28 12:00:00,BIN_004,North Nazimabad,Organic,24.948,67.063,77.5,33.3,58.1,1,1,0,12,6,1,75.7,1.7999999999999972,2
2024-01-28 16:00:00,BIN_004,North Nazimabad,Organic,24.948,67.063,77.98,30.3,89.5,1,1,0,16,6,1,77.5,0.480000000000004,2
2024-01-28 20:00:00,BIN_004,North Nazimabad,Organic,24.948,67.063,82.97,39.5,64.9,1,1,0,20,6,1,77.98,4.989999999999995,2
2024-01-29 00:00:00,BIN_004,North Nazimabad,Organic,24.948,67.063,85.01,41.0,72.4,0,1,1,0,0,1,82.97,2.0400000000000063,2
2024-01-29 04:00:00,BIN_004,North Nazimabad,Organic,24.948,67.063,8.68,34.2,79.8,0,0,0,4,0,1,85.01,-76.33000000000001,2
2024-01-29 08:00:00,BIN_004,North Nazimabad,Organic,24.948,67.063,9.26,33.1,77.3,0,0,0,8,0,1,8.68,0.5800000000000001,2
2024-01-29 12:00:00,BIN_004,North Nazimabad,Organic,24.948,67.063,11.82,29.0,67.7,0,0,0,12,0,1,9.26,2.5600000000000005,2
2024-01-29 16:00:00,BIN_004,North Nazimabad,Organic,24.948,67.063,13.76,34.6,83.6,0,0,0,16,0,1,11.82,1.9399999999999995,2
2024-01-29 20:00:00,BIN_004,North Nazimabad,Organic,24.948,67.063,15.51,34.0,82.9,0,0,0,20,0,1,13.76,1.75,2
2024-01-30 00:00:00,BIN_004,North Nazimabad,Organic,24.948,67.063,18.63,33.8,76.2,0,0,0,0,1,1,15.51,3.119999999999999,2
2024-01-30 04:00:00,BIN_004,North Nazimabad,Organic,24.948,67.063,20.71,36.8,69.6,0,0,0,4,1,1,18.63,2.080000000000002,2
2024-01-30 08:00:00,BIN_004,North Nazimabad,Organic,24.948,67.063,21.34,38.3,66.2,0,0,0,8,1,1,20.71,0.629999999999999,2
2024-01-30 12:00:00,BIN_004,North Nazimabad,Organic,24.948,67.063,22.06,35.1,60.7,0,0,0,12,1,1,21.34,0.7199999999999989,2
2024-01-30 16:00:00,BIN_004,North Nazimabad,Organic,24.948,67.063,23.4,38.7,60.0,0,0,0,16,1,1,22.06,1.3399999999999999,2
2024-01-30 20:00:00,BIN_004,North Nazimabad,Organic,24.948,67.063,26.68,28.1,55.7,0,0,0,20,1,1,23.4,3.280000000000001,2
2024-01-31 00:00:00,BIN_004,North Nazimabad,Organic,24.948,67.063,26.66,35.3,55.3,0,0,0,0,2,1,26.68,-0.019999999999999574,2
2024-01-31 04:00:00,BIN_004,North Nazimabad,Organic,24.948,67.063,31.8,33.9,80.1,0,0,0,4,2,1,26.66,5.140000000000001,2
2024-01-31 08:00:00,BIN_004,North Nazimabad,Organic,24.948,67.063,36.04,31.3,83.5,0,0,0,8,2,1,31.8,4.239999999999998,2
2024-01-31 12:00:00,BIN_004,North Nazimabad,Organic,24.948,67.063,37.15,36.2,62.4,0,0,0,12,2,1,36.04,1.1099999999999994,2
2024-01-31 16:00:00,BIN_004,North Nazimabad,Organic,24.948,67.063,39.84,39.6,69.5,0,0,0,16,2,1,37.15,2.690000000000005,2
2024-01-31 20:00:00,BIN_004,North Nazimabad,Organic,24.948,67.063,39.6,31.6,85.3,0,0,0,20,2,1,39.84,-0.240000000000002,2
2024-02-01 00:00:00,BIN_004,North Nazimabad,Organic,24.948,67.063,40.44,34.8,62.1,0,0,0,0,3,2,39.6,0.8399999999999963,2
2024-02-01 04:00:00,BIN_004,North Nazimabad,Organic,24.948,67.063,45.09,36.8,67.6,0,0,0,4,3,2,40.44,4.650000000000006,2
2024-02-01 08:00:00,BIN_004,North Nazimabad,Organic,24.948,67.063,46.81,34.8,74.8,0,0,0,8,3,2,45.09,1.7199999999999989,2
2024-02-01 12:00:00,BIN_004,North Nazimabad,Organic,24.948,67.063,48.81,40.8,83.0,0,0,0,12,3,2,46.81,2.0,2
2024-02-01 16:00:00,BIN_004,North Nazimabad,Organic,24.948,67.063,53.17,36.2,72.2,0,0,0,16,3,2,48.81,4.359999999999999,2
2024-02-01 20:00:00,BIN_004,North Nazimabad,Organic,24.948,67.063,54.31,30.7,71.2,0,0,0,20,3,2,53.17,1.1400000000000006,2
2024-02-02 00:00:00,BIN_004,North Nazimabad,Organic,24.948,67.063,56.47,32.7,88.3,0,0,0,0,4,2,54.31,2.1599999999999966,2
2024-02-02 04:00:00,BIN_004,North Nazimabad,Organic,24.948,67.063,57.94,35.5,77.1,0,0,0,4,4,2,56.47,1.4699999999999989,2
2024-02-02 08:00:00,BIN_004,North Nazimabad,Organic,24.948,67.063,58.06,33.3,58.5,0,0,0,8,4,2,57.94,0.12000000000000455,2
2024-02-02 12:00:00,BIN_004,North Nazimabad,Organic,24.948,67.063,59.98,36.7,70.6,0,0,0,12,4,2,58.06,1.9199999999999946,2
2024-02-02 16:00:00,BIN_004,North Nazimabad,Organic,24.948,67.063,60.67,30.3,69.2,0,0,0,16,4,2,59.98,0.6900000000000048,2
2024-02-02 20:00:00,BIN_004,North Nazimabad,Organic,24.948,67.063,63.44,41.0,79.9,0,0,0,20,4,2,60.67,2.769999999999996,2
2024-02-03 00:00:00,BIN_004,North Nazimabad,Organic,24.948,67.063,66.53,29.2,89.5,1,0,0,0,5,2,63.44,3.0900000000000034,2
2024-02-03 04:00:00,BIN_004,North Nazimabad,Organic,24.948,67.063,64.84,37.3,65.0,1,0,0,4,5,2,66.53,-1.6899999999999977,2
2024-02-03 08:00:00,BIN_004,North Nazimabad,Organic,24.948,67.063,65.71,41.5,61.1,1,0,0,8,5,2,64.84,0.8699999999999903,2
2024-02-03 12:00:00,BIN_004,North Nazimabad,Organic,24.948,67.063,68.27,37.1,63.6,1,0,0,12,5,2,65.71,2.5600000000000023,2
2024-02-03 16:00:00,BIN_004,North Nazimabad,Organic,24.948,67.063,71.92,37.4,76.5,1,0,0,16,5,2,68.27,3.6500000000000057,2
2024-02-03 20:00:00,BIN_004,North Nazimabad,Organic,24.948,67.063,75.26,40.5,57.8,1,1,0,20,5,2,71.92,3.3400000000000034,2
2024-02-04 00:00:00,BIN_004,North Nazimabad,Organic,24.948,67.063,75.76,41.8,68.6,1,1,0,0,6,2,75.26,0.5,2
2024-02-04 04:00:00,BIN_004,North Nazimabad,Organic,24.948,67.063,76.82,38.3,79.0,1,1,0,4,6,2,75.76,1.059999999999988,2
2024-02-04 08:00:00,BIN_004,North Nazimabad,Organic,24.948,67.063,78.06,31.9,69.4,1,1,0,8,6,2,76.82,1.240000000000009,2
2024-02-04 12:00:00,BIN_004,North Nazimabad,Organic,24.948,67.063,79.2,31.3,55.7,1,1,0,12,6,2,78.06,1.1400000000000006,2
2024-02-04 16:00:00,BIN_004,North Nazimabad,Organic,24.948,67.063,79.54,28.1,78.8,1,1,0,16,6,2,79.2,0.3400000000000034,2
2024-02-04 20:00:00,BIN_004,North Nazimabad,Organic,24.948,67.063,79.92,39.6,60.1,1,1,0,20,6,2,79.54,0.37999999999999545,2
2024-02-05 00:00:00,BIN_004,North Nazimabad,Organic,24.948,67.063,82.31,36.6,56.6,0,1,0,0,0,2,79.92,2.3900000000000006,2
2024-02-05 04:00:00,BIN_004,North Nazimabad,Organic,24.948,67.063,83.28,36.7,65.8,0,1,0,4,0,2,82.31,0.9699999999999989,2
2024-02-05 08:00:00,BIN_004,North Nazimabad,Organic,24.948,67.063,86.94,39.4,69.0,0,1,1,8,0,2,83.28,3.6599999999999966,2
2024-02-05 12:00:00,BIN_004,North Nazimabad,Organic,24.948,67.063,10.27,33.7,82.0,0,0,0,12,0,2,86.94,-76.67,2
2024-02-05 16:00:00,BIN_004,North Nazimabad,Organic,24.948,67.063,13.43,40.7,58.1,0,0,0,16,0,2,10.27,3.16,2
2024-02-05 20:00:00,BIN_004,North Nazimabad,Organic,24.948,67.063,15.1,41.1,83.9,0,0,0,20,0,2,13.43,1.67,2
2024-02-06 00:00:00,BIN_004,North Nazimabad,Organic,24.948,67.063,15.92,39.3,84.8,0,0,0,0,1,2,15.1,0.8200000000000003,2
2024-02-06 04:00:00,BIN_004,North Nazimabad,Organic,24.948,67.063,18.54,32.0,88.3,0,0,0,4,1,2,15.92,2.619999999999999,2
2024-02-06 08:00:00,BIN_004,North Nazimabad,Organic,24.948,67.063,23.86,37.0,55.6,0,0,0,8,1,2,18.54,5.32,2
2024-02-06 12:00:00,BIN_004,North Nazimabad,Organic,24.948,67.063,27.37,41.4,56.6,0,0,0,12,1,2,23.86,3.5100000000000016,2
2024-02-06 16:00:00,BIN_004,North Nazimabad,Organic,24.948,67.063,30.18,37.3,83.8,0,0,0,16,1,2,27.37,2.8099999999999987,2
2024-02-06 20:00:00,BIN_004,North Nazimabad,Organic,24.948,67.063,32.08,28.2,74.0,0,0,0,20,1,2,30.18,1.8999999999999986,2
2024-02-07 00:00:00,BIN_004,North Nazimabad,Organic,24.948,67.063,33.69,29.0,79.0,0,0,0,0,2,2,32.08,1.6099999999999994,2
2024-02-07 04:00:00,BIN_004,North Nazimabad,Organic,24.948,67.063,30.67,35.0,81.8,0,0,0,4,2,2,33.69,-3.019999999999996,2
2024-02-07 08:00:00,BIN_004,North Nazimabad,Organic,24.948,67.063,30.62,37.1,61.0,0,0,0,8,2,2,30.67,-0.05000000000000071,2
2024-02-07 12:00:00,BIN_004,North Nazimabad,Organic,24.948,67.063,32.28,40.2,76.5,0,0,0,12,2,2,30.62,1.6600000000000001,2
2024-02-07 16:00:00,BIN_004,North Nazimabad,Organic,24.948,67.063,32.82,36.8,63.9,0,0,0,16,2,2,32.28,0.5399999999999991,2
2024-02-07 20:00:00,BIN_004,North Nazimabad,Organic,24.948,67.063,34.6,39.3,83.6,0,0,0,20,2,2,32.82,1.7800000000000011,2
2024-02-08 00:00:00,BIN_004,North Nazimabad,Organic,24.948,67.063,36.34,34.4,81.4,0,0,0,0,3,2,34.6,1.740000000000002,2
2024-02-08 04:00:00,BIN_004,North Nazimabad,Organic,24.948,67.063,38.69,29.9,74.1,0,0,0,4,3,2,36.34,2.3499999999999943,2
2024-02-08 08:00:00,BIN_004,North Nazimabad,Organic,24.948,67.063,39.12,33.9,84.9,0,0,0,8,3,2,38.69,0.4299999999999997,2
2024-02-08 12:00:00,BIN_004,North Nazimabad,Organic,24.948,67.063,41.0,40.0,58.5,0,0,0,12,3,2,39.12,1.8800000000000026,2
2024-02-08 16:00:00,BIN_004,North Nazimabad,Organic,24.948,67.063,42.38,40.2,59.5,0,0,0,16,3,2,41.0,1.3800000000000026,2
2024-02-08 20:00:00,BIN_004,North Nazimabad,Organic,24.948,67.063,43.5,38.1,58.5,0,0,0,20,3,2,42.38,1.1199999999999974,2
2024-02-09 00:00:00,BIN_004,North Nazimabad,Organic,24.948,67.063,42.99,39.0,63.2,0,0,0,0,4,2,43.5,-0.509999999999998,2
2024-02-09 04:00:00,BIN_004,North Nazimabad,Organic,24.948,67.063,46.64,36.9,63.2,0,0,0,4,4,2,42.99,3.6499999999999986,2
2024-02-09 08:00:00,BIN_004,North Nazimabad,Organic,24.948,67.063,49.38,29.8,85.3,0,0,0,8,4,2,46.64,2.740000000000002,2
2024-02-09 12:00:00,BIN_004,North Nazimabad,Organic,24.948,67.063,51.69,36.3,59.4,0,0,0,12,4,2,49.38,2.309999999999995,2
2024-02-09 16:00:00,BIN_004,North Nazimabad,Organic,24.948,67.063,51.65,37.8,81.6,0,0,0,16,4,2,51.69,-0.03999999999999915,2
2024-02-09 20:00:00,BIN_004,North Nazimabad,Organic,24.948,67.063,53.0,29.5,72.7,0,0,0,20,4,2,51.65,1.3500000000000014,2
2024-02-10 00:00:00,BIN_004,North Nazimabad,Organic,24.948,67.063,56.22,35.5,68.8,1,0,0,0,5,2,53.0,3.219999999999999,2
2024-02-10 04:00:00,BIN_004,North Nazimabad,Organic,24.948,67.063,58.5,39.9,72.3,1,0,0,4,5,2,56.22,2.280000000000001,2
2024-02-10 08:00:00,BIN_004,North Nazimabad,Organic,24.948,67.063,59.11,39.9,84.1,1,0,0,8,5,2,58.5,0.6099999999999994,2
2024-02-10 12:00:00,BIN_004,North Nazimabad,Organic,24.948,67.063,56.59,33.6,66.7,1,0,0,12,5,2,59.11,-2.519999999999996,2
2024-02-10 16:00:00,BIN_004,North Nazimabad,Organic,24.948,67.063,62.98,31.3,82.8,1,0,0,16,5,2,56.59,6.3899999999999935,2
2024-02-10 20:00:00,BIN_004,North Nazimabad,Organic,24.948,67.063,64.77,34.8,66.7,1,0,0,20,5,2,62.98,1.7899999999999991,2
2024-02-11 00:00:00,BIN_004,North Nazimabad,Organic,24.948,67.063,66.63,41.3,65.7,1,0,0,0,6,2,64.77,1.8599999999999994,2
2024-02-11 04:00:00,BIN_004,North Nazimabad,Organic,24.948,67.063,68.28,30.4,71.1,1,0,0,4,6,2,66.63,1.6500000000000057,2
2024-02-11 08:00:00,BIN_004,North Nazimabad,Organic,24.948,67.063,71.26,35.7,67.5,1,0,0,8,6,2,68.28,2.980000000000004,2
2024-02-11 12:00:00,BIN_004,North Nazimabad,Organic,24.948,67.063,70.59,34.3,88.8,1,0,0,12,6,2,71.26,-0.6700000000000017,2
2024-02-11 16:00:00,BIN_004,North Nazimabad,Organic,24.948,67.063,70.74,31.4,71.0,1,0,0,16,6,2,70.59,0.14999999999999147,2
2024-02-11 20:00:00,BIN_004,North Nazimabad,Organic,24.948,67.063,71.93,38.6,62.2,1,0,0,20,6,2,70.74,1.190000000000012,2
2024-02-12 00:00:00,BIN_004,North Nazimabad,Organic,24.948,67.063,75.81,32.7,74.7,0,1,0,0,0,2,71.93,3.8799999999999955,2
2024-02-12 04:00:00,BIN_004,North Nazimabad,Organic,24.948,67.063,76.91,30.9,81.0,0,1,0,4,0,2,75.81,1.0999999999999943,2
2024-02-12 08:00:00,BIN_004,North Nazimabad,Organic,24.948,67.063,79.1,32.9,80.3,0,1,0,8,0,2,76.91,2.1899999999999977,2
2024-02-12 12:00:00,BIN_004,North Nazimabad,Organic,24.948,67.063,80.46,32.5,86.7,0,1,0,12,0,2,79.1,1.3599999999999994,2
2024-02-12 16:00:00,BIN_004,North Nazimabad,Organic,24.948,67.063,81.96,34.9,57.9,0,1,0,16,0,2,80.46,1.5,2
2024-02-12 20:00:00,BIN_004,North Nazimabad,Organic,24.948,67.063,83.41,30.7,88.0,0,1,0,20,0,2,81.96,1.4500000000000028,2
2024-02-13 00:00:00,BIN_004,North Nazimabad,Organic,24.948,67.063,85.05,40.9,74.1,0,1,1,0,1,2,83.41,1.6400000000000006,2
2024-02-13 04:00:00,BIN_004,North Nazimabad,Organic,24.948,67.063,4.79,37.8,78.1,0,0,0,4,1,2,85.05,-80.25999999999999,2
2024-02-13 08:00:00,BIN_004,North Nazimabad,Organic,24.948,67.063,5.96,29.6,55.1,0,0,0,8,1,2,4.79,1.17,2
2024-02-13 12:00:00,BIN_004,North Nazimabad,Organic,24.948,67.063,7.91,42.0,83.1,0,0,0,12,1,2,5.96,1.9500000000000002,2
2024-02-13 16:00:00,BIN_004,North Nazimabad,Organic,24.948,67.063,9.71,32.2,60.3,0,0,0,16,1,2,7.91,1.8000000000000007,2
2024-02-13 20:00:00,BIN_004,North Nazimabad,Organic,24.948,67.063,13.68,32.0,68.2,0,0,0,20,1,2,9.71,3.969999999999999,2
2024-02-14 00:00:00,BIN_004,North Nazimabad,Organic,24.948,67.063,15.78,29.1,55.6,0,0,0,0,2,2,13.68,2.0999999999999996,2
2024-02-14 04:00:00,BIN_004,North Nazimabad,Organic,24.948,67.063,19.92,29.4,69.4,0,0,0,4,2,2,15.78,4.140000000000002,2
2024-02-14 08:00:00,BIN_004,North Nazimabad,Organic,24.948,67.063,21.93,39.2,71.3,0,0,0,8,2,2,19.92,2.009999999999998,2
2024-02-14 12:00:00,BIN_004,North Nazimabad,Organic,24.948,67.063,24.55,33.1,58.8,0,0,0,12,2,2,21.93,2.620000000000001,2
2024-02-14 16:00:00,BIN_004,North Nazimabad,Organic,24.948,67.063,26.72,30.4,72.9,0,0,0,16,2,2,24.55,2.169999999999998,2
2024-02-14 20:00:00,BIN_004,North Nazimabad,Organic,24.948,67.063,29.04,34.8,76.9,0,0,0,20,2,2,26.72,2.3200000000000003,2
2024-02-15 00:00:00,BIN_004,North Nazimabad,Organic,24.948,67.063,30.94,35.6,56.8,0,0,0,0,3,2,29.04,1.9000000000000021,2
2024-02-15 04:00:00,BIN_004,North Nazimabad,Organic,24.948,67.063,33.6,28.9,61.6,0,0,0,4,3,2,30.94,2.66,2
2024-02-15 08:00:00,BIN_004,North Nazimabad,Organic,24.948,67.063,34.31,39.7,60.4,0,0,0,8,3,2,33.6,0.7100000000000009,2
2024-02-15 12:00:00,BIN_004,North Nazimabad,Organic,24.948,67.063,36.67,32.2,63.7,0,0,0,12,3,2,34.31,2.3599999999999994,2
2024-02-15 16:00:00,BIN_004,North Nazimabad,Organic,24.948,67.063,36.35,34.8,69.3,0,0,0,16,3,2,36.67,-0.3200000000000003,2
2024-02-15 20:00:00,BIN_004,North Nazimabad,Organic,24.948,67.063,37.02,41.8,57.0,0,0,0,20,3,2,36.35,0.6700000000000017,2
2024-02-16 00:00:00,BIN_004,North Nazimabad,Organic,24.948,67.063,37.95,39.7,72.9,0,0,0,0,4,2,37.02,0.9299999999999997,2
2024-02-16 04:00:00,BIN_004,North Nazimabad,Organic,24.948,67.063,39.91,35.4,74.7,0,0,0,4,4,2,37.95,1.9599999999999937,2
2024-02-16 08:00:00,BIN_004,North Nazimabad,Organic,24.948,67.063,40.96,32.5,75.8,0,0,0,8,4,2,39.91,1.0500000000000043,2
2024-02-16 12:00:00,BIN_004,North Nazimabad,Organic,24.948,67.063,41.95,30.9,59.1,0,0,0,12,4,2,40.96,0.990000000000002,2
2024-02-16 16:00:00,BIN_004,North Nazimabad,Organic,24.948,67.063,44.56,32.2,59.7,0,0,0,16,4,2,41.95,2.6099999999999994,2
2024-02-16 20:00:00,BIN_004,North Nazimabad,Organic,24.948,67.063,47.21,30.0,79.4,0,0,0,20,4,2,44.56,2.6499999999999986,2
2024-02-17 00:00:00,BIN_004,North Nazimabad,Organic,24.948,67.063,51.27,41.1,79.2,1,0,0,0,5,2,47.21,4.060000000000002,2
2024-02-17 04:00:00,BIN_004,North Nazimabad,Organic,24.948,67.063,54.44,30.2,63.5,1,0,0,4,5,2,51.27,3.1699999999999946,2
2024-02-17 08:00:00,BIN_004,North Nazimabad,Organic,24.948,67.063,56.05,29.0,79.6,1,0,0,8,5,2,54.44,1.6099999999999994,2
2024-02-17 12:00:00,BIN_004,North Nazimabad,Organic,24.948,67.063,59.06,33.6,87.2,1,0,0,12,5,2,56.05,3.010000000000005,2
2024-02-17 16:00:00,BIN_004,North Nazimabad,Organic,24.948,67.063,60.27,41.3,64.0,1,0,0,16,5,2,59.06,1.2100000000000009,2
2024-02-17 20:00:00,BIN_004,North Nazimabad,Organic,24.948,67.063,62.9,32.7,69.1,1,0,0,20,5,2,60.27,2.6299999999999955,2
2024-02-18 00:00:00,BIN_004,North Nazimabad,Organic,24.948,67.063,65.14,29.7,69.0,1,0,0,0,6,2,62.9,2.240000000000002,2
2024-02-18 04:00:00,BIN_004,North Nazimabad,Organic,24.948,67.063,66.41,32.9,82.0,1,0,0,4,6,2,65.14,1.269999999999996,2
2024-02-18 08:00:00,BIN_004,North Nazimabad,Organic,24.948,67.063,68.01,33.1,68.1,1,0,0,8,6,2,66.41,1.6000000000000085,2
2024-02-18 12:00:00,BIN_004,North Nazimabad,Organic,24.948,67.063,70.83,30.1,82.9,1,0,0,12,6,2,68.01,2.819999999999993,2
2024-02-18 16:00:00,BIN_004,North Nazimabad,Organic,24.948,67.063,71.73,33.1,58.7,1,0,0,16,6,2,70.83,0.9000000000000057,2
2024-02-18 20:00:00,BIN_004,North Nazimabad,Organic,24.948,67.063,74.89,36.8,59.2,1,0,0,20,6,2,71.73,3.1599999999999966,2
2024-02-19 00:00:00,BIN_004,North Nazimabad,Organic,24.948,67.063,78.62,40.8,74.4,0,1,0,0,0,2,74.89,3.730000000000004,2
2024-02-19 04:00:00,BIN_004,North Nazimabad,Organic,24.948,67.063,77.56,30.4,68.3,0,1,0,4,0,2,78.62,-1.0600000000000023,2
2024-02-19 08:00:00,BIN_004,North Nazimabad,Organic,24.948,67.063,79.92,37.1,85.3,0,1,0,8,0,2,77.56,2.3599999999999994,2
2024-02-19 12:00:00,BIN_004,North Nazimabad,Organic,24.948,67.063,83.16,40.5,87.2,0,1,0,12,0,2,79.92,3.239999999999995,2
2024-02-19 16:00:00,BIN_004,North Nazimabad,Organic,24.948,67.063,85.04,38.4,81.5,0,1,1,16,0,2,83.16,1.8800000000000097,2
2024-02-19 20:00:00,BIN_004,North Nazimabad,Organic,24.948,67.063,6.45,30.3,82.9,0,0,0,20,0,2,85.04,-78.59,2
2024-02-20 00:00:00,BIN_004,North Nazimabad,Organic,24.948,67.063,7.51,34.5,61.1,0,0,0,0,1,2,6.45,1.0599999999999996,2
2024-02-20 04:00:00,BIN_004,North Nazimabad,Organic,24.948,67.063,9.6,32.7,55.6,0,0,0,4,1,2,7.51,2.09,2
2024-02-20 08:00:00,BIN_004,North Nazimabad,Organic,24.948,67.063,12.98,36.7,78.2,0,0,0,8,1,2,9.6,3.380000000000001,2
2024-02-20 12:00:00,BIN_004,North Nazimabad,Organic,24.948,67.063,11.42,39.7,62.5,0,0,0,12,1,2,12.98,-1.5600000000000005,2
2024-02-20 16:00:00,BIN_004,North Nazimabad,Organic,24.948,67.063,13.16,41.7,58.4,0,0,0,16,1,2,11.42,1.7400000000000002,2
2024-02-20 20:00:00,BIN_004,North Nazimabad,Organic,24.948,67.063,16.74,32.2,77.3,0,0,0,20,1,2,13.16,3.5799999999999983,2
2024-02-21 00:00:00,BIN_004,North Nazimabad,Organic,24.948,67.063,19.35,28.9,74.2,0,0,0,0,2,2,16.74,2.610000000000003,2
2024-02-21 04:00:00,BIN_004,North Nazimabad,Organic,24.948,67.063,20.77,36.3,77.8,0,0,0,4,2,2,19.35,1.4199999999999982,2
2024-02-21 08:00:00,BIN_004,North Nazimabad,Organic,24.948,67.063,21.39,39.8,61.8,0,0,0,8,2,2,20.77,0.620000000000001,2
2024-02-21 12:00:00,BIN_004,North Nazimabad,Organic,24.948,67.063,21.12,39.6,74.7,0,0,0,12,2,2,21.39,-0.2699999999999996,2
2024-02-21 16:00:00,BIN_004,North Nazimabad,Organic,24.948,67.063,24.04,30.9,74.9,0,0,0,16,2,2,21.12,2.919999999999998,2
2024-02-21 20:00:00,BIN_004,North Nazimabad,Organic,24.948,67.063,27.23,40.1,70.1,0,0,0,20,2,2,24.04,3.1900000000000013,2
2024-02-22 00:00:00,BIN_004,North Nazimabad,Organic,24.948,67.063,28.88,30.0,68.6,0,0,0,0,3,2,27.23,1.6499999999999986,2
2024-02-22 04:00:00,BIN_004,North Nazimabad,Organic,24.948,67.063,31.37,41.3,66.2,0,0,0,4,3,2,28.88,2.490000000000002,2
2024-02-22 08:00:00,BIN_004,North Nazimabad,Organic,24.948,67.063,32.12,38.1,65.9,0,0,0,8,3,2,31.37,0.7499999999999964,2
2024-02-22 12:00:00,BIN_004,North Nazimabad,Organic,24.948,67.063,33.5,39.0,70.5,0,0,0,12,3,2,32.12,1.3800000000000026,2
2024-02-22 16:00:00,BIN_004,North Nazimabad,Organic,24.948,67.063,37.52,33.4,70.5,0,0,0,16,3,2,33.5,4.020000000000003,2
2024-02-22 20:00:00,BIN_004,North Nazimabad,Organic,24.948,67.063,39.13,33.3,67.9,0,0,0,20,3,2,37.52,1.6099999999999994,2
2024-02-23 00:00:00,BIN_004,North Nazimabad,Organic,24.948,67.063,42.93,33.1,73.3,0,0,0,0,4,2,39.13,3.799999999999997,2
2024-02-23 04:00:00,BIN_004,North Nazimabad,Organic,24.948,67.063,44.84,37.4,64.4,0,0,0,4,4,2,42.93,1.9100000000000037,2
2024-02-23 08:00:00,BIN_004,North Nazimabad,Organic,24.948,67.063,47.0,38.1,75.2,0,0,0,8,4,2,44.84,2.1599999999999966,2
2024-02-23 12:00:00,BIN_004,North Nazimabad,Organic,24.948,67.063,48.51,37.1,56.0,0,0,0,12,4,2,47.0,1.509999999999998,2
2024-02-23 16:00:00,BIN_004,North Nazimabad,Organic,24.948,67.063,50.53,35.6,67.6,0,0,0,16,4,2,48.51,2.020000000000003,2
2024-02-23 20:00:00,BIN_004,North Nazimabad,Organic,24.948,67.063,55.85,29.1,61.8,0,0,0,20,4,2,50.53,5.32,2
2024-02-24 00:00:00,BIN_004,North Nazimabad,Organic,24.948,67.063,57.93,34.5,56.8,1,0,0,0,5,2,55.85,2.0799999999999983,2
2024-02-24 04:00:00,BIN_004,North Nazimabad,Organic,24.948,67.063,61.03,28.5,80.1,1,0,0,4,5,2,57.93,3.1000000000000014,2
2024-02-24 08:00:00,BIN_004,North Nazimabad,Organic,24.948,67.063,64.35,31.4,81.1,1,0,0,8,5,2,61.03,3.319999999999993,2
2024-02-24 12:00:00,BIN_004,North Nazimabad,Organic,24.948,67.063,71.27,30.4,61.6,1,0,0,12,5,2,64.35,6.920000000000002,2
2024-02-24 16:00:00,BIN_004,North Nazimabad,Organic,24.948,67.063,70.83,31.5,77.6,1,0,0,16,5,2,71.27,-0.4399999999999977,2
2024-02-24 20:00:00,BIN_004,North Nazimabad,Organic,24.948,67.063,72.59,37.1,83.9,1,0,0,20,5,2,70.83,1.7600000000000051,2
2024-02-25 00:00:00,BIN_004,North Nazimabad,Organic,24.948,67.063,73.74,31.8,89.3,1,0,0,0,6,2,72.59,1.1499999999999915,2
2024-02-25 04:00:00,BIN_004,North Nazimabad,Organic,24.948,67.063,75.78,36.3,79.8,1,1,0,4,6,2,73.74,2.0400000000000063,2
2024-02-25 08:00:00,BIN_004,North Nazimabad,Organic,24.948,67.063,78.04,28.5,74.9,1,1,0,8,6,2,75.78,2.260000000000005,2
2024-02-25 12:00:00,BIN_004,North Nazimabad,Organic,24.948,67.063,79.94,40.9,88.9,1,1,0,12,6,2,78.04,1.8999999999999915,2
2024-02-25 16:00:00,BIN_004,North Nazimabad,Organic,24.948,67.063,79.03,41.2,78.6,1,1,0,16,6,2,79.94,-0.9099999999999966,2
2024-02-25 20:00:00,BIN_004,North Nazimabad,Organic,24.948,67.063,84.35,28.9,71.3,1,1,0,20,6,2,79.03,5.319999999999993,2
2024-02-26 00:00:00,BIN_004,North Nazimabad,Organic,24.948,67.063,85.8,34.4,75.4,0,1,1,0,0,2,84.35,1.4500000000000028,2
2024-02-26 04:00:00,BIN_004,North Nazimabad,Organic,24.948,67.063,2.9,30.3,72.6,0,0,0,4,0,2,85.8,-82.89999999999999,2
2024-02-26 08:00:00,BIN_004,North Nazimabad,Organic,24.948,67.063,5.37,32.7,87.7,0,0,0,8,0,2,2.9,2.47,2
2024-02-26 12:00:00,BIN_004,North Nazimabad,Organic,24.948,67.063,8.58,40.8,62.3,0,0,0,12,0,2,5.37,3.21,2
2024-02-26 16:00:00,BIN_004,North Nazimabad,Organic,24.948,67.063,10.66,35.4,56.0,0,0,0,16,0,2,8.58,2.08,2
2024-02-26 20:00:00,BIN_004,North Nazimabad,Organic,24.948,67.063,13.75,31.5,71.1,0,0,0,20,0,2,10.66,3.09,2
2024-02-27 00:00:00,BIN_004,North Nazimabad,Organic,24.948,67.063,16.86,38.4,64.8,0,0,0,0,1,2,13.75,3.1099999999999994,2
2024-02-27 04:00:00,BIN_004,North Nazimabad,Organic,24.948,67.063,21.67,35.9,58.1,0,0,0,4,1,2,16.86,4.810000000000002,2
2024-02-27 08:00:00,BIN_004,North Nazimabad,Organic,24.948,67.063,25.67,37.7,89.7,0,0,0,8,1,2,21.67,4.0,2
2024-02-27 12:00:00,BIN_004,North Nazimabad,Organic,24.948,67.063,26.62,31.9,72.4,0,0,0,12,1,2,25.67,0.9499999999999993,2
2024-02-27 16:00:00,BIN_004,North Nazimabad,Organic,24.948,67.063,27.35,40.0,78.9,0,0,0,16,1,2,26.62,0.7300000000000004,2
2024-02-27 20:00:00,BIN_004,North Nazimabad,Organic,24.948,67.063,26.23,40.4,62.1,0,0,0,20,1,2,27.35,-1.120000000000001,2
2024-02-28 00:00:00,BIN_004,North Nazimabad,Organic,24.948,67.063,27.47,32.4,72.9,0,0,0,0,2,2,26.23,1.2399999999999984,2
2024-02-28 04:00:00,BIN_004,North Nazimabad,Organic,24.948,67.063,30.31,41.2,56.7,0,0,0,4,2,2,27.47,2.84,2
2024-02-28 08:00:00,BIN_004,North Nazimabad,Organic,24.948,67.063,33.46,33.5,62.0,0,0,0,8,2,2,30.31,3.150000000000002,2
2024-02-28 12:00:00,BIN_004,North Nazimabad,Organic,24.948,67.063,34.6,33.9,68.5,0,0,0,12,2,2,33.46,1.1400000000000006,2
2024-02-28 16:00:00,BIN_004,North Nazimabad,Organic,24.948,67.063,36.55,35.1,89.6,0,0,0,16,2,2,34.6,1.9499999999999957,2
2024-02-28 20:00:00,BIN_004,North Nazimabad,Organic,24.948,67.063,38.62,34.5,57.0,0,0,0,20,2,2,36.55,2.0700000000000003,2
2024-02-29 00:00:00,BIN_004,North Nazimabad,Organic,24.948,67.063,39.7,30.2,88.2,0,0,0,0,3,2,38.62,1.0800000000000054,2
2024-02-29 04:00:00,BIN_004,North Nazimabad,Organic,24.948,67.063,38.99,38.7,64.4,0,0,0,4,3,2,39.7,-0.7100000000000009,2
2024-02-29 08:00:00,BIN_004,North Nazimabad,Organic,24.948,67.063,43.11,41.2,85.9,0,0,0,8,3,2,38.99,4.119999999999997,2
2024-02-29 12:00:00,BIN_004,North Nazimabad,Organic,24.948,67.063,45.81,35.2,82.1,0,0,0,12,3,2,43.11,2.700000000000003,2
2024-02-29 16:00:00,BIN_004,North Nazimabad,Organic,24.948,67.063,50.16,29.6,59.4,0,0,0,16,3,2,45.81,4.349999999999994,2
2024-02-29 20:00:00,BIN_004,North Nazimabad,Organic,24.948,67.063,54.97,35.4,64.4,0,0,0,20,3,2,50.16,4.810000000000002,2
2024-03-01 00:00:00,BIN_004,North Nazimabad,Organic,24.948,67.063,56.84,35.5,88.9,0,0,0,0,4,3,54.97,1.8700000000000045,2
2024-03-01 04:00:00,BIN_004,North Nazimabad,Organic,24.948,67.063,57.93,34.8,57.2,0,0,0,4,4,3,56.84,1.0899999999999963,2
2024-03-01 08:00:00,BIN_004,North Nazimabad,Organic,24.948,67.063,61.47,42.0,70.1,0,0,0,8,4,3,57.93,3.539999999999999,2
2024-03-01 12:00:00,BIN_004,North Nazimabad,Organic,24.948,67.063,63.48,32.5,86.7,0,0,0,12,4,3,61.47,2.009999999999998,2
2024-03-01 16:00:00,BIN_004,North Nazimabad,Organic,24.948,67.063,65.89,33.7,56.4,0,0,0,16,4,3,63.48,2.4100000000000037,2
2024-03-01 20:00:00,BIN_004,North Nazimabad,Organic,24.948,67.063,65.8,32.9,64.3,0,0,0,20,4,3,65.89,-0.09000000000000341,2
2024-03-02 00:00:00,BIN_004,North Nazimabad,Organic,24.948,67.063,68.53,31.8,83.4,1,0,0,0,5,3,65.8,2.730000000000004,2
2024-03-02 04:00:00,BIN_004,North Nazimabad,Organic,24.948,67.063,70.97,28.8,73.8,1,0,0,4,5,3,68.53,2.4399999999999977,2
2024-03-02 08:00:00,BIN_004,North Nazimabad,Organic,24.948,67.063,74.28,39.5,77.7,1,0,0,8,5,3,70.97,3.3100000000000023,2
2024-03-02 12:00:00,BIN_004,North Nazimabad,Organic,24.948,67.063,78.32,41.6,80.0,1,1,0,12,5,3,74.28,4.039999999999992,2
2024-03-02 16:00:00,BIN_004,North Nazimabad,Organic,24.948,67.063,80.62,29.6,73.5,1,1,0,16,5,3,78.32,2.3000000000000114,2
2024-03-02 20:00:00,BIN_004,North Nazimabad,Organic,24.948,67.063,84.08,29.8,75.7,1,1,0,20,5,3,80.62,3.4599999999999937,2
2024-03-03 00:00:00,BIN_004,North Nazimabad,Organic,24.948,67.063,89.84,28.1,61.8,1,1,1,0,6,3,84.08,5.760000000000005,2
2024-03-03 04:00:00,BIN_004,North Nazimabad,Organic,24.948,67.063,6.66,41.3,68.4,1,0,0,4,6,3,89.84,-83.18,2
2024-03-03 08:00:00,BIN_004,North Nazimabad,Organic,24.948,67.063,11.43,36.5,65.5,1,0,0,8,6,3,6.66,4.77,2
2024-03-03 12:00:00,BIN_004,North Nazimabad,Organic,24.948,67.063,12.79,33.8,62.6,1,0,0,12,6,3,11.43,1.3599999999999994,2
2024-03-03 16:00:00,BIN_004,North Nazimabad,Organic,24.948,67.063,14.66,31.1,82.3,1,0,0,16,6,3,12.79,1.870000000000001,2
2024-03-03 20:00:00,BIN_004,North Nazimabad,Organic,24.948,67.063,16.81,30.8,57.8,1,0,0,20,6,3,14.66,2.1499999999999986,2
2024-03-04 00:00:00,BIN_004,North Nazimabad,Organic,24.948,67.063,18.13,29.2,83.3,0,0,0,0,0,3,16.81,1.3200000000000003,2
2024-03-04 04:00:00,BIN_004,North Nazimabad,Organic,24.948,67.063,19.84,38.8,87.0,0,0,0,4,0,3,18.13,1.7100000000000009,2
2024-03-04 08:00:00,BIN_004,North Nazimabad,Organic,24.948,67.063,22.22,28.7,82.4,0,0,0,8,0,3,19.84,2.379999999999999,2
2024-03-04 12:00:00,BIN_004,North Nazimabad,Organic,24.948,67.063,25.22,39.8,83.0,0,0,0,12,0,3,22.22,3.0,2
2024-03-04 16:00:00,BIN_004,North Nazimabad,Organic,24.948,67.063,24.58,39.8,80.5,0,0,0,16,0,3,25.22,-0.6400000000000006,2
2024-03-04 20:00:00,BIN_004,North Nazimabad,Organic,24.948,67.063,26.39,41.7,60.4,0,0,0,20,0,3,24.58,1.8100000000000023,2
2024-03-05 00:00:00,BIN_004,North Nazimabad,Organic,24.948,67.063,27.08,39.1,61.5,0,0,0,0,1,3,26.39,0.6899999999999977,2
2024-03-05 04:00:00,BIN_004,North Nazimabad,Organic,24.948,67.063,27.82,28.9,89.9,0,0,0,4,1,3,27.08,0.740000000000002,2
2024-03-05 08:00:00,BIN_004,North Nazimabad,Organic,24.948,67.063,31.11,35.8,86.6,0,0,0,8,1,3,27.82,3.289999999999999,2
2024-03-05 12:00:00,BIN_004,North Nazimabad,Organic,24.948,67.063,32.23,41.0,55.3,0,0,0,12,1,3,31.11,1.1199999999999974,2
2024-03-05 16:00:00,BIN_004,North Nazimabad,Organic,24.948,67.063,33.77,37.4,86.1,0,0,0,16,1,3,32.23,1.5400000000000063,2
2024-03-05 20:00:00,BIN_004,North Nazimabad,Organic,24.948,67.063,35.19,34.4,76.2,0,0,0,20,1,3,33.77,1.4199999999999946,2
2024-03-06 00:00:00,BIN_004,North Nazimabad,Organic,24.948,67.063,37.7,41.5,64.4,0,0,0,0,2,3,35.19,2.510000000000005,2
2024-03-06 04:00:00,BIN_004,North Nazimabad,Organic,24.948,67.063,38.64,34.9,58.0,0,0,0,4,2,3,37.7,0.9399999999999977,2
2024-03-06 08:00:00,BIN_004,North Nazimabad,Organic,24.948,67.063,40.57,30.0,70.5,0,0,0,8,2,3,38.64,1.9299999999999997,2
2024-03-06 12:00:00,BIN_004,North Nazimabad,Organic,24.948,67.063,46.68,32.7,73.3,0,0,0,12,2,3,40.57,6.109999999999999,2
2024-03-06 16:00:00,BIN_004,North Nazimabad,Organic,24.948,67.063,48.28,38.7,80.0,0,0,0,16,2,3,46.68,1.6000000000000014,2
2024-03-06 20:00:00,BIN_004,North Nazimabad,Organic,24.948,67.063,50.03,33.1,56.9,0,0,0,20,2,3,48.28,1.75,2
2024-03-07 00:00:00,BIN_004,North Nazimabad,Organic,24.948,67.063,50.62,30.6,75.2,0,0,0,0,3,3,50.03,0.5899999999999963,2
2024-03-07 04:00:00,BIN_004,North Nazimabad,Organic,24.948,67.063,50.66,30.2,67.5,0,0,0,4,3,3,50.62,0.03999999999999915,2
2024-03-07 08:00:00,BIN_004,North Nazimabad,Organic,24.948,67.063,53.21,33.4,69.7,0,0,0,8,3,3,50.66,2.5500000000000043,2
2024-03-07 12:00:00,BIN_004,North Nazimabad,Organic,24.948,67.063,57.65,35.9,55.2,0,0,0,12,3,3,53.21,4.439999999999998,2
2024-03-07 16:00:00,BIN_004,North Nazimabad,Organic,24.948,67.063,59.71,40.9,64.5,0,0,0,16,3,3,57.65,2.0600000000000023,2
2024-03-07 20:00:00,BIN_004,North Nazimabad,Organic,24.948,67.063,60.77,33.2,74.9,0,0,0,20,3,3,59.71,1.0600000000000023,2
2024-03-08 00:00:00,BIN_004,North Nazimabad,Organic,24.948,67.063,61.95,37.4,69.4,0,0,0,0,4,3,60.77,1.1799999999999997,2
2024-03-08 04:00:00,BIN_004,North Nazimabad,Organic,24.948,67.063,64.0,34.6,56.7,0,0,0,4,4,3,61.95,2.049999999999997,2
2024-03-08 08:00:00,BIN_004,North Nazimabad,Organic,24.948,67.063,66.57,34.4,65.6,0,0,0,8,4,3,64.0,2.569999999999993,2
2024-03-08 12:00:00,BIN_004,North Nazimabad,Organic,24.948,67.063,67.41,33.4,84.9,0,0,0,12,4,3,66.57,0.8400000000000034,2
2024-03-08 16:00:00,BIN_004,North Nazimabad,Organic,24.948,67.063,67.87,29.6,63.8,0,0,0,16,4,3,67.41,0.46000000000000796,2
2024-03-08 20:00:00,BIN_004,North Nazimabad,Organic,24.948,67.063,70.99,40.9,75.4,0,0,0,20,4,3,67.87,3.1199999999999903,2
2024-03-09 00:00:00,BIN_004,North Nazimabad,Organic,24.948,67.063,76.82,33.1,83.2,1,1,0,0,5,3,70.99,5.829999999999998,2
2024-03-09 04:00:00,BIN_004,North Nazimabad,Organic,24.948,67.063,80.31,35.3,59.1,1,1,0,4,5,3,76.82,3.490000000000009,2
2024-03-09 08:00:00,BIN_004,North Nazimabad,Organic,24.948,67.063,82.72,41.1,65.8,1,1,0,8,5,3,80.31,2.4099999999999966,2
2024-03-09 12:00:00,BIN_004,North Nazimabad,Organic,24.948,67.063,83.36,40.2,81.7,1,1,0,12,5,3,82.72,0.6400000000000006,2
2024-03-09 16:00:00,BIN_004,North Nazimabad,Organic,24.948,67.063,86.04,30.8,68.0,1,1,1,16,5,3,83.36,2.680000000000007,2
2024-03-09 20:00:00,BIN_004,North Nazimabad,Organic,24.948,67.063,6.51,38.2,59.0,1,0,0,20,5,3,86.04,-79.53,2
2024-03-10 00:00:00,BIN_004,North Nazimabad,Organic,24.948,67.063,8.15,35.6,83.6,1,0,0,0,6,3,6.51,1.6400000000000006,2
2024-03-10 04:00:00,BIN_004,North Nazimabad,Organic,24.948,67.063,6.58,30.4,83.3,1,0,0,4,6,3,8.15,-1.5700000000000003,2
2024-03-10 08:00:00,BIN_004,North Nazimabad,Organic,24.948,67.063,9.63,37.8,69.4,1,0,0,8,6,3,6.58,3.0500000000000007,2
2024-03-10 12:00:00,BIN_004,North Nazimabad,Organic,24.948,67.063,14.63,29.9,78.3,1,0,0,12,6,3,9.63,5.0,2
2024-03-10 16:00:00,BIN_004,North Nazimabad,Organic,24.948,67.063,20.2,32.7,86.7,1,0,0,16,6,3,14.63,5.5699999999999985,2
2024-03-10 20:00:00,BIN_004,North Nazimabad,Organic,24.948,67.063,23.04,36.2,58.0,1,0,0,20,6,3,20.2,2.84,2
2024-03-11 00:00:00,BIN_004,North Nazimabad,Organic,24.948,67.063,27.15,39.1,72.3,0,0,0,0,0,3,23.04,4.109999999999999,2
2024-03-11 04:00:00,BIN_004,North Nazimabad,Organic,24.948,67.063,28.42,40.5,64.4,0,0,0,4,0,3,27.15,1.2700000000000031,2
2024-03-11 08:00:00,BIN_004,North Nazimabad,Organic,24.948,67.063,31.46,40.5,79.0,0,0,0,8,0,3,28.42,3.039999999999999,2
2024-03-11 12:00:00,BIN_004,North Nazimabad,Organic,24.948,67.063,32.9,40.0,58.1,0,0,0,12,0,3,31.46,1.4399999999999977,2
2024-03-11 16:00:00,BIN_004,North Nazimabad,Organic,24.948,67.063,34.03,30.5,63.4,0,0,0,16,0,3,32.9,1.1300000000000026,2
2024-03-11 20:00:00,BIN_004,North Nazimabad,Organic,24.948,67.063,36.99,33.9,63.8,0,0,0,20,0,3,34.03,2.960000000000001,2
2024-03-12 00:00:00,BIN_004,North Nazimabad,Organic,24.948,67.063,37.5,32.1,75.0,0,0,0,0,1,3,36.99,0.509999999999998,2
2024-03-12 04:00:00,BIN_004,North Nazimabad,Organic,24.948,67.063,38.63,34.2,67.1,0,0,0,4,1,3,37.5,1.1300000000000026,2
2024-03-12 08:00:00,BIN_004,North Nazimabad,Organic,24.948,67.063,41.05,38.6,66.6,0,0,0,8,1,3,38.63,2.4199999999999946,2
2024-03-12 12:00:00,BIN_004,North Nazimabad,Organic,24.948,67.063,43.22,38.4,60.3,0,0,0,12,1,3,41.05,2.1700000000000017,2
2024-03-12 16:00:00,BIN_004,North Nazimabad,Organic,24.948,67.063,44.4,39.3,63.6,0,0,0,16,1,3,43.22,1.1799999999999997,2
2024-03-12 20:00:00,BIN_004,North Nazimabad,Organic,24.948,67.063,44.83,28.9,59.6,0,0,0,20,1,3,44.4,0.4299999999999997,2
2024-03-13 00:00:00,BIN_004,North Nazimabad,Organic,24.948,67.063,47.11,31.5,74.4,0,0,0,0,2,3,44.83,2.280000000000001,2
2024-03-13 04:00:00,BIN_004,North Nazimabad,Organic,24.948,67.063,50.29,35.4,77.9,0,0,0,4,2,3,47.11,3.1799999999999997,2
2024-03-13 08:00:00,BIN_004,North Nazimabad,Organic,24.948,67.063,52.79,32.3,79.3,0,0,0,8,2,3,50.29,2.5,2
2024-03-13 12:00:00,BIN_004,North Nazimabad,Organic,24.948,67.063,53.96,28.2,68.0,0,0,0,12,2,3,52.79,1.1700000000000017,2
2024-03-13 16:00:00,BIN_004,North Nazimabad,Organic,24.948,67.063,56.61,29.0,82.7,0,0,0,16,2,3,53.96,2.6499999999999986,2
2024-03-13 20:00:00,BIN_004,North Nazimabad,Organic,24.948,67.063,55.22,31.0,78.7,0,0,0,20,2,3,56.61,-1.3900000000000006,2
2024-03-14 00:00:00,BIN_004,North Nazimabad,Organic,24.948,67.063,57.37,38.4,78.2,0,0,0,0,3,3,55.22,2.1499999999999986,2
2024-03-14 04:00:00,BIN_004,North Nazimabad,Organic,24.948,67.063,61.14,33.0,83.3,0,0,0,4,3,3,57.37,3.770000000000003,2
2024-03-14 08:00:00,BIN_004,North Nazimabad,Organic,24.948,67.063,63.76,38.4,68.3,0,0,0,8,3,3,61.14,2.6199999999999974,2
2024-03-14 12:00:00,BIN_004,North Nazimabad,Organic,24.948,67.063,62.91,32.2,71.1,0,0,0,12,3,3,63.76,-0.8500000000000014,2
2024-03-14 16:00:00,BIN_004,North Nazimabad,Organic,24.948,67.063,67.66,40.6,58.4,0,0,0,16,3,3,62.91,4.75,2
2024-03-14 20:00:00,BIN_004,North Nazimabad,Organic,24.948,67.063,70.24,31.2,79.8,0,0,0,20,3,3,67.66,2.5799999999999983,2
2024-03-15 00:00:00,BIN_004,North Nazimabad,Organic,24.948,67.063,72.4,33.8,58.1,0,0,0,0,4,3,70.24,2.160000000000011,2
2024-03-15 04:00:00,BIN_004,North Nazimabad,Organic,24.948,67.063,74.51,34.1,63.1,0,0,0,4,4,3,72.4,2.1099999999999994,2
2024-03-15 08:00:00,BIN_004,North Nazimabad,Organic,24.948,67.063,77.71,29.1,84.0,0,1,0,8,4,3,74.51,3.1999999999999886,2
2024-03-15 12:00:00,BIN_004,North Nazimabad,Organic,24.948,67.063,78.32,34.0,75.9,0,1,0,12,4,3,77.71,0.6099999999999994,2
2024-03-15 16:00:00,BIN_004,North Nazimabad,Organic,24.948,67.063,79.66,29.3,88.7,0,1,0,16,4,3,78.32,1.3400000000000034,2
2024-03-15 20:00:00,BIN_004,North Nazimabad,Organic,24.948,67.063,80.41,39.3,71.1,0,1,0,20,4,3,79.66,0.75,2
2024-03-16 00:00:00,BIN_004,North Nazimabad,Organic,24.948,67.063,81.18,35.9,88.0,1,1,0,0,5,3,80.41,0.7700000000000102,2
2024-03-16 04:00:00,BIN_004,North Nazimabad,Organic,24.948,67.063,82.76,28.1,63.3,1,1,0,4,5,3,81.18,1.5799999999999983,2
2024-03-16 08:00:00,BIN_004,North Nazimabad,Organic,24.948,67.063,85.27,40.1,71.7,1,1,1,8,5,3,82.76,2.509999999999991,2
2024-03-16 12:00:00,BIN_004,North Nazimabad,Organic,24.948,67.063,10.75,37.5,57.6,1,0,0,12,5,3,85.27,-74.52,2
2024-03-16 16:00:00,BIN_004,North Nazimabad,Organic,24.948,67.063,13.71,32.3,58.0,1,0,0,16,5,3,10.75,2.960000000000001,2
2024-03-16 20:00:00,BIN_004,North Nazimabad,Organic,24.948,67.063,13.35,28.0,70.7,1,0,0,20,5,3,13.71,-0.3600000000000012,2
2024-03-17 00:00:00,BIN_004,North Nazimabad,Organic,24.948,67.063,15.98,42.0,65.0,1,0,0,0,6,3,13.35,2.630000000000001,2
2024-03-17 04:00:00,BIN_004,North Nazimabad,Organic,24.948,67.063,20.02,31.9,60.6,1,0,0,4,6,3,15.98,4.039999999999999,2
2024-03-17 08:00:00,BIN_004,North Nazimabad,Organic,24.948,67.063,21.51,39.1,86.7,1,0,0,8,6,3,20.02,1.490000000000002,2
2024-03-17 12:00:00,BIN_004,North Nazimabad,Organic,24.948,67.063,22.56,41.7,63.1,1,0,0,12,6,3,21.51,1.0499999999999972,2
2024-03-17 16:00:00,BIN_004,North Nazimabad,Organic,24.948,67.063,24.29,29.6,85.5,1,0,0,16,6,3,22.56,1.7300000000000004,2
2024-03-17 20:00:00,BIN_004,North Nazimabad,Organic,24.948,67.063,27.69,36.9,60.8,1,0,0,20,6,3,24.29,3.400000000000002,2
2024-03-18 00:00:00,BIN_004,North Nazimabad,Organic,24.948,67.063,26.87,38.3,70.9,0,0,0,0,0,3,27.69,-0.8200000000000003,2
2024-03-18 04:00:00,BIN_004,North Nazimabad,Organic,24.948,67.063,27.76,41.8,56.9,0,0,0,4,0,3,26.87,0.8900000000000006,2
2024-03-18 08:00:00,BIN_004,North Nazimabad,Organic,24.948,67.063,29.08,35.0,66.1,0,0,0,8,0,3,27.76,1.3199999999999967,2
2024-03-18 12:00:00,BIN_004,North Nazimabad,Organic,24.948,67.063,27.51,38.2,85.6,0,0,0,12,0,3,29.08,-1.5699999999999967,2
2024-03-18 16:00:00,BIN_004,North Nazimabad,Organic,24.948,67.063,29.5,39.6,65.6,0,0,0,16,0,3,27.51,1.9899999999999984,2
2024-03-18 20:00:00,BIN_004,North Nazimabad,Organic,24.948,67.063,32.97,33.6,66.1,0,0,0,20,0,3,29.5,3.469999999999999,2
2024-03-19 00:00:00,BIN_004,North Nazimabad,Organic,24.948,67.063,31.99,41.5,65.9,0,0,0,0,1,3,32.97,-0.9800000000000004,2
2024-03-19 04:00:00,BIN_004,North Nazimabad,Organic,24.948,67.063,33.31,29.4,73.4,0,0,0,4,1,3,31.99,1.3200000000000038,2
2024-03-19 08:00:00,BIN_004,North Nazimabad,Organic,24.948,67.063,34.76,34.1,83.0,0,0,0,8,1,3,33.31,1.4499999999999957,2
2024-03-19 12:00:00,BIN_004,North Nazimabad,Organic,24.948,67.063,34.25,38.4,69.9,0,0,0,12,1,3,34.76,-0.509999999999998,2
2024-03-19 16:00:00,BIN_004,North Nazimabad,Organic,24.948,67.063,34.11,38.8,56.8,0,0,0,16,1,3,34.25,-0.14000000000000057,2
2024-03-19 20:00:00,BIN_004,North Nazimabad,Organic,24.948,67.063,34.16,28.2,82.8,0,0,0,20,1,3,34.11,0.04999999999999716,2
2024-03-20 00:00:00,BIN_004,North Nazimabad,Organic,24.948,67.063,34.24,31.3,87.6,0,0,0,0,2,3,34.16,0.0800000000000054,2
2024-03-20 04:00:00,BIN_004,North Nazimabad,Organic,24.948,67.063,35.88,40.0,79.8,0,0,0,4,2,3,34.24,1.6400000000000006,2
2024-03-20 08:00:00,BIN_004,North Nazimabad,Organic,24.948,67.063,41.47,41.7,88.8,0,0,0,8,2,3,35.88,5.589999999999996,2
2024-03-20 12:00:00,BIN_004,North Nazimabad,Organic,24.948,67.063,39.82,31.0,83.4,0,0,0,12,2,3,41.47,-1.6499999999999986,2
2024-03-20 16:00:00,BIN_004,North Nazimabad,Organic,24.948,67.063,40.68,37.5,69.2,0,0,0,16,2,3,39.82,0.8599999999999994,2
2024-03-20 20:00:00,BIN_004,North Nazimabad,Organic,24.948,67.063,41.48,41.0,58.1,0,0,0,20,2,3,40.68,0.7999999999999972,2
2024-03-21 00:00:00,BIN_004,North Nazimabad,Organic,24.948,67.063,44.47,40.7,60.5,0,0,0,0,3,3,41.48,2.990000000000002,2
2024-03-21 04:00:00,BIN_004,North Nazimabad,Organic,24.948,67.063,46.24,33.1,76.7,0,0,0,4,3,3,44.47,1.7700000000000031,2
2024-03-21 08:00:00,BIN_004,North Nazimabad,Organic,24.948,67.063,45.98,36.4,57.5,0,0,0,8,3,3,46.24,-0.2600000000000051,2
2024-03-21 12:00:00,BIN_004,North Nazimabad,Organic,24.948,67.063,44.44,31.2,87.6,0,0,0,12,3,3,45.98,-1.5399999999999991,2
2024-03-21 16:00:00,BIN_004,North Nazimabad,Organic,24.948,67.063,46.33,28.3,66.4,0,0,0,16,3,3,44.44,1.8900000000000006,2
2024-03-21 20:00:00,BIN_004,North Nazimabad,Organic,24.948,67.063,48.28,36.8,64.6,0,0,0,20,3,3,46.33,1.9500000000000028,2
2024-03-22 00:00:00,BIN_004,North Nazimabad,Organic,24.948,67.063,50.37,29.0,86.8,0,0,0,0,4,3,48.28,2.0899999999999963,2
2024-03-22 04:00:00,BIN_004,North Nazimabad,Organic,24.948,67.063,53.21,41.4,57.7,0,0,0,4,4,3,50.37,2.8400000000000034,2
2024-03-22 08:00:00,BIN_004,North Nazimabad,Organic,24.948,67.063,52.1,33.5,61.3,0,0,0,8,4,3,53.21,-1.1099999999999994,2
2024-03-22 12:00:00,BIN_004,North Nazimabad,Organic,24.948,67.063,54.3,36.1,88.5,0,0,0,12,4,3,52.1,2.1999999999999957,2
2024-03-22 16:00:00,BIN_004,North Nazimabad,Organic,24.948,67.063,54.75,36.7,66.9,0,0,0,16,4,3,54.3,0.45000000000000284,2
2024-03-22 20:00:00,BIN_004,North Nazimabad,Organic,24.948,67.063,56.49,40.0,70.2,0,0,0,20,4,3,54.75,1.740000000000002,2
2024-03-23 00:00:00,BIN_004,North Nazimabad,Organic,24.948,67.063,57.96,38.8,64.3,1,0,0,0,5,3,56.49,1.4699999999999989,2
2024-03-23 04:00:00,BIN_004,North Nazimabad,Organic,24.948,67.063,59.42,38.7,62.2,1,0,0,4,5,3,57.96,1.4600000000000009,2
2024-03-23 08:00:00,BIN_004,North Nazimabad,Organic,24.948,67.063,61.1,41.2,87.6,1,0,0,8,5,3,59.42,1.6799999999999997,2
2024-03-23 12:00:00,BIN_004,North Nazimabad,Organic,24.948,67.063,60.39,30.9,67.5,1,0,0,12,5,3,61.1,-0.7100000000000009,2
2024-03-23 16:00:00,BIN_004,North Nazimabad,Organic,24.948,67.063,62.69,34.4,86.5,1,0,0,16,5,3,60.39,2.299999999999997,2
2024-03-23 20:00:00,BIN_004,North Nazimabad,Organic,24.948,67.063,63.16,41.0,68.4,1,0,0,20,5,3,62.69,0.46999999999999886,2
2024-03-24 00:00:00,BIN_004,North Nazimabad,Organic,24.948,67.063,66.85,39.3,55.1,1,0,0,0,6,3,63.16,3.6899999999999977,2
2024-03-24 04:00:00,BIN_004,North Nazimabad,Organic,24.948,67.063,69.08,32.5,69.8,1,0,0,4,6,3,66.85,2.230000000000004,2
2024-03-24 08:00:00,BIN_004,North Nazimabad,Organic,24.948,67.063,70.3,28.5,77.5,1,0,0,8,6,3,69.08,1.2199999999999989,2
2024-03-24 12:00:00,BIN_004,North Nazimabad,Organic,24.948,67.063,71.62,31.7,56.8,1,0,0,12,6,3,70.3,1.3200000000000074,2
2024-03-24 16:00:00,BIN_004,North Nazimabad,Organic,24.948,67.063,74.91,39.9,71.9,1,0,0,16,6,3,71.62,3.289999999999992,2
2024-03-24 20:00:00,BIN_004,North Nazimabad,Organic,24.948,67.063,76.24,33.8,89.2,1,1,0,20,6,3,74.91,1.3299999999999983,2
2024-03-25 00:00:00,BIN_004,North Nazimabad,Organic,24.948,67.063,77.07,32.1,61.0,0,1,0,0,0,3,76.24,0.8299999999999983,2
2024-03-25 04:00:00,BIN_004,North Nazimabad,Organic,24.948,67.063,77.85,33.3,86.9,0,1,0,4,0,3,77.07,0.7800000000000011,2
2024-03-25 08:00:00,BIN_004,North Nazimabad,Organic,24.948,67.063,77.56,41.1,56.7,0,1,0,8,0,3,77.85,-0.28999999999999204,2
2024-03-25 12:00:00,BIN_004,North Nazimabad,Organic,24.948,67.063,81.94,30.9,74.8,0,1,0,12,0,3,77.56,4.3799999999999955,2
2024-03-25 16:00:00,BIN_004,North Nazimabad,Organic,24.948,67.063,83.01,33.6,77.7,0,1,0,16,0,3,81.94,1.0700000000000074,2
2024-03-25 20:00:00,BIN_004,North Nazimabad,Organic,24.948,67.063,84.91,37.8,77.3,0,1,0,20,0,3,83.01,1.8999999999999915,2
2024-03-26 00:00:00,BIN_004,North Nazimabad,Organic,24.948,67.063,85.7,34.0,59.5,0,1,1,0,1,3,84.91,0.7900000000000063,2
2024-03-26 04:00:00,BIN_004,North Nazimabad,Organic,24.948,67.063,10.79,34.7,66.1,0,0,0,4,1,3,85.7,-74.91,2
2024-03-26 08:00:00,BIN_004,North Nazimabad,Organic,24.948,67.063,12.51,32.3,83.4,0,0,0,8,1,3,10.79,1.7200000000000006,2
2024-03-26 12:00:00,BIN_004,North Nazimabad,Organic,24.948,67.063,16.62,40.1,78.6,0,0,0,12,1,3,12.51,4.110000000000001,2
2024-03-26 16:00:00,BIN_004,North Nazimabad,Organic,24.948,67.063,18.48,38.7,59.8,0,0,0,16,1,3,16.62,1.8599999999999994,2
2024-03-26 20:00:00,BIN_004,North Nazimabad,Organic,24.948,67.063,19.33,31.2,85.9,0,0,0,20,1,3,18.48,0.8499999999999979,2
2024-03-27 00:00:00,BIN_004,North Nazimabad,Organic,24.948,67.063,17.13,28.1,83.7,0,0,0,0,2,3,19.33,-2.1999999999999993,2
2024-03-27 04:00:00,BIN_004,North Nazimabad,Organic,24.948,67.063,16.93,33.0,73.9,0,0,0,4,2,3,17.13,-0.1999999999999993,2
2024-03-27 08:00:00,BIN_004,North Nazimabad,Organic,24.948,67.063,20.44,41.4,73.6,0,0,0,8,2,3,16.93,3.5100000000000016,2
2024-03-27 12:00:00,BIN_004,North Nazimabad,Organic,24.948,67.063,23.72,33.6,88.4,0,0,0,12,2,3,20.44,3.2799999999999976,2
2024-03-27 16:00:00,BIN_004,North Nazimabad,Organic,24.948,67.063,23.4,29.8,84.5,0,0,0,16,2,3,23.72,-0.3200000000000003,2
2024-03-27 20:00:00,BIN_004,North Nazimabad,Organic,24.948,67.063,26.58,33.1,78.1,0,0,0,20,2,3,23.4,3.1799999999999997,2
2024-03-28 00:00:00,BIN_004,North Nazimabad,Organic,24.948,67.063,26.19,36.4,57.1,0,0,0,0,3,3,26.58,-0.389999999999997,2
2024-03-28 04:00:00,BIN_004,North Nazimabad,Organic,24.948,67.063,27.72,33.8,74.1,0,0,0,4,3,3,26.19,1.5299999999999976,2
2024-03-28 08:00:00,BIN_004,North Nazimabad,Organic,24.948,67.063,31.82,39.6,82.0,0,0,0,8,3,3,27.72,4.100000000000001,2
2024-03-28 12:00:00,BIN_004,North Nazimabad,Organic,24.948,67.063,32.95,28.5,61.8,0,0,0,12,3,3,31.82,1.1300000000000026,2
2024-03-28 16:00:00,BIN_004,North Nazimabad,Organic,24.948,67.063,35.78,39.7,84.5,0,0,0,16,3,3,32.95,2.8299999999999983,2
2024-03-28 20:00:00,BIN_004,North Nazimabad,Organic,24.948,67.063,37.61,32.2,70.0,0,0,0,20,3,3,35.78,1.8299999999999983,2
2024-03-29 00:00:00,BIN_004,North Nazimabad,Organic,24.948,67.063,37.51,28.4,88.1,0,0,0,0,4,3,37.61,-0.10000000000000142,2
2024-03-29 04:00:00,BIN_004,North Nazimabad,Organic,24.948,67.063,39.09,31.4,63.4,0,0,0,4,4,3,37.51,1.5800000000000054,2
2024-03-29 08:00:00,BIN_004,North Nazimabad,Organic,24.948,67.063,43.52,40.8,67.1,0,0,0,8,4,3,39.09,4.43,2
2024-03-29 12:00:00,BIN_004,North Nazimabad,Organic,24.948,67.063,46.54,36.7,56.4,0,0,0,12,4,3,43.52,3.019999999999996,2
2024-03-29 16:00:00,BIN_004,North Nazimabad,Organic,24.948,67.063,48.93,38.7,67.3,0,0,0,16,4,3,46.54,2.3900000000000006,2
2024-03-29 20:00:00,BIN_004,North Nazimabad,Organic,24.948,67.063,50.04,33.3,73.7,0,0,0,20,4,3,48.93,1.1099999999999994,2
2024-03-30 00:00:00,BIN_004,North Nazimabad,Organic,24.948,67.063,51.29,39.3,64.8,1,0,0,0,5,3,50.04,1.25,2
2024-03-30 04:00:00,BIN_004,North Nazimabad,Organic,24.948,67.063,52.37,30.7,72.6,1,0,0,4,5,3,51.29,1.0799999999999983,2
2024-03-30 08:00:00,BIN_004,North Nazimabad,Organic,24.948,67.063,54.04,29.1,67.5,1,0,0,8,5,3,52.37,1.6700000000000017,2
2024-03-30 12:00:00,BIN_004,North Nazimabad,Organic,24.948,67.063,57.11,38.5,74.3,1,0,0,12,5,3,54.04,3.0700000000000003,2
2024-03-30 16:00:00,BIN_004,North Nazimabad,Organic,24.948,67.063,60.05,34.9,56.4,1,0,0,16,5,3,57.11,2.9399999999999977,2
2024-03-30 20:00:00,BIN_004,North Nazimabad,Organic,24.948,67.063,64.25,41.8,68.4,1,0,0,20,5,3,60.05,4.200000000000003,2
2024-01-01 04:00:00,BIN_005,Korangi,General,24.83,67.13,6.17,34.2,84.3,0,0,0,4,0,1,2.97,3.1999999999999997,0
2024-01-01 08:00:00,BIN_005,Korangi,General,24.83,67.13,7.39,35.5,78.2,0,0,0,8,0,1,6.17,1.2199999999999998,0
2024-01-01 12:00:00,BIN_005,Korangi,General,24.83,67.13,6.65,39.0,68.8,0,0,0,12,0,1,7.39,-0.7399999999999993,0
2024-01-01 16:00:00,BIN_005,Korangi,General,24.83,67.13,6.96,41.1,68.4,0,0,0,16,0,1,6.65,0.3099999999999996,0
2024-01-01 20:00:00,BIN_005,Korangi,General,24.83,67.13,9.34,38.2,55.7,0,0,0,20,0,1,6.96,2.38,0
2024-01-02 00:00:00,BIN_005,Korangi,General,24.83,67.13,11.02,40.3,73.5,0,0,0,0,1,1,9.34,1.6799999999999997,0
2024-01-02 04:00:00,BIN_005,Korangi,General,24.83,67.13,10.61,41.0,71.9,0,0,0,4,1,1,11.02,-0.41000000000000014,0
2024-01-02 08:00:00,BIN_005,Korangi,General,24.83,67.13,10.81,39.2,63.6,0,0,0,8,1,1,10.61,0.20000000000000107,0
2024-01-02 12:00:00,BIN_005,Korangi,General,24.83,67.13,12.54,40.6,86.9,0,0,0,12,1,1,10.81,1.7299999999999986,0
2024-01-02 16:00:00,BIN_005,Korangi,General,24.83,67.13,14.36,37.5,82.2,0,0,0,16,1,1,12.54,1.8200000000000003,0
2024-01-02 20:00:00,BIN_005,Korangi,General,24.83,67.13,17.17,29.8,76.0,0,0,0,20,1,1,14.36,2.8100000000000023,0
2024-01-03 00:00:00,BIN_005,Korangi,General,24.83,67.13,18.93,30.2,61.4,0,0,0,0,2,1,17.17,1.759999999999998,0
2024-01-03 04:00:00,BIN_005,Korangi,General,24.83,67.13,19.9,33.1,70.1,0,0,0,4,2,1,18.93,0.9699999999999989,0
2024-01-03 08:00:00,BIN_005,Korangi,General,24.83,67.13,20.67,35.1,61.4,0,0,0,8,2,1,19.9,0.7700000000000031,0
2024-01-03 12:00:00,BIN_005,Korangi,General,24.83,67.13,22.73,36.0,77.3,0,0,0,12,2,1,20.67,2.0599999999999987,0
2024-01-03 16:00:00,BIN_005,Korangi,General,24.83,67.13,26.97,32.7,81.8,0,0,0,16,2,1,22.73,4.239999999999998,0
2024-01-03 20:00:00,BIN_005,Korangi,General,24.83,67.13,29.33,34.1,71.9,0,0,0,20,2,1,26.97,2.3599999999999994,0
2024-01-04 00:00:00,BIN_005,Korangi,General,24.83,67.13,32.87,32.3,58.0,0,0,0,0,3,1,29.33,3.539999999999999,0
2024-01-04 04:00:00,BIN_005,Korangi,General,24.83,67.13,36.96,29.3,87.3,0,0,0,4,3,1,32.87,4.090000000000003,0
2024-01-04 08:00:00,BIN_005,Korangi,General,24.83,67.13,37.59,33.0,75.7,0,0,0,8,3,1,36.96,0.6300000000000026,0
2024-01-04 12:00:00,BIN_005,Korangi,General,24.83,67.13,39.94,39.7,56.5,0,0,0,12,3,1,37.59,2.3499999999999943,0
2024-01-04 16:00:00,BIN_005,Korangi,General,24.83,67.13,42.32,28.1,62.0,0,0,0,16,3,1,39.94,2.3800000000000026,0
2024-01-04 20:00:00,BIN_005,Korangi,General,24.83,67.13,43.68,41.4,76.5,0,0,0,20,3,1,42.32,1.3599999999999994,0
2024-01-05 00:00:00,BIN_005,Korangi,General,24.83,67.13,45.17,28.4,63.6,0,0,0,0,4,1,43.68,1.490000000000002,0
2024-01-05 04:00:00,BIN_005,Korangi,General,24.83,67.13,46.78,40.3,69.6,0,0,0,4,4,1,45.17,1.6099999999999994,0
2024-01-05 08:00:00,BIN_005,Korangi,General,24.83,67.13,49.18,33.7,61.7,0,0,0,8,4,1,46.78,2.3999999999999986,0
2024-01-05 12:00:00,BIN_005,Korangi,General,24.83,67.13,51.28,35.2,86.8,0,0,0,12,4,1,49.18,2.1000000000000014,0
2024-01-05 16:00:00,BIN_005,Korangi,General,24.83,67.13,54.04,40.7,59.3,0,0,0,16,4,1,51.28,2.759999999999998,0
2024-01-05 20:00:00,BIN_005,Korangi,General,24.83,67.13,58.46,35.5,85.8,0,0,0,20,4,1,54.04,4.420000000000002,0
2024-01-06 00:00:00,BIN_005,Korangi,General,24.83,67.13,60.0,29.0,64.7,1,0,0,0,5,1,58.46,1.5399999999999991,0
2024-01-06 04:00:00,BIN_005,Korangi,General,24.83,67.13,58.47,32.5,88.1,1,0,0,4,5,1,60.0,-1.5300000000000011,0
2024-01-06 08:00:00,BIN_005,Korangi,General,24.83,67.13,60.29,37.4,60.7,1,0,0,8,5,1,58.47,1.8200000000000003,0
2024-01-06 12:00:00,BIN_005,Korangi,General,24.83,67.13,59.92,34.8,80.8,1,0,0,12,5,1,60.29,-0.36999999999999744,0
2024-01-06 16:00:00,BIN_005,Korangi,General,24.83,67.13,62.71,37.4,59.4,1,0,0,16,5,1,59.92,2.789999999999999,0
2024-01-06 20:00:00,BIN_005,Korangi,General,24.83,67.13,66.44,41.2,59.6,1,0,0,20,5,1,62.71,3.729999999999997,0
2024-01-07 00:00:00,BIN_005,Korangi,General,24.83,67.13,67.63,41.1,80.2,1,0,0,0,6,1,66.44,1.1899999999999977,0
2024-01-07 04:00:00,BIN_005,Korangi,General,24.83,67.13,71.23,38.6,62.7,1,0,0,4,6,1,67.63,3.6000000000000085,0
2024-01-07 08:00:00,BIN_005,Korangi,General,24.83,67.13,76.66,38.8,58.6,1,1,0,8,6,1,71.23,5.429999999999993,0
2024-01-07 12:00:00,BIN_005,Korangi,General,24.83,67.13,77.45,41.5,86.2,1,1,0,12,6,1,76.66,0.7900000000000063,0
2024-01-07 16:00:00,BIN_005,Korangi,General,24.83,67.13,80.93,35.3,71.2,1,1,0,16,6,1,77.45,3.480000000000004,0
2024-01-07 20:00:00,BIN_005,Korangi,General,24.83,67.13,82.39,32.4,75.3,1,1,0,20,6,1,80.93,1.4599999999999937,0
2024-01-08 00:00:00,BIN_005,Korangi,General,24.83,67.13,83.25,36.8,79.5,0,1,0,0,0,1,82.39,0.8599999999999994,0
2024-01-08 04:00:00,BIN_005,Korangi,General,24.83,67.13,87.38,38.0,56.8,0,1,1,4,0,1,83.25,4.1299999999999955,0
2024-01-08 08:00:00,BIN_005,Korangi,General,24.83,67.13,7.85,31.4,71.9,0,0,0,8,0,1,87.38,-79.53,0
2024-01-08 12:00:00,BIN_005,Korangi,General,24.83,67.13,9.17,40.4,68.2,0,0,0,12,0,1,7.85,1.3200000000000003,0
2024-01-08 16:00:00,BIN_005,Korangi,General,24.83,67.13,10.36,34.7,89.7,0,0,0,16,0,1,9.17,1.1899999999999995,0
2024-01-08 20:00:00,BIN_005,Korangi,General,24.83,67.13,12.49,38.8,62.4,0,0,0,20,0,1,10.36,2.130000000000001,0
2024-01-09 00:00:00,BIN_005,Korangi,General,24.83,67.13,11.88,33.7,82.3,0,0,0,0,1,1,12.49,-0.6099999999999994,0
2024-01-09 04:00:00,BIN_005,Korangi,General,24.83,67.13,13.66,38.8,63.0,0,0,0,4,1,1,11.88,1.7799999999999994,0
2024-01-09 08:00:00,BIN_005,Korangi,General,24.83,67.13,15.68,33.3,72.6,0,0,0,8,1,1,13.66,2.0199999999999996,0
2024-01-09 12:00:00,BIN_005,Korangi,General,24.83,67.13,18.57,36.5,74.6,0,0,0,12,1,1,15.68,2.8900000000000006,0
2024-01-09 16:00:00,BIN_005,Korangi,General,24.83,67.13,22.26,30.5,83.4,0,0,0,16,1,1,18.57,3.6900000000000013,0
2024-01-09 20:00:00,BIN_005,Korangi,General,24.83,67.13,18.72,35.6,59.6,0,0,0,20,1,1,22.26,-3.5400000000000027,0
2024-01-10 00:00:00,BIN_005,Korangi,General,24.83,67.13,20.27,29.9,73.1,0,0,0,0,2,1,18.72,1.5500000000000007,0
2024-01-10 04:00:00,BIN_005,Korangi,General,24.83,67.13,22.8,29.6,87.7,0,0,0,4,2,1,20.27,2.530000000000001,0
2024-01-10 08:00:00,BIN_005,Korangi,General,24.83,67.13,23.71,33.7,68.4,0,0,0,8,2,1,22.8,0.9100000000000001,0
2024-01-10 12:00:00,BIN_005,Korangi,General,24.83,67.13,24.37,39.1,71.0,0,0,0,12,2,1,23.71,0.6600000000000001,0
2024-01-10 16:00:00,BIN_005,Korangi,General,24.83,67.13,25.34,35.1,60.2,0,0,0,16,2,1,24.37,0.9699999999999989,0
2024-01-10 20:00:00,BIN_005,Korangi,General,24.83,67.13,25.97,36.6,74.8,0,0,0,20,2,1,25.34,0.629999999999999,0
2024-01-11 00:00:00,BIN_005,Korangi,General,24.83,67.13,28.17,40.8,88.1,0,0,0,0,3,1,25.97,2.200000000000003,0
2024-01-11 04:00:00,BIN_005,Korangi,General,24.83,67.13,30.15,31.4,59.6,0,0,0,4,3,1,28.17,1.9799999999999969,0
2024-01-11 08:00:00,BIN_005,Korangi,General,24.83,67.13,32.87,41.6,85.1,0,0,0,8,3,1,30.15,2.719999999999999,0
2024-01-11 12:00:00,BIN_005,Korangi,General,24.83,67.13,34.17,29.5,88.2,0,0,0,12,3,1,32.87,1.3000000000000043,0
2024-01-11 16:00:00,BIN_005,Korangi,General,24.83,67.13,35.69,34.2,56.6,0,0,0,16,3,1,34.17,1.519999999999996,0
2024-01-11 20:00:00,BIN_005,Korangi,General,24.83,67.13,37.42,35.6,66.8,0,0,0,20,3,1,35.69,1.730000000000004,0
2024-01-12 00:00:00,BIN_005,Korangi,General,24.83,67.13,42.72,40.2,78.2,0,0,0,0,4,1,37.42,5.299999999999997,0
2024-01-12 04:00:00,BIN_005,Korangi,General,24.83,67.13,43.66,34.1,83.7,0,0,0,4,4,1,42.72,0.9399999999999977,0
2024-01-12 08:00:00,BIN_005,Korangi,General,24.83,67.13,42.73,28.7,78.4,0,0,0,8,4,1,43.66,-0.9299999999999997,0
2024-01-12 12:00:00,BIN_005,Korangi,General,24.83,67.13,44.9,40.1,60.7,0,0,0,12,4,1,42.73,2.1700000000000017,0
2024-01-12 16:00:00,BIN_005,Korangi,General,24.83,67.13,47.21,40.8,64.3,0,0,0,16,4,1,44.9,2.3100000000000023,0
2024-01-12 20:00:00,BIN_005,Korangi,General,24.83,67.13,49.46,40.7,66.2,0,0,0,20,4,1,47.21,2.25,0
2024-01-13 00:00:00,BIN_005,Korangi,General,24.83,67.13,50.82,28.6,80.2,1,0,0,0,5,1,49.46,1.3599999999999994,0
2024-01-13 04:00:00,BIN_005,Korangi,General,24.83,67.13,53.24,34.2,64.0,1,0,0,4,5,1,50.82,2.4200000000000017,0
2024-01-13 08:00:00,BIN_005,Korangi,General,24.83,67.13,56.39,28.0,83.2,1,0,0,8,5,1,53.24,3.1499999999999986,0
2024-01-13 12:00:00,BIN_005,Korangi,General,24.83,67.13,57.14,29.1,61.7,1,0,0,12,5,1,56.39,0.75,0
2024-01-13 16:00:00,BIN_005,Korangi,General,24.83,67.13,58.96,33.0,66.2,1,0,0,16,5,1,57.14,1.8200000000000003,0
2024-01-13 20:00:00,BIN_005,Korangi,General,24.83,67.13,57.65,41.5,77.5,1,0,0,20,5,1,58.96,-1.3100000000000023,0
2024-01-14 00:00:00,BIN_005,Korangi,General,24.83,67.13,59.87,40.3,65.6,1,0,0,0,6,1,57.65,2.219999999999999,0
2024-01-14 04:00:00,BIN_005,Korangi,General,24.83,67.13,61.6,29.3,81.5,1,0,0,4,6,1,59.87,1.730000000000004,0
2024-01-14 08:00:00,BIN_005,Korangi,General,24.83,67.13,65.84,28.8,59.9,1,0,0,8,6,1,61.6,4.240000000000002,0
2024-01-14 12:00:00,BIN_005,Korangi,General,24.83,67.13,71.07,36.7,62.3,1,0,0,12,6,1,65.84,5.22999999999999,0
2024-01-14 16:00:00,BIN_005,Korangi,General,24.83,67.13,78.0,32.0,88.2,1,1,0,16,6,1,71.07,6.930000000000007,0
2024-01-14 20:00:00,BIN_005,Korangi,General,24.83,67.13,80.72,39.8,80.3,1,1,0,20,6,1,78.0,2.719999999999999,0
2024-01-15 00:00:00,BIN_005,Korangi,General,24.83,67.13,80.63,41.7,60.5,0,1,0,0,0,1,80.72,-0.09000000000000341,0
2024-01-15 04:00:00,BIN_005,Korangi,General,24.83,67.13,82.36,34.8,67.7,0,1,0,4,0,1,80.63,1.730000000000004,0
2024-01-15 08:00:00,BIN_005,Korangi,General,24.83,67.13,82.77,34.0,64.6,0,1,0,8,0,1,82.36,0.4099999999999966,0
2024-01-15 12:00:00,BIN_005,Korangi,General,24.83,67.13,85.05,40.4,56.4,0,1,1,12,0,1,82.77,2.280000000000001,0
2024-01-15 16:00:00,BIN_005,Korangi,General,24.83,67.13,10.13,39.1,56.1,0,0,0,16,0,1,85.05,-74.92,0
2024-01-15 20:00:00,BIN_005,Korangi,General,24.83,67.13,13.18,41.5,73.4,0,0,0,20,0,1,10.13,3.049999999999999,0
2024-01-16 00:00:00,BIN_005,Korangi,General,24.83,67.13,13.48,28.9,89.6,0,0,0,0,1,1,13.18,0.3000000000000007,0
2024-01-16 04:00:00,BIN_005,Korangi,General,24.83,67.13,13.14,28.6,77.9,0,0,0,4,1,1,13.48,-0.33999999999999986,0
2024-01-16 08:00:00,BIN_005,Korangi,General,24.83,67.13,15.85,31.4,73.6,0,0,0,8,1,1,13.14,2.709999999999999,0
2024-01-16 12:00:00,BIN_005,Korangi,General,24.83,67.13,17.5,34.8,79.6,0,0,0,12,1,1,15.85,1.6500000000000004,0
2024-01-16 16:00:00,BIN_005,Korangi,General,24.83,67.13,20.32,30.6,75.1,0,0,0,16,1,1,17.5,2.8200000000000003,0
2024-01-16 20:00:00,BIN_005,Korangi,General,24.83,67.13,20.83,31.0,85.2,0,0,0,20,1,1,20.32,0.509999999999998,0
2024-01-17 00:00:00,BIN_005,Korangi,General,24.83,67.13,22.65,32.9,63.2,0,0,0,0,2,1,20.83,1.8200000000000003,0
2024-01-17 04:00:00,BIN_005,Korangi,General,24.83,67.13,25.47,28.7,64.4,0,0,0,4,2,1,22.65,2.8200000000000003,0
2024-01-17 08:00:00,BIN_005,Korangi,General,24.83,67.13,27.92,41.2,68.9,0,0,0,8,2,1,25.47,2.450000000000003,0
2024-01-17 12:00:00,BIN_005,Korangi,General,24.83,67.13,32.84,37.7,72.1,0,0,0,12,2,1,27.92,4.920000000000002,0
2024-01-17 16:00:00,BIN_005,Korangi,General,24.83,67.13,31.99,34.4,71.5,0,0,0,16,2,1,32.84,-0.850000000000005,0
2024-01-17 20:00:00,BIN_005,Korangi,General,24.83,67.13,33.9,37.9,87.9,0,0,0,20,2,1,31.99,1.9100000000000001,0
2024-01-18 00:00:00,BIN_005,Korangi,General,24.83,67.13,35.24,34.9,74.1,0,0,0,0,3,1,33.9,1.3400000000000034,0
2024-01-18 04:00:00,BIN_005,Korangi,General,24.83,67.13,36.86,30.4,81.6,0,0,0,4,3,1,35.24,1.6199999999999974,0
2024-01-18 08:00:00,BIN_005,Korangi,General,24.83,67.13,39.07,37.9,70.9,0,0,0,8,3,1,36.86,2.210000000000001,0
2024-01-18 12:00:00,BIN_005,Korangi,General,24.83,67.13,40.48,35.6,84.7,0,0,0,12,3,1,39.07,1.4099999999999966,0
2024-01-18 16:00:00,BIN_005,Korangi,General,24.83,67.13,38.8,34.9,75.3,0,0,0,16,3,1,40.48,-1.6799999999999997,0
2024-01-18 20:00:00,BIN_005,Korangi,General,24.83,67.13,40.02,30.6,86.5,0,0,0,20,3,1,38.8,1.220000000000006,0
2024-01-19 00:00:00,BIN_005,Korangi,General,24.83,67.13,43.45,29.4,76.1,0,0,0,0,4,1,40.02,3.4299999999999997,0
2024-01-19 04:00:00,BIN_005,Korangi,General,24.83,67.13,47.38,29.7,57.8,0,0,0,4,4,1,43.45,3.9299999999999997,0
2024-01-19 08:00:00,BIN_005,Korangi,General,24.83,67.13,45.5,36.2,58.1,0,0,0,8,4,1,47.38,-1.8800000000000026,0
2024-01-19 12:00:00,BIN_005,Korangi,General,24.83,67.13,48.3,34.0,61.1,0,0,0,12,4,1,45.5,2.799999999999997,0
2024-01-19 16:00:00,BIN_005,Korangi,General,24.83,67.13,50.12,37.6,66.4,0,0,0,16,4,1,48.3,1.8200000000000003,0
2024-01-19 20:00:00,BIN_005,Korangi,General,24.83,67.13,52.29,29.3,89.2,0,0,0,20,4,1,50.12,2.1700000000000017,0
2024-01-20 00:00:00,BIN_005,Korangi,General,24.83,67.13,53.7,37.1,55.9,1,0,0,0,5,1,52.29,1.4100000000000037,0
2024-01-20 04:00:00,BIN_005,Korangi,General,24.83,67.13,53.49,39.3,73.8,1,0,0,4,5,1,53.7,-0.21000000000000085,0
2024-01-20 08:00:00,BIN_005,Korangi,General,24.83,67.13,55.43,30.3,86.3,1,0,0,8,5,1,53.49,1.9399999999999977,0
2024-01-20 12:00:00,BIN_005,Korangi,General,24.83,67.13,57.55,37.6,63.7,1,0,0,12,5,1,55.43,2.1199999999999974,0
2024-01-20 16:00:00,BIN_005,Korangi,General,24.83,67.13,60.13,36.0,69.2,1,0,0,16,5,1,57.55,2.5800000000000054,0
2024-01-20 20:00:00,BIN_005,Korangi,General,24.83,67.13,61.8,33.1,62.6,1,0,0,20,5,1,60.13,1.6699999999999946,0
2024-01-21 00:00:00,BIN_005,Korangi,General,24.83,67.13,64.64,33.9,70.6,1,0,0,0,6,1,61.8,2.8400000000000034,0
2024-01-21 04:00:00,BIN_005,Korangi,General,24.83,67.13,65.15,31.6,83.9,1,0,0,4,6,1,64.64,0.5100000000000051,0
2024-01-21 08:00:00,BIN_005,Korangi,General,24.83,67.13,71.84,32.3,61.4,1,0,0,8,6,1,65.15,6.689999999999998,0
2024-01-21 12:00:00,BIN_005,Korangi,General,24.83,67.13,72.65,29.2,80.0,1,0,0,12,6,1,71.84,0.8100000000000023,0
2024-01-21 16:00:00,BIN_005,Korangi,General,24.83,67.13,75.87,33.5,69.6,1,1,0,16,6,1,72.65,3.219999999999999,0
2024-01-21 20:00:00,BIN_005,Korangi,General,24.83,67.13,76.7,34.6,67.9,1,1,0,20,6,1,75.87,0.8299999999999983,0
2024-01-22 00:00:00,BIN_005,Korangi,General,24.83,67.13,78.02,37.3,78.3,0,1,0,0,0,1,76.7,1.3199999999999932,0
2024-01-22 04:00:00,BIN_005,Korangi,General,24.83,67.13,78.85,32.0,71.1,0,1,0,4,0,1,78.02,0.8299999999999983,0
2024-01-22 08:00:00,BIN_005,Korangi,General,24.83,67.13,79.77,28.3,86.4,0,1,0,8,0,1,78.85,0.9200000000000017,0
2024-01-22 12:00:00,BIN_005,Korangi,General,24.83,67.13,80.64,30.9,63.0,0,1,0,12,0,1,79.77,0.8700000000000045,0
2024-01-22 16:00:00,BIN_005,Korangi,General,24.83,67.13,81.43,36.9,57.6,0,1,0,16,0,1,80.64,0.7900000000000063,0
2024-01-22 20:00:00,BIN_005,Korangi,General,24.83,67.13,82.62,29.9,77.6,0,1,0,20,0,1,81.43,1.1899999999999977,0
2024-01-23 00:00:00,BIN_005,Korangi,General,24.83,67.13,86.3,35.8,64.0,0,1,1,0,1,1,82.62,3.6799999999999926,0
2024-01-23 04:00:00,BIN_005,Korangi,General,24.83,67.13,6.81,29.6,73.8,0,0,0,4,1,1,86.3,-79.49,0
2024-01-23 08:00:00,BIN_005,Korangi,General,24.83,67.13,6.1,36.5,85.5,0,0,0,8,1,1,6.81,-0.71,0
2024-01-23 12:00:00,BIN_005,Korangi,General,24.83,67.13,7.2,42.0,76.3,0,0,0,12,1,1,6.1,1.1000000000000005,0
2024-01-23 16:00:00,BIN_005,Korangi,General,24.83,67.13,6.88,31.6,71.8,0,0,0,16,1,1,7.2,-0.3200000000000003,0
2024-01-23 20:00:00,BIN_005,Korangi,General,24.83,67.13,7.93,33.1,87.0,0,0,0,20,1,1,6.88,1.0499999999999998,0
2024-01-24 00:00:00,BIN_005,Korangi,General,24.83,67.13,7.62,33.4,84.3,0,0,0,0,2,1,7.93,-0.3099999999999996,0
2024-01-24 04:00:00,BIN_005,Korangi,General,24.83,67.13,7.22,37.1,76.5,0,0,0,4,2,1,7.62,-0.40000000000000036,0
2024-01-24 08:00:00,BIN_005,Korangi,General,24.83,67.13,10.52,28.5,85.5,0,0,0,8,2,1,7.22,3.3,0
2024-01-24 12:00:00,BIN_005,Korangi,General,24.83,67.13,11.49,35.2,68.9,0,0,0,12,2,1,10.52,0.9700000000000006,0
2024-01-24 16:00:00,BIN_005,Korangi,General,24.83,67.13,16.4,28.2,85.5,0,0,0,16,2,1,11.49,4.909999999999998,0
2024-01-24 20:00:00,BIN_005,Korangi,General,24.83,67.13,18.11,34.3,67.0,0,0,0,20,2,1,16.4,1.7100000000000009,0
2024-01-25 00:00:00,BIN_005,Korangi,General,24.83,67.13,19.61,34.9,69.1,0,0,0,0,3,1,18.11,1.5,0
2024-01-25 04:00:00,BIN_005,Korangi,General,24.83,67.13,19.73,37.5,69.7,0,0,0,4,3,1,19.61,0.120000000000001,0
2024-01-25 08:00:00,BIN_005,Korangi,General,24.83,67.13,21.65,39.3,58.8,0,0,0,8,3,1,19.73,1.9199999999999982,0
2024-01-25 12:00:00,BIN_005,Korangi,General,24.83,67.13,24.13,33.6,66.8,0,0,0,12,3,1,21.65,2.4800000000000004,0
2024-01-25 16:00:00,BIN_005,Korangi,General,24.83,67.13,27.53,29.1,57.5,0,0,0,16,3,1,24.13,3.400000000000002,0
2024-01-25 20:00:00,BIN_005,Korangi,General,24.83,67.13,29.62,39.9,62.4,0,0,0,20,3,1,27.53,2.09,0
2024-01-26 00:00:00,BIN_005,Korangi,General,24.83,67.13,32.15,39.7,59.4,0,0,0,0,4,1,29.62,2.5299999999999976,0
2024-01-26 04:00:00,BIN_005,Korangi,General,24.83,67.13,36.9,29.8,74.5,0,0,0,4,4,1,32.15,4.75,0
2024-01-26 08:00:00,BIN_005,Korangi,General,24.83,67.13,38.5,32.6,76.2,0,0,0,8,4,1,36.9,1.6000000000000014,0
2024-01-26 12:00:00,BIN_005,Korangi,General,24.83,67.13,41.18,41.0,84.3,0,0,0,12,4,1,38.5,2.6799999999999997,0
2024-01-26 16:00:00,BIN_005,Korangi,General,24.83,67.13,43.33,39.5,65.0,0,0,0,16,4,1,41.18,2.1499999999999986,0
2024-01-26 20:00:00,BIN_005,Korangi,General,24.83,67.13,43.76,31.3,82.5,0,0,0,20,4,1,43.33,0.4299999999999997,0
2024-01-27 00:00:00,BIN_005,Korangi,General,24.83,67.13,45.82,35.1,74.6,1,0,0,0,5,1,43.76,2.0600000000000023,0
2024-01-27 04:00:00,BIN_005,Korangi,General,24.83,67.13,47.32,38.2,67.4,1,0,0,4,5,1,45.82,1.5,0
2024-01-27 08:00:00,BIN_005,Korangi,General,24.83,67.13,51.66,35.7,77.4,1,0,0,8,5,1,47.32,4.339999999999996,0
2024-01-27 12:00:00,BIN_005,Korangi,General,24.83,67.13,56.64,31.6,58.0,1,0,0,12,5,1,51.66,4.980000000000004,0
2024-01-27 16:00:00,BIN_005,Korangi,General,24.83,67.13,58.51,35.0,84.4,1,0,0,16,5,1,56.64,1.8699999999999974,0
2024-01-27 20:00:00,BIN_005,Korangi,General,24.83,67.13,60.2,37.8,82.6,1,0,0,20,5,1,58.51,1.6900000000000048,0
2024-01-28 00:00:00,BIN_005,Korangi,General,24.83,67.13,60.86,33.5,61.7,1,0,0,0,6,1,60.2,0.6599999999999966,0
2024-01-28 04:00:00,BIN_005,Korangi,General,24.83,67.13,60.58,28.9,75.7,1,0,0,4,6,1,60.86,-0.28000000000000114,0
2024-01-28 08:00:00,BIN_005,Korangi,General,24.83,67.13,63.94,37.9,88.1,1,0,0,8,6,1,60.58,3.3599999999999994,0
2024-01-28 12:00:00,BIN_005,Korangi,General,24.83,67.13,65.45,33.7,78.2,1,0,0,12,6,1,63.94,1.5100000000000051,0
2024-01-28 16:00:00,BIN_005,Korangi,General,24.83,67.13,71.06,34.3,61.6,1,0,0,16,6,1,65.45,5.609999999999999,0
2024-01-28 20:00:00,BIN_005,Korangi,General,24.83,67.13,72.47,35.1,73.5,1,0,0,20,6,1,71.06,1.4099999999999966,0
2024-01-29 00:00:00,BIN_005,Korangi,General,24.83,67.13,75.15,37.3,59.0,0,1,0,0,0,1,72.47,2.680000000000007,0
2024-01-29 04:00:00,BIN_005,Korangi,General,24.83,67.13,78.11,38.1,72.5,0,1,0,4,0,1,75.15,2.9599999999999937,0
2024-01-29 08:00:00,BIN_005,Korangi,General,24.83,67.13,79.72,35.6,60.2,0,1,0,8,0,1,78.11,1.6099999999999994,0
2024-01-29 12:00:00,BIN_005,Korangi,General,24.83,67.13,80.92,38.4,55.3,0,1,0,12,0,1,79.72,1.2000000000000028,0
2024-01-29 16:00:00,BIN_005,Korangi,General,24.83,67.13,83.13,38.0,87.1,0,1,0,16,0,1,80.92,2.2099999999999937,0
2024-01-29 20:00:00,BIN_005,Korangi,General,24.83,67.13,83.1,37.9,78.5,0,1,0,20,0,1,83.13,-0.030000000000001137,0
2024-01-30 00:00:00,BIN_005,Korangi,General,24.83,67.13,85.01,37.5,69.6,0,1,1,0,1,1,83.1,1.9100000000000108,0
2024-01-30 04:00:00,BIN_005,Korangi,General,24.83,67.13,7.52,35.3,57.6,0,0,0,4,1,1,85.01,-77.49000000000001,0
2024-01-30 08:00:00,BIN_005,Korangi,General,24.83,67.13,9.95,38.1,86.3,0,0,0,8,1,1,7.52,2.4299999999999997,0
2024-01-30 12:00:00,BIN_005,Korangi,General,24.83,67.13,11.12,29.6,89.7,0,0,0,12,1,1,9.95,1.17,0
2024-01-30 16:00:00,BIN_005,Korangi,General,24.83,67.13,11.4,36.1,86.6,0,0,0,16,1,1,11.12,0.28000000000000114,0
2024-01-30 20:00:00,BIN_005,Korangi,General,24.83,67.13,13.95,32.5,78.5,0,0,0,20,1,1,11.4,2.549999999999999,0
2024-01-31 00:00:00,BIN_005,Korangi,General,24.83,67.13,16.42,32.7,62.4,0,0,0,0,2,1,13.95,2.4700000000000024,0
2024-01-31 04:00:00,BIN_005,Korangi,General,24.83,67.13,16.43,32.4,61.3,0,0,0,4,2,1,16.42,0.00999999999999801,0
2024-01-31 08:00:00,BIN_005,Korangi,General,24.83,67.13,17.88,31.4,70.7,0,0,0,8,2,1,16.43,1.4499999999999993,0
2024-01-31 12:00:00,BIN_005,Korangi,General,24.83,67.13,20.91,32.5,81.1,0,0,0,12,2,1,17.88,3.030000000000001,0
2024-01-31 16:00:00,BIN_005,Korangi,General,24.83,67.13,22.59,40.1,74.8,0,0,0,16,2,1,20.91,1.6799999999999997,0
2024-01-31 20:00:00,BIN_005,Korangi,General,24.83,67.13,25.03,30.2,79.2,0,0,0,20,2,1,22.59,2.4400000000000013,0
2024-02-01 00:00:00,BIN_005,Korangi,General,24.83,67.13,30.07,40.5,70.4,0,0,0,0,3,2,25.03,5.039999999999999,0
2024-02-01 04:00:00,BIN_005,Korangi,General,24.83,67.13,32.13,40.6,81.3,0,0,0,4,3,2,30.07,2.0600000000000023,0
2024-02-01 08:00:00,BIN_005,Korangi,General,24.83,67.13,37.64,32.6,89.4,0,0,0,8,3,2,32.13,5.509999999999998,0
2024-02-01 12:00:00,BIN_005,Korangi,General,24.83,67.13,39.0,37.3,56.5,0,0,0,12,3,2,37.64,1.3599999999999994,0
2024-02-01 16:00:00,BIN_005,Korangi,General,24.83,67.13,42.37,28.8,55.8,0,0,0,16,3,2,39.0,3.3699999999999974,0
2024-02-01 20:00:00,BIN_005,Korangi,General,24.83,67.13,41.88,34.3,66.6,0,0,0,20,3,2,42.37,-0.4899999999999949,0
2024-02-02 00:00:00,BIN_005,Korangi,General,24.83,67.13,41.2,30.3,79.1,0,0,0,0,4,2,41.88,-0.6799999999999997,0
2024-02-02 04:00:00,BIN_005,Korangi,General,24.83,67.13,42.34,35.2,62.0,0,0,0,4,4,2,41.2,1.1400000000000006,0
2024-02-02 08:00:00,BIN_005,Korangi,General,24.83,67.13,45.4,29.0,60.2,0,0,0,8,4,2,42.34,3.059999999999995,0
2024-02-02 12:00:00,BIN_005,Korangi,General,24.83,67.13,44.63,29.0,83.4,0,0,0,12,4,2,45.4,-0.769999999999996,0
2024-02-02 16:00:00,BIN_005,Korangi,General,24.83,67.13,47.63,38.0,78.4,0,0,0,16,4,2,44.63,3.0,0
2024-02-02 20:00:00,BIN_005,Korangi,General,24.83,67.13,50.63,34.7,77.5,0,0,0,20,4,2,47.63,3.0,0
2024-02-03 00:00:00,BIN_005,Korangi,General,24.83,67.13,53.09,38.9,72.5,1,0,0,0,5,2,50.63,2.460000000000001,0
2024-02-03 04:00:00,BIN_005,Korangi,General,24.83,67.13,54.77,33.0,64.7,1,0,0,4,5,2,53.09,1.6799999999999997,0
2024-02-03 08:00:00,BIN_005,Korangi,General,24.83,67.13,59.14,40.2,67.0,1,0,0,8,5,2,54.77,4.369999999999997,0
2024-02-03 12:00:00,BIN_005,Korangi,General,24.83,67.13,62.97,38.8,74.6,1,0,0,12,5,2,59.14,3.8299999999999983,0
2024-02-03 16:00:00,BIN_005,Korangi,General,24.83,67.13,65.38,35.2,75.2,1,0,0,16,5,2,62.97,2.4099999999999966,0
2024-02-03 20:00:00,BIN_005,Korangi,General,24.83,67.13,69.22,38.5,88.8,1,0,0,20,5,2,65.38,3.8400000000000034,0
2024-02-04 00:00:00,BIN_005,Korangi,General,24.83,67.13,71.6,36.6,71.9,1,0,0,0,6,2,69.22,2.3799999999999955,0
2024-02-04 04:00:00,BIN_005,Korangi,General,24.83,67.13,74.98,29.3,81.9,1,0,0,4,6,2,71.6,3.3800000000000097,0
2024-02-04 08:00:00,BIN_005,Korangi,General,24.83,67.13,76.03,32.3,84.3,1,1,0,8,6,2,74.98,1.0499999999999972,0
2024-02-04 12:00:00,BIN_005,Korangi,General,24.83,67.13,79.98,29.0,85.8,1,1,0,12,6,2,76.03,3.950000000000003,0
2024-02-04 16:00:00,BIN_005,Korangi,General,24.83,67.13,83.14,41.1,78.7,1,1,0,16,6,2,79.98,3.1599999999999966,0
2024-02-04 20:00:00,BIN_005,Korangi,General,24.83,67.13,83.18,33.8,79.1,1,1,0,20,6,2,83.14,0.04000000000000625,0
2024-02-05 00:00:00,BIN_005,Korangi,General,24.83,67.13,83.03,42.0,81.3,0,1,0,0,0,2,83.18,-0.15000000000000568,0
2024-02-05 04:00:00,BIN_005,Korangi,General,24.83,67.13,83.46,37.0,67.4,0,1,0,4,0,2,83.03,0.4299999999999926,0
2024-02-05 08:00:00,BIN_005,Korangi,General,24.83,67.13,87.55,35.5,84.4,0,1,1,8,0,2,83.46,4.090000000000003,0
2024-02-05 12:00:00,BIN_005,Korangi,General,24.83,67.13,2.58,33.1,63.3,0,0,0,12,0,2,87.55,-84.97,0
2024-02-05 16:00:00,BIN_005,Korangi,General,24.83,67.13,3.21,41.4,62.8,0,0,0,16,0,2,2.58,0.6299999999999999,0
2024-02-05 20:00:00,BIN_005,Korangi,General,24.83,67.13,4.84,40.9,69.9,0,0,0,20,0,2,3.21,1.63,0
2024-02-06 00:00:00,BIN_005,Korangi,General,24.83,67.13,6.66,41.0,55.2,0,0,0,0,1,2,4.84,1.8200000000000003,0
2024-02-06 04:00:00,BIN_005,Korangi,General,24.83,67.13,8.88,38.5,86.6,0,0,0,4,1,2,6.66,2.2200000000000006,0
2024-02-06 08:00:00,BIN_005,Korangi,General,24.83,67.13,11.71,35.6,73.5,0,0,0,8,1,2,8.88,2.83,0
2024-02-06 12:00:00,BIN_005,Korangi,General,24.83,67.13,13.29,30.0,55.0,0,0,0,12,1,2,11.71,1.5799999999999983,0
2024-02-06 16:00:00,BIN_005,Korangi,General,24.83,67.13,16.12,30.9,78.3,0,0,0,16,1,2,13.29,2.830000000000002,0
2024-02-06 20:00:00,BIN_005,Korangi,General,24.83,67.13,18.23,29.1,76.1,0,0,0,20,1,2,16.12,2.1099999999999994,0
2024-02-07 00:00:00,BIN_005,Korangi,General,24.83,67.13,20.77,32.2,71.2,0,0,0,0,2,2,18.23,2.539999999999999,0
2024-02-07 04:00:00,BIN_005,Korangi,General,24.83,67.13,21.45,36.4,61.0,0,0,0,4,2,2,20.77,0.6799999999999997,0
2024-02-07 08:00:00,BIN_005,Korangi,General,24.83,67.13,21.92,37.3,60.5,0,0,0,8,2,2,21.45,0.4700000000000024,0
2024-02-07 12:00:00,BIN_005,Korangi,General,24.83,67.13,25.28,37.6,59.5,0,0,0,12,2,2,21.92,3.3599999999999994,0
2024-02-07 16:00:00,BIN_005,Korangi,General,24.83,67.13,24.75,38.5,64.2,0,0,0,16,2,2,25.28,-0.5300000000000011,0
2024-02-07 20:00:00,BIN_005,Korangi,General,24.83,67.13,25.84,40.3,86.2,0,0,0,20,2,2,24.75,1.0899999999999999,0
2024-02-08 00:00:00,BIN_005,Korangi,General,24.83,67.13,28.31,29.2,68.7,0,0,0,0,3,2,25.84,2.469999999999999,0
2024-02-08 04:00:00,BIN_005,Korangi,General,24.83,67.13,28.23,38.0,78.1,0,0,0,4,3,2,28.31,-0.0799999999999983,0
2024-02-08 08:00:00,BIN_005,Korangi,General,24.83,67.13,27.84,33.3,58.6,0,0,0,8,3,2,28.23,-0.39000000000000057,0
2024-02-08 12:00:00,BIN_005,Korangi,General,24.83,67.13,30.85,38.1,72.6,0,0,0,12,3,2,27.84,3.0100000000000016,0
2024-02-08 16:00:00,BIN_005,Korangi,General,24.83,67.13,31.11,32.5,66.7,0,0,0,16,3,2,30.85,0.259999999999998,0
2024-02-08 20:00:00,BIN_005,Korangi,General,24.83,67.13,34.13,28.4,66.9,0,0,0,20,3,2,31.11,3.020000000000003,0
2024-02-09 00:00:00,BIN_005,Korangi,General,24.83,67.13,35.95,35.3,70.9,0,0,0,0,4,2,34.13,1.8200000000000003,0
2024-02-09 04:00:00,BIN_005,Korangi,General,24.83,67.13,37.75,28.4,85.8,0,0,0,4,4,2,35.95,1.7999999999999972,0
2024-02-09 08:00:00,BIN_005,Korangi,General,24.83,67.13,36.31,40.9,55.9,0,0,0,8,4,2,37.75,-1.4399999999999977,0
2024-02-09 12:00:00,BIN_005,Korangi,General,24.83,67.13,37.86,36.1,74.2,0,0,0,12,4,2,36.31,1.5499999999999972,0
2024-02-09 16:00:00,BIN_005,Korangi,General,24.83,67.13,39.09,37.1,80.4,0,0,0,16,4,2,37.86,1.230000000000004,0
2024-02-09 20:00:00,BIN_005,Korangi,General,24.83,67.13,38.71,28.0,87.8,0,0,0,20,4,2,39.09,-0.38000000000000256,0
2024-02-10 00:00:00,BIN_005,Korangi,General,24.83,67.13,40.28,31.7,56.3,1,0,0,0,5,2,38.71,1.5700000000000003,0
2024-02-10 04:00:00,BIN_005,Korangi,General,24.83,67.13,41.65,29.7,89.5,1,0,0,4,5,2,40.28,1.3699999999999974,0
2024-02-10 08:00:00,BIN_005,Korangi,General,24.83,67.13,42.88,29.5,80.2,1,0,0,8,5,2,41.65,1.230000000000004,0
2024-02-10 12:00:00,BIN_005,Korangi,General,24.83,67.13,44.66,40.0,64.0,1,0,0,12,5,2,42.88,1.779999999999994,0
2024-02-10 16:00:00,BIN_005,Korangi,General,24.83,67.13,44.74,35.2,63.9,1,0,0,16,5,2,44.66,0.0800000000000054,0
2024-02-10 20:00:00,BIN_005,Korangi,General,24.83,67.13,46.48,41.2,86.7,1,0,0,20,5,2,44.74,1.7399999999999949,0
2024-02-11 00:00:00,BIN_005,Korangi,General,24.83,67.13,45.87,33.3,69.4,1,0,0,0,6,2,46.48,-0.6099999999999994,0
2024-02-11 04:00:00,BIN_005,Korangi,General,24.83,67.13,49.51,38.2,70.8,1,0,0,4,6,2,45.87,3.6400000000000006,0
2024-02-11 08:00:00,BIN_005,Korangi,General,24.83,67.13,52.88,29.3,62.0,1,0,0,8,6,2,49.51,3.3700000000000045,0
2024-02-11 12:00:00,BIN_005,Korangi,General,24.83,67.13,52.29,33.8,62.2,1,0,0,12,6,2,52.88,-0.5900000000000034,0
2024-02-11 16:00:00,BIN_005,Korangi,General,24.83,67.13,57.95,37.7,68.4,1,0,0,16,6,2,52.29,5.660000000000004,0
2024-02-11 20:00:00,BIN_005,Korangi,General,24.83,67.13,58.85,40.2,74.9,1,0,0,20,6,2,57.95,0.8999999999999986,0
2024-02-12 00:00:00,BIN_005,Korangi,General,24.83,67.13,59.53,34.5,83.7,0,0,0,0,0,2,58.85,0.6799999999999997,0
2024-02-12 04:00:00,BIN_005,Korangi,General,24.83,67.13,61.14,36.6,84.1,0,0,0,4,0,2,59.53,1.6099999999999994,0
2024-02-12 08:00:00,BIN_005,Korangi,General,24.83,67.13,61.35,28.2,65.6,0,0,0,8,0,2,61.14,0.21000000000000085,0
2024-02-12 12:00:00,BIN_005,Korangi,General,24.83,67.13,63.1,37.8,82.7,0,0,0,12,0,2,61.35,1.75,0
2024-02-12 16:00:00,BIN_005,Korangi,General,24.83,67.13,64.81,33.9,69.4,0,0,0,16,0,2,63.1,1.7100000000000009,0
2024-02-12 20:00:00,BIN_005,Korangi,General,24.83,67.13,63.74,31.2,59.8,0,0,0,20,0,2,64.81,-1.0700000000000003,0
2024-02-13 00:00:00,BIN_005,Korangi,General,24.83,67.13,63.3,41.6,61.8,0,0,0,0,1,2,63.74,-0.44000000000000483,0
2024-02-13 04:00:00,BIN_005,Korangi,General,24.83,67.13,66.6,32.8,67.5,0,0,0,4,1,2,63.3,3.299999999999997,0
2024-02-13 08:00:00,BIN_005,Korangi,General,24.83,67.13,68.51,35.6,77.9,0,0,0,8,1,2,66.6,1.9100000000000108,0
2024-02-13 12:00:00,BIN_005,Korangi,General,24.83,67.13,71.74,33.4,77.7,0,0,0,12,1,2,68.51,3.2299999999999898,0
2024-02-13 16:00:00,BIN_005,Korangi,General,24.83,67.13,76.75,40.4,58.7,0,1,0,16,1,2,71.74,5.010000000000005,0
2024-02-13 20:00:00,BIN_005,Korangi,General,24.83,67.13,75.73,39.5,62.4,0,1,0,20,1,2,76.75,-1.019999999999996,0
2024-02-14 00:00:00,BIN_005,Korangi,General,24.83,67.13,75.09,33.6,60.3,0,1,0,0,2,2,75.73,-0.6400000000000006,0
2024-02-14 04:00:00,BIN_005,Korangi,General,24.83,67.13,75.47,35.0,83.1,0,1,0,4,2,2,75.09,0.37999999999999545,0
2024-02-14 08:00:00,BIN_005,Korangi,General,24.83,67.13,76.54,39.9,79.7,0,1,0,8,2,2,75.47,1.0700000000000074,0
2024-02-14 12:00:00,BIN_005,Korangi,General,24.83,67.13,73.99,34.9,64.0,0,0,0,12,2,2,76.54,-2.5500000000000114,0
2024-02-14 16:00:00,BIN_005,Korangi,General,24.83,67.13,76.05,31.1,64.4,0,1,0,16,2,2,73.99,2.0600000000000023,0
2024-02-14 20:00:00,BIN_005,Korangi,General,24.83,67.13,79.26,39.2,56.5,0,1,0,20,2,2,76.05,3.210000000000008,0
2024-02-15 00:00:00,BIN_005,Korangi,General,24.83,67.13,80.35,34.9,85.8,0,1,0,0,3,2,79.26,1.0899999999999892,0
2024-02-15 04:00:00,BIN_005,Korangi,General,24.83,67.13,84.05,33.8,73.8,0,1,0,4,3,2,80.35,3.700000000000003,0
2024-02-15 08:00:00,BIN_005,Korangi,General,24.83,67.13,87.0,29.7,59.0,0,1,1,8,3,2,84.05,2.950000000000003,0
2024-02-15 12:00:00,BIN_005,Korangi,General,24.83,67.13,4.2,37.1,79.9,0,0,0,12,3,2,87.0,-82.8,0
2024-02-15 16:00:00,BIN_005,Korangi,General,24.83,67.13,5.06,39.5,81.9,0,0,0,16,3,2,4.2,0.8599999999999994,0
2024-02-15 20:00:00,BIN_005,Korangi,General,24.83,67.13,7.58,36.4,66.8,0,0,0,20,3,2,5.06,2.5200000000000005,0
2024-02-16 00:00:00,BIN_005,Korangi,General,24.83,67.13,8.5,35.1,75.5,0,0,0,0,4,2,7.58,0.9199999999999999,0
2024-02-16 04:00:00,BIN_005,Korangi,General,24.83,67.13,9.73,33.0,71.6,0,0,0,4,4,2,8.5,1.2300000000000004,0
2024-02-16 08:00:00,BIN_005,Korangi,General,24.83,67.13,13.59,40.6,60.7,0,0,0,8,4,2,9.73,3.8599999999999994,0
2024-02-16 12:00:00,BIN_005,Korangi,General,24.83,67.13,13.34,33.3,59.9,0,0,0,12,4,2,13.59,-0.25,0
2024-02-16 16:00:00,BIN_005,Korangi,General,24.83,67.13,17.23,41.0,64.8,0,0,0,16,4,2,13.34,3.8900000000000006,0
2024-02-16 20:00:00,BIN_005,Korangi,General,24.83,67.13,20.16,41.3,57.2,0,0,0,20,4,2,17.23,2.9299999999999997,0
2024-02-17 00:00:00,BIN_005,Korangi,General,24.83,67.13,21.56,40.5,73.5,1,0,0,0,5,2,20.16,1.3999999999999986,0
2024-02-17 04:00:00,BIN_005,Korangi,General,24.83,67.13,24.08,37.4,84.1,1,0,0,4,5,2,21.56,2.5199999999999996,0
2024-02-17 08:00:00,BIN_005,Korangi,General,24.83,67.13,25.83,29.8,71.4,1,0,0,8,5,2,24.08,1.75,0
2024-02-17 12:00:00,BIN_005,Korangi,General,24.83,67.13,29.25,36.4,56.1,1,0,0,12,5,2,25.83,3.4200000000000017,0
2024-02-17 16:00:00,BIN_005,Korangi,General,24.83,67.13,32.91,41.8,77.3,1,0,0,16,5,2,29.25,3.6599999999999966,0
2024-02-17 20:00:00,BIN_005,Korangi,General,24.83,67.13,34.94,30.3,86.7,1,0,0,20,5,2,32.91,2.030000000000001,0
2024-02-18 00:00:00,BIN_005,Korangi,General,24.83,67.13,35.43,40.9,81.5,1,0,0,0,6,2,34.94,0.490000000000002,0
2024-02-18 04:00:00,BIN_005,Korangi,General,24.83,67.13,37.81,38.2,79.8,1,0,0,4,6,2,35.43,2.3800000000000026,0
2024-02-18 08:00:00,BIN_005,Korangi,General,24.83,67.13,39.22,37.6,62.7,1,0,0,8,6,2,37.81,1.4099999999999966,0
2024-02-18 12:00:00,BIN_005,Korangi,General,24.83,67.13,40.6,34.1,82.4,1,0,0,12,6,2,39.22,1.3800000000000026,0
2024-02-18 16:00:00,BIN_005,Korangi,General,24.83,67.13,42.54,39.1,84.4,1,0,0,16,6,2,40.6,1.9399999999999977,0
2024-02-18 20:00:00,BIN_005,Korangi,General,24.83,67.13,47.04,37.2,63.0,1,0,0,20,6,2,42.54,4.5,0
2024-02-19 00:00:00,BIN_005,Korangi,General,24.83,67.13,47.42,29.6,64.6,0,0,0,0,0,2,47.04,0.38000000000000256,0
2024-02-19 04:00:00,BIN_005,Korangi,General,24.83,67.13,47.49,30.9,70.9,0,0,0,4,0,2,47.42,0.07000000000000028,0
2024-02-19 08:00:00,BIN_005,Korangi,General,24.83,67.13,50.7,29.3,87.3,0,0,0,8,0,2,47.49,3.210000000000001,0
2024-02-19 12:00:00,BIN_005,Korangi,General,24.83,67.13,54.16,36.0,67.7,0,0,0,12,0,2,50.7,3.4599999999999937,0
2024-02-19 16:00:00,BIN_005,Korangi,General,24.83,67.13,54.71,37.7,56.4,0,0,0,16,0,2,54.16,0.5500000000000043,0
2024-02-19 20:00:00,BIN_005,Korangi,General,24.83,67.13,57.77,39.8,70.7,0,0,0,20,0,2,54.71,3.0600000000000023,0
2024-02-20 00:00:00,BIN_005,Korangi,General,24.83,67.13,57.68,37.5,82.0,0,0,0,0,1,2,57.77,-0.09000000000000341,0
2024-02-20 04:00:00,BIN_005,Korangi,General,24.83,67.13,60.36,34.6,76.6,0,0,0,4,1,2,57.68,2.6799999999999997,0
2024-02-20 08:00:00,BIN_005,Korangi,General,24.83,67.13,63.57,35.0,84.5,0,0,0,8,1,2,60.36,3.210000000000001,0
2024-02-20 12:00:00,BIN_005,Korangi,General,24.83,67.13,65.18,39.2,69.4,0,0,0,12,1,2,63.57,1.6100000000000065,0
2024-02-20 16:00:00,BIN_005,Korangi,General,24.83,67.13,66.21,39.6,63.0,0,0,0,16,1,2,65.18,1.029999999999987,0
2024-02-20 20:00:00,BIN_005,Korangi,General,24.83,67.13,65.86,35.3,83.2,0,0,0,20,1,2,66.21,-0.3499999999999943,0
2024-02-21 00:00:00,BIN_005,Korangi,General,24.83,67.13,69.61,31.4,58.8,0,0,0,0,2,2,65.86,3.75,0
2024-02-21 04:00:00,BIN_005,Korangi,General,24.83,67.13,69.34,39.1,58.5,0,0,0,4,2,2,69.61,-0.269999999999996,0
2024-02-21 08:00:00,BIN_005,Korangi,General,24.83,67.13,72.15,32.9,89.1,0,0,0,8,2,2,69.34,2.8100000000000023,0
2024-02-21 12:00:00,BIN_005,Korangi,General,24.83,67.13,73.25,41.7,64.4,0,0,0,12,2,2,72.15,1.0999999999999943,0
2024-02-21 16:00:00,BIN_005,Korangi,General,24.83,67.13,73.63,37.9,56.1,0,0,0,16,2,2,73.25,0.37999999999999545,0
2024-02-21 20:00:00,BIN_005,Korangi,General,24.83,67.13,75.23,40.2,59.9,0,1,0,20,2,2,73.63,1.6000000000000085,0
2024-02-22 00:00:00,BIN_005,Korangi,General,24.83,67.13,76.79,41.4,79.3,0,1,0,0,3,2,75.23,1.5600000000000023,0
2024-02-22 04:00:00,BIN_005,Korangi,General,24.83,67.13,78.31,39.2,68.9,0,1,0,4,3,2,76.79,1.519999999999996,0
2024-02-22 08:00:00,BIN_005,Korangi,General,24.83,67.13,78.33,34.7,74.3,0,1,0,8,3,2,78.31,0.01999999999999602,0
2024-02-22 12:00:00,BIN_005,Korangi,General,24.83,67.13,79.02,36.8,64.0,0,1,0,12,3,2,78.33,0.6899999999999977,0
2024-02-22 16:00:00,BIN_005,Korangi,General,24.83,67.13,77.67,34.3,75.0,0,1,0,16,3,2,79.02,-1.3499999999999943,0
2024-02-22 20:00:00,BIN_005,Korangi,General,24.83,67.13,79.09,34.1,69.5,0,1,0,20,3,2,77.67,1.4200000000000017,0
2024-02-23 00:00:00,BIN_005,Korangi,General,24.83,67.13,82.21,39.7,63.7,0,1,0,0,4,2,79.09,3.1199999999999903,0
2024-02-23 04:00:00,BIN_005,Korangi,General,24.83,67.13,85.66,36.5,75.5,0,1,1,4,4,2,82.21,3.450000000000003,0
2024-02-23 08:00:00,BIN_005,Korangi,General,24.83,67.13,2.5,30.0,62.5,0,0,0,8,4,2,85.66,-83.16,0
2024-02-23 12:00:00,BIN_005,Korangi,General,24.83,67.13,4.05,29.5,78.9,0,0,0,12,4,2,2.5,1.5499999999999998,0
2024-02-23 16:00:00,BIN_005,Korangi,General,24.83,67.13,6.41,38.2,56.8,0,0,0,16,4,2,4.05,2.3600000000000003,0
2024-02-23 20:00:00,BIN_005,Korangi,General,24.83,67.13,8.39,40.4,85.2,0,0,0,20,4,2,6.41,1.9800000000000004,0
2024-02-24 00:00:00,BIN_005,Korangi,General,24.83,67.13,13.84,41.7,73.6,1,0,0,0,5,2,8.39,5.449999999999999,0
2024-02-24 04:00:00,BIN_005,Korangi,General,24.83,67.13,14.07,40.7,57.9,1,0,0,4,5,2,13.84,0.23000000000000043,0
2024-02-24 08:00:00,BIN_005,Korangi,General,24.83,67.13,15.98,36.2,83.6,1,0,0,8,5,2,14.07,1.9100000000000001,0
2024-02-24 12:00:00,BIN_005,Korangi,General,24.83,67.13,16.28,41.8,68.6,1,0,0,12,5,2,15.98,0.3000000000000007,0
2024-02-24 16:00:00,BIN_005,Korangi,General,24.83,67.13,16.68,34.9,81.0,1,0,0,16,5,2,16.28,0.3999999999999986,0
2024-02-24 20:00:00,BIN_005,Korangi,General,24.83,67.13,19.64,38.8,72.5,1,0,0,20,5,2,16.68,2.960000000000001,0
2024-02-25 00:00:00,BIN_005,Korangi,General,24.83,67.13,20.48,31.9,80.6,1,0,0,0,6,2,19.64,0.8399999999999999,0
2024-02-25 04:00:00,BIN_005,Korangi,General,24.83,67.13,25.38,31.4,61.0,1,0,0,4,6,2,20.48,4.899999999999999,0
2024-02-25 08:00:00,BIN_005,Korangi,General,24.83,67.13,24.93,36.8,59.1,1,0,0,8,6,2,25.38,-0.4499999999999993,0
2024-02-25 12:00:00,BIN_005,Korangi,General,24.83,67.13,27.62,37.2,64.9,1,0,0,12,6,2,24.93,2.6900000000000013,0
2024-02-25 16:00:00,BIN_005,Korangi,General,24.83,67.13,31.03,36.5,89.0,1,0,0,16,6,2,27.62,3.41,0
2024-02-25 20:00:00,BIN_005,Korangi,General,24.83,67.13,32.27,33.2,78.9,1,0,0,20,6,2,31.03,1.240000000000002,0
2024-02-26 00:00:00,BIN_005,Korangi,General,24.83,67.13,33.81,41.5,73.9,0,0,0,0,0,2,32.27,1.5399999999999991,0
2024-02-26 04:00:00,BIN_005,Korangi,General,24.83,67.13,34.62,32.0,59.2,0,0,0,4,0,2,33.81,0.8099999999999952,0
2024-02-26 08:00:00,BIN_005,Korangi,General,24.83,67.13,37.84,33.2,88.3,0,0,0,8,0,2,34.62,3.220000000000006,0
2024-02-26 12:00:00,BIN_005,Korangi,General,24.83,67.13,41.65,28.3,65.6,0,0,0,12,0,2,37.84,3.809999999999995,0
2024-02-26 16:00:00,BIN_005,Korangi,General,24.83,67.13,43.07,31.5,73.7,0,0,0,16,0,2,41.65,1.4200000000000017,0
2024-02-26 20:00:00,BIN_005,Korangi,General,24.83,67.13,45.66,39.5,58.6,0,0,0,20,0,2,43.07,2.5899999999999963,0
2024-02-27 00:00:00,BIN_005,Korangi,General,24.83,67.13,48.29,33.4,69.1,0,0,0,0,1,2,45.66,2.6300000000000026,0
2024-02-27 04:00:00,BIN_005,Korangi,General,24.83,67.13,48.77,39.0,88.7,0,0,0,4,1,2,48.29,0.480000000000004,0
2024-02-27 08:00:00,BIN_005,Korangi,General,24.83,67.13,50.21,34.7,68.2,0,0,0,8,1,2,48.77,1.4399999999999977,0
2024-02-27 12:00:00,BIN_005,Korangi,General,24.83,67.13,50.46,33.1,56.8,0,0,0,12,1,2,50.21,0.25,0
2024-02-27 16:00:00,BIN_005,Korangi,General,24.83,67.13,51.29,30.7,83.6,0,0,0,16,1,2,50.46,0.8299999999999983,0
2024-02-27 20:00:00,BIN_005,Korangi,General,24.83,67.13,55.8,39.2,72.0,0,0,0,20,1,2,51.29,4.509999999999998,0
2024-02-28 00:00:00,BIN_005,Korangi,General,24.83,67.13,59.01,32.0,63.3,0,0,0,0,2,2,55.8,3.210000000000001,0
2024-02-28 04:00:00,BIN_005,Korangi,General,24.83,67.13,58.68,38.2,56.4,0,0,0,4,2,2,59.01,-0.3299999999999983,0
2024-02-28 08:00:00,BIN_005,Korangi,General,24.83,67.13,59.79,41.1,73.2,0,0,0,8,2,2,58.68,1.1099999999999994,0
2024-02-28 12:00:00,BIN_005,Korangi,General,24.83,67.13,60.67,33.1,85.6,0,0,0,12,2,2,59.79,0.8800000000000026,0
2024-02-28 16:00:00,BIN_005,Korangi,General,24.83,67.13,59.99,30.9,68.2,0,0,0,16,2,2,60.67,-0.6799999999999997,0
2024-02-28 20:00:00,BIN_005,Korangi,General,24.83,67.13,60.2,32.4,78.7,0,0,0,20,2,2,59.99,0.21000000000000085,0
2024-02-29 00:00:00,BIN_005,Korangi,General,24.83,67.13,62.89,28.9,61.7,0,0,0,0,3,2,60.2,2.6899999999999977,0
2024-02-29 04:00:00,BIN_005,Korangi,General,24.83,67.13,62.14,33.7,87.8,0,0,0,4,3,2,62.89,-0.75,0
2024-02-29 08:00:00,BIN_005,Korangi,General,24.83,67.13,66.18,31.6,59.4,0,0,0,8,3,2,62.14,4.040000000000006,0
2024-02-29 12:00:00,BIN_005,Korangi,General,24.83,67.13,66.25,28.8,65.7,0,0,0,12,3,2,66.18,0.06999999999999318,0
2024-02-29 16:00:00,BIN_005,Korangi,General,24.83,67.13,67.53,38.7,55.6,0,0,0,16,3,2,66.25,1.2800000000000011,0
2024-02-29 20:00:00,BIN_005,Korangi,General,24.83,67.13,68.79,35.8,68.3,0,0,0,20,3,2,67.53,1.2600000000000051,0
2024-03-01 00:00:00,BIN_005,Korangi,General,24.83,67.13,74.85,32.4,65.3,0,0,0,0,4,3,68.79,6.059999999999988,0
2024-03-01 04:00:00,BIN_005,Korangi,General,24.83,67.13,77.07,38.3,85.5,0,1,0,4,4,3,74.85,2.219999999999999,0
2024-03-01 08:00:00,BIN_005,Korangi,General,24.83,67.13,78.41,35.7,67.6,0,1,0,8,4,3,77.07,1.3400000000000034,0
2024-03-01 12:00:00,BIN_005,Korangi,General,24.83,67.13,81.31,29.8,75.6,0,1,0,12,4,3,78.41,2.9000000000000057,0
2024-03-01 16:00:00,BIN_005,Korangi,General,24.83,67.13,80.93,34.3,82.9,0,1,0,16,4,3,81.31,-0.37999999999999545,0
2024-03-01 20:00:00,BIN_005,Korangi,General,24.83,67.13,82.89,36.3,58.4,0,1,0,20,4,3,80.93,1.9599999999999937,0
2024-03-02 00:00:00,BIN_005,Korangi,General,24.83,67.13,87.92,39.1,77.0,1,1,1,0,5,3,82.89,5.030000000000001,0
2024-03-02 04:00:00,BIN_005,Korangi,General,24.83,67.13,4.47,37.9,78.7,1,0,0,4,5,3,87.92,-83.45,0
2024-03-02 08:00:00,BIN_005,Korangi,General,24.83,67.13,6.68,32.7,78.4,1,0,0,8,5,3,4.47,2.21,0
2024-03-02 12:00:00,BIN_005,Korangi,General,24.83,67.13,8.44,31.0,75.7,1,0,0,12,5,3,6.68,1.7599999999999998,0
2024-03-02 16:00:00,BIN_005,Korangi,General,24.83,67.13,12.34,31.5,89.3,1,0,0,16,5,3,8.44,3.9000000000000004,0
2024-03-02 20:00:00,BIN_005,Korangi,General,24.83,67.13,14.25,36.6,82.8,1,0,0,20,5,3,12.34,1.9100000000000001,0
2024-03-03 00:00:00,BIN_005,Korangi,General,24.83,67.13,14.72,36.6,79.4,1,0,0,0,6,3,14.25,0.47000000000000064,0
2024-03-03 04:00:00,BIN_005,Korangi,General,24.83,67.13,19.16,32.8,58.8,1,0,0,4,6,3,14.72,4.4399999999999995,0
2024-03-03 08:00:00,BIN_005,Korangi,General,24.83,67.13,21.68,35.3,81.0,1,0,0,8,6,3,19.16,2.5199999999999996,0
2024-03-03 12:00:00,BIN_005,Korangi,General,24.83,67.13,22.92,35.1,69.8,1,0,0,12,6,3,21.68,1.240000000000002,0
2024-03-03 16:00:00,BIN_005,Korangi,General,24.83,67.13,24.7,32.7,89.2,1,0,0,16,6,3,22.92,1.7799999999999976,0
2024-03-03 20:00:00,BIN_005,Korangi,General,24.83,67.13,26.89,40.2,66.5,1,0,0,20,6,3,24.7,2.1900000000000013,0
2024-03-04 00:00:00,BIN_005,Korangi,General,24.83,67.13,30.34,34.2,55.6,0,0,0,0,0,3,26.89,3.4499999999999993,0
2024-03-04 04:00:00,BIN_005,Korangi,General,24.83,67.13,32.54,29.0,72.9,0,0,0,4,0,3,30.34,2.1999999999999993,0
2024-03-04 08:00:00,BIN_005,Korangi,General,24.83,67.13,35.18,36.6,77.6,0,0,0,8,0,3,32.54,2.6400000000000006,0
2024-03-04 12:00:00,BIN_005,Korangi,General,24.83,67.13,37.64,28.4,84.0,0,0,0,12,0,3,35.18,2.460000000000001,0
2024-03-04 16:00:00,BIN_005,Korangi,General,24.83,67.13,38.38,37.9,62.5,0,0,0,16,0,3,37.64,0.740000000000002,0
2024-03-04 20:00:00,BIN_005,Korangi,General,24.83,67.13,41.38,28.6,62.0,0,0,0,20,0,3,38.38,3.0,0
2024-03-05 00:00:00,BIN_005,Korangi,General,24.83,67.13,42.37,33.9,72.8,0,0,0,0,1,3,41.38,0.9899999999999949,0
2024-03-05 04:00:00,BIN_005,Korangi,General,24.83,67.13,42.61,34.7,64.5,0,0,0,4,1,3,42.37,0.240000000000002,0
2024-03-05 08:00:00,BIN_005,Korangi,General,24.83,67.13,44.5,33.5,65.5,0,0,0,8,1,3,42.61,1.8900000000000006,0
2024-03-05 12:00:00,BIN_005,Korangi,General,24.83,67.13,45.72,40.1,81.1,0,0,0,12,1,3,44.5,1.2199999999999989,0
2024-03-05 16:00:00,BIN_005,Korangi,General,24.83,67.13,47.47,29.8,79.4,0,0,0,16,1,3,45.72,1.75,0
2024-03-05 20:00:00,BIN_005,Korangi,General,24.83,67.13,50.97,30.9,70.4,0,0,0,20,1,3,47.47,3.5,0
2024-03-06 00:00:00,BIN_005,Korangi,General,24.83,67.13,52.58,38.4,76.7,0,0,0,0,2,3,50.97,1.6099999999999994,0
2024-03-06 04:00:00,BIN_005,Korangi,General,24.83,67.13,56.02,39.2,70.1,0,0,0,4,2,3,52.58,3.440000000000005,0
2024-03-06 08:00:00,BIN_005,Korangi,General,24.83,67.13,57.5,41.2,72.0,0,0,0,8,2,3,56.02,1.4799999999999969,0
2024-03-06 12:00:00,BIN_005,Korangi,General,24.83,67.13,61.48,34.5,82.5,0,0,0,12,2,3,57.5,3.979999999999997,0
2024-03-06 16:00:00,BIN_005,Korangi,General,24.83,67.13,63.57,30.5,71.4,0,0,0,16,2,3,61.48,2.0900000000000034,0
2024-03-06 20:00:00,BIN_005,Korangi,General,24.83,67.13,67.28,41.6,81.4,0,0,0,20,2,3,63.57,3.710000000000001,0
2024-03-07 00:00:00,BIN_005,Korangi,General,24.83,67.13,72.26,39.6,56.7,0,0,0,0,3,3,67.28,4.980000000000004,0
2024-03-07 04:00:00,BIN_005,Korangi,General,24.83,67.13,73.33,39.9,74.2,0,0,0,4,3,3,72.26,1.0699999999999932,0
2024-03-07 08:00:00,BIN_005,Korangi,General,24.83,67.13,74.19,31.9,73.6,0,0,0,8,3,3,73.33,0.8599999999999994,0
2024-03-07 12:00:00,BIN_005,Korangi,General,24.83,67.13,74.44,28.7,60.5,0,0,0,12,3,3,74.19,0.25,0
2024-03-07 16:00:00,BIN_005,Korangi,General,24.83,67.13,75.78,31.3,70.9,0,1,0,16,3,3,74.44,1.3400000000000034,0
2024-03-07 20:00:00,BIN_005,Korangi,General,24.83,67.13,77.92,35.2,81.7,0,1,0,20,3,3,75.78,2.1400000000000006,0
2024-03-08 00:00:00,BIN_005,Korangi,General,24.83,67.13,81.84,36.7,59.0,0,1,0,0,4,3,77.92,3.9200000000000017,0
2024-03-08 04:00:00,BIN_005,Korangi,General,24.83,67.13,83.22,30.2,70.3,0,1,0,4,4,3,81.84,1.3799999999999955,0
2024-03-08 08:00:00,BIN_005,Korangi,General,24.83,67.13,87.19,36.1,68.6,0,1,1,8,4,3,83.22,3.969999999999999,0
2024-03-08 12:00:00,BIN_005,Korangi,General,24.83,67.13,2.54,31.2,75.1,0,0,0,12,4,3,87.19,-84.64999999999999,0
2024-03-08 16:00:00,BIN_005,Korangi,General,24.83,67.13,5.1,30.4,78.2,0,0,0,16,4,3,2.54,2.5599999999999996,0
2024-03-08 20:00:00,BIN_005,Korangi,General,24.83,67.13,2.85,39.9,64.0,0,0,0,20,4,3,5.1,-2.2499999999999996,0
2024-03-09 00:00:00,BIN_005,Korangi,General,24.83,67.13,5.83,32.7,75.8,1,0,0,0,5,3,2.85,2.98,0
2024-03-09 04:00:00,BIN_005,Korangi,General,24.83,67.13,8.12,29.3,76.2,1,0,0,4,5,3,5.83,2.289999999999999,0
2024-03-09 08:00:00,BIN_005,Korangi,General,24.83,67.13,11.79,37.9,75.6,1,0,0,8,5,3,8.12,3.67,0
2024-03-09 12:00:00,BIN_005,Korangi,General,24.83,67.13,15.13,34.3,85.0,1,0,0,12,5,3,11.79,3.3400000000000016,0
2024-03-09 16:00:00,BIN_005,Korangi,General,24.83,67.13,17.43,41.0,75.4,1,0,0,16,5,3,15.13,2.299999999999999,0
2024-03-09 20:00:00,BIN_005,Korangi,General,24.83,67.13,20.63,35.5,70.9,1,0,0,20,5,3,17.43,3.1999999999999993,0
2024-03-10 00:00:00,BIN_005,Korangi,General,24.83,67.13,23.02,33.3,70.7,1,0,0,0,6,3,20.63,2.3900000000000006,0
2024-03-10 04:00:00,BIN_005,Korangi,General,24.83,67.13,22.89,41.7,67.3,1,0,0,4,6,3,23.02,-0.129999999999999,0
2024-03-10 08:00:00,BIN_005,Korangi,General,24.83,67.13,23.56,28.7,82.1,1,0,0,8,6,3,22.89,0.6699999999999982,0
2024-03-10 12:00:00,BIN_005,Korangi,General,24.83,67.13,25.64,36.0,81.6,1,0,0,12,6,3,23.56,2.080000000000002,0
2024-03-10 16:00:00,BIN_005,Korangi,General,24.83,67.13,28.29,31.6,63.0,1,0,0,16,6,3,25.64,2.6499999999999986,0
2024-03-10 20:00:00,BIN_005,Korangi,General,24.83,67.13,28.89,28.2,59.6,1,0,0,20,6,3,28.29,0.6000000000000014,0
2024-03-11 00:00:00,BIN_005,Korangi,General,24.83,67.13,29.6,41.8,65.8,0,0,0,0,0,3,28.89,0.7100000000000009,0
2024-03-11 04:00:00,BIN_005,Korangi,General,24.83,67.13,30.85,29.8,62.0,0,0,0,4,0,3,29.6,1.25,0
2024-03-11 08:00:00,BIN_005,Korangi,General,24.83,67.13,31.61,40.1,88.7,0,0,0,8,0,3,30.85,0.759999999999998,0
2024-03-11 12:00:00,BIN_005,Korangi,General,24.83,67.13,33.58,31.5,70.8,0,0,0,12,0,3,31.61,1.9699999999999989,0
2024-03-11 16:00:00,BIN_005,Korangi,General,24.83,67.13,35.4,33.8,64.5,0,0,0,16,0,3,33.58,1.8200000000000003,0
2024-03-11 20:00:00,BIN_005,Korangi,General,24.83,67.13,37.0,30.9,77.9,0,0,0,20,0,3,35.4,1.6000000000000014,0
2024-03-12 00:00:00,BIN_005,Korangi,General,24.83,67.13,36.91,37.6,74.8,0,0,0,0,1,3,37.0,-0.09000000000000341,0
2024-03-12 04:00:00,BIN_005,Korangi,General,24.83,67.13,38.19,40.0,59.1,0,0,0,4,1,3,36.91,1.2800000000000011,0
2024-03-12 08:00:00,BIN_005,Korangi,General,24.83,67.13,40.95,29.6,79.3,0,0,0,8,1,3,38.19,2.760000000000005,0
2024-03-12 12:00:00,BIN_005,Korangi,General,24.83,67.13,44.35,34.2,88.1,0,0,0,12,1,3,40.95,3.3999999999999986,0
2024-03-12 16:00:00,BIN_005,Korangi,General,24.83,67.13,46.68,33.3,88.5,0,0,0,16,1,3,44.35,2.3299999999999983,0
2024-03-12 20:00:00,BIN_005,Korangi,General,24.83,67.13,47.03,32.6,88.7,0,0,0,20,1,3,46.68,0.3500000000000014,0
2024-03-13 00:00:00,BIN_005,Korangi,General,24.83,67.13,48.39,39.2,89.8,0,0,0,0,2,3,47.03,1.3599999999999994,0
2024-03-13 04:00:00,BIN_005,Korangi,General,24.83,67.13,50.89,31.5,70.3,0,0,0,4,2,3,48.39,2.5,0
2024-03-13 08:00:00,BIN_005,Korangi,General,24.83,67.13,49.84,28.2,62.7,0,0,0,8,2,3,50.89,-1.0499999999999972,0
2024-03-13 12:00:00,BIN_005,Korangi,General,24.83,67.13,51.89,31.9,70.5,0,0,0,12,2,3,49.84,2.049999999999997,0
2024-03-13 16:00:00,BIN_005,Korangi,General,24.83,67.13,53.82,37.9,58.0,0,0,0,16,2,3,51.89,1.9299999999999997,0
2024-03-13 20:00:00,BIN_005,Korangi,General,24.83,67.13,55.45,37.1,77.9,0,0,0,20,2,3,53.82,1.6300000000000026,0
2024-03-14 00:00:00,BIN_005,Korangi,General,24.83,67.13,57.44,41.0,80.2,0,0,0,0,3,3,55.45,1.9899999999999949,0
2024-03-14 04:00:00,BIN_005,Korangi,General,24.83,67.13,59.08,38.7,58.2,0,0,0,4,3,3,57.44,1.6400000000000006,0
2024-03-14 08:00:00,BIN_005,Korangi,General,24.83,67.13,58.49,30.5,83.4,0,0,0,8,3,3,59.08,-0.5899999999999963,0
2024-03-14 12:00:00,BIN_005,Korangi,General,24.83,67.13,60.38,29.9,71.4,0,0,0,12,3,3,58.49,1.8900000000000006,0
2024-03-14 16:00:00,BIN_005,Korangi,General,24.83,67.13,60.28,32.4,69.9,0,0,0,16,3,3,60.38,-0.10000000000000142,0
2024-03-14 20:00:00,BIN_005,Korangi,General,24.83,67.13,62.36,32.3,64.8,0,0,0,20,3,3,60.28,2.0799999999999983,0
2024-03-15 00:00:00,BIN_005,Korangi,General,24.83,67.13,65.3,32.0,61.5,0,0,0,0,4,3,62.36,2.9399999999999977,0
2024-03-15 04:00:00,BIN_005,Korangi,General,24.83,67.13,67.33,37.1,79.9,0,0,0,4,4,3,65.3,2.030000000000001,0
2024-03-15 08:00:00,BIN_005,Korangi,General,24.83,67.13,67.43,31.5,88.5,0,0,0,8,4,3,67.33,0.10000000000000853,0
2024-03-15 12:00:00,BIN_005,Korangi,General,24.83,67.13,70.94,40.9,71.0,0,0,0,12,4,3,67.43,3.509999999999991,0
2024-03-15 16:00:00,BIN_005,Korangi,General,24.83,67.13,72.47,33.9,60.5,0,0,0,16,4,3,70.94,1.5300000000000011,0
2024-03-15 20:00:00,BIN_005,Korangi,General,24.83,67.13,76.02,34.0,73.8,0,1,0,20,4,3,72.47,3.549999999999997,0
2024-03-16 00:00:00,BIN_005,Korangi,General,24.83,67.13,78.25,38.9,78.8,1,1,0,0,5,3,76.02,2.230000000000004,0
2024-03-16 04:00:00,BIN_005,Korangi,General,24.83,67.13,79.96,36.9,86.8,1,1,0,4,5,3,78.25,1.7099999999999937,0
2024-03-16 08:00:00,BIN_005,Korangi,General,24.83,67.13,82.32,39.0,73.9,1,1,0,8,5,3,79.96,2.3599999999999994,0
2024-03-16 12:00:00,BIN_005,Korangi,General,24.83,67.13,84.11,32.5,59.8,1,1,0,12,5,3,82.32,1.7900000000000063,0
2024-03-16 16:00:00,BIN_005,Korangi,General,24.83,67.13,86.3,40.3,75.5,1,1,1,16,5,3,84.11,2.1899999999999977,0
2024-03-16 20:00:00,BIN_005,Korangi,General,24.83,67.13,10.54,39.3,78.1,1,0,0,20,5,3,86.3,-75.75999999999999,0
2024-03-17 00:00:00,BIN_005,Korangi,General,24.83,67.13,13.35,39.2,68.1,1,0,0,0,6,3,10.54,2.8100000000000005,0
2024-03-17 04:00:00,BIN_005,Korangi,General,24.83,67.13,11.91,33.4,58.3,1,0,0,4,6,3,13.35,-1.4399999999999995,0
2024-03-17 08:00:00,BIN_005,Korangi,General,24.83,67.13,12.64,33.7,78.8,1,0,0,8,6,3,11.91,0.7300000000000004,0
2024-03-17 12:00:00,BIN_005,Korangi,General,24.83,67.13,17.62,28.9,75.8,1,0,0,12,6,3,12.64,4.98,0
2024-03-17 16:00:00,BIN_005,Korangi,General,24.83,67.13,20.84,30.4,86.4,1,0,0,16,6,3,17.62,3.219999999999999,0
2024-03-17 20:00:00,BIN_005,Korangi,General,24.83,67.13,23.91,37.2,85.9,1,0,0,20,6,3,20.84,3.0700000000000003,0
2024-03-18 00:00:00,BIN_005,Korangi,General,24.83,67.13,30.08,40.9,86.5,0,0,0,0,0,3,23.91,6.169999999999998,0
2024-03-18 04:00:00,BIN_005,Korangi,General,24.83,67.13,30.31,34.3,64.6,0,0,0,4,0,3,30.08,0.23000000000000043,0
2024-03-18 08:00:00,BIN_005,Korangi,General,24.83,67.13,29.73,32.0,64.4,0,0,0,8,0,3,30.31,-0.5799999999999983,0
2024-03-18 12:00:00,BIN_005,Korangi,General,24.83,67.13,29.26,40.1,57.4,0,0,0,12,0,3,29.73,-0.46999999999999886,0
2024-03-18 16:00:00,BIN_005,Korangi,General,24.83,67.13,29.6,32.8,57.2,0,0,0,16,0,3,29.26,0.33999999999999986,0
2024-03-18 20:00:00,BIN_005,Korangi,General,24.83,67.13,32.15,31.8,81.9,0,0,0,20,0,3,29.6,2.549999999999997,0
2024-03-19 00:00:00,BIN_005,Korangi,General,24.83,67.13,33.52,34.5,71.5,0,0,0,0,1,3,32.15,1.3700000000000045,0
2024-03-19 04:00:00,BIN_005,Korangi,General,24.83,67.13,35.84,40.2,81.7,0,0,0,4,1,3,33.52,2.3200000000000003,0
2024-03-19 08:00:00,BIN_005,Korangi,General,24.83,67.13,40.71,39.9,55.3,0,0,0,8,1,3,35.84,4.869999999999997,0
2024-03-19 12:00:00,BIN_005,Korangi,General,24.83,67.13,42.71,33.6,86.8,0,0,0,12,1,3,40.71,2.0,0
2024-03-19 16:00:00,BIN_005,Korangi,General,24.83,67.13,44.93,35.4,67.2,0,0,0,16,1,3,42.71,2.219999999999999,0
2024-03-19 20:00:00,BIN_005,Korangi,General,24.83,67.13,49.2,35.3,77.9,0,0,0,20,1,3,44.93,4.270000000000003,0
2024-03-20 00:00:00,BIN_005,Korangi,General,24.83,67.13,53.45,40.1,60.4,0,0,0,0,2,3,49.2,4.25,0
2024-03-20 04:00:00,BIN_005,Korangi,General,24.83,67.13,54.27,34.3,69.3,0,0,0,4,2,3,53.45,0.8200000000000003,0
2024-03-20 08:00:00,BIN_005,Korangi,General,24.83,67.13,54.4,37.0,85.7,0,0,0,8,2,3,54.27,0.12999999999999545,0
2024-03-20 12:00:00,BIN_005,Korangi,General,24.83,67.13,57.4,33.9,86.9,0,0,0,12,2,3,54.4,3.0,0
2024-03-20 16:00:00,BIN_005,Korangi,General,24.83,67.13,60.98,28.3,76.2,0,0,0,16,2,3,57.4,3.5799999999999983,0
2024-03-20 20:00:00,BIN_005,Korangi,General,24.83,67.13,62.76,31.9,85.2,0,0,0,20,2,3,60.98,1.7800000000000011,0
2024-03-21 00:00:00,BIN_005,Korangi,General,24.83,67.13,65.99,37.4,62.8,0,0,0,0,3,3,62.76,3.229999999999997,0
2024-03-21 04:00:00,BIN_005,Korangi,General,24.83,67.13,66.07,28.5,69.3,0,0,0,4,3,3,65.99,0.0799999999999983,0
2024-03-21 08:00:00,BIN_005,Korangi,General,24.83,67.13,69.17,39.2,71.0,0,0,0,8,3,3,66.07,3.1000000000000085,0
2024-03-21 12:00:00,BIN_005,Korangi,General,24.83,67.13,70.03,36.5,76.1,0,0,0,12,3,3,69.17,0.8599999999999994,0
2024-03-21 16:00:00,BIN_005,Korangi,General,24.83,67.13,71.38,31.9,64.3,0,0,0,16,3,3,70.03,1.3499999999999943,0
2024-03-21 20:00:00,BIN_005,Korangi,General,24.83,67.13,74.99,35.5,70.7,0,0,0,20,3,3,71.38,3.6099999999999994,0
2024-03-22 00:00:00,BIN_005,Korangi,General,24.83,67.13,75.47,38.1,62.5,0,1,0,0,4,3,74.99,0.480000000000004,0
2024-03-22 04:00:00,BIN_005,Korangi,General,24.83,67.13,77.05,30.8,69.4,0,1,0,4,4,3,75.47,1.5799999999999983,0
2024-03-22 08:00:00,BIN_005,Korangi,General,24.83,67.13,79.48,33.2,70.7,0,1,0,8,4,3,77.05,2.430000000000007,0
2024-03-22 12:00:00,BIN_005,Korangi,General,24.83,67.13,79.1,35.5,62.1,0,1,0,12,4,3,79.48,-0.38000000000000966,0
2024-03-22 16:00:00,BIN_005,Korangi,General,24.83,67.13,77.92,28.5,72.4,0,1,0,16,4,3,79.1,-1.1799999999999926,0
2024-03-22 20:00:00,BIN_005,Korangi,General,24.83,67.13,77.47,35.8,74.6,0,1,0,20,4,3,77.92,-0.45000000000000284,0
2024-03-23 00:00:00,BIN_005,Korangi,General,24.83,67.13,78.47,31.5,83.4,1,1,0,0,5,3,77.47,1.0,0
2024-03-23 04:00:00,BIN_005,Korangi,General,24.83,67.13,81.61,41.3,59.8,1,1,0,4,5,3,78.47,3.1400000000000006,0
2024-03-23 08:00:00,BIN_005,Korangi,General,24.83,67.13,81.67,28.8,66.4,1,1,0,8,5,3,81.61,0.060000000000002274,0
2024-03-23 12:00:00,BIN_005,Korangi,General,24.83,67.13,83.95,30.0,79.8,1,1,0,12,5,3,81.67,2.280000000000001,0
2024-03-23 16:00:00,BIN_005,Korangi,General,24.83,67.13,84.52,28.1,83.3,1,1,0,16,5,3,83.95,0.5699999999999932,0
2024-03-23 20:00:00,BIN_005,Korangi,General,24.83,67.13,86.99,30.5,76.2,1,1,1,20,5,3,84.52,2.469999999999999,0
2024-03-24 00:00:00,BIN_005,Korangi,General,24.83,67.13,3.09,29.2,62.8,1,0,0,0,6,3,86.99,-83.89999999999999,0
2024-03-24 04:00:00,BIN_005,Korangi,General,24.83,67.13,6.59,30.6,70.0,1,0,0,4,6,3,3.09,3.5,0
2024-03-24 08:00:00,BIN_005,Korangi,General,24.83,67.13,7.02,28.2,73.2,1,0,0,8,6,3,6.59,0.4299999999999997,0
2024-03-24 12:00:00,BIN_005,Korangi,General,24.83,67.13,10.57,36.5,88.7,1,0,0,12,6,3,7.02,3.5500000000000007,0
2024-03-24 16:00:00,BIN_005,Korangi,General,24.83,67.13,11.68,36.0,87.5,1,0,0,16,6,3,10.57,1.1099999999999994,0
2024-03-24 20:00:00,BIN_005,Korangi,General,24.83,67.13,17.68,39.6,66.3,1,0,0,20,6,3,11.68,6.0,0
2024-03-25 00:00:00,BIN_005,Korangi,General,24.83,67.13,18.27,35.1,81.0,0,0,0,0,0,3,17.68,0.5899999999999999,0
2024-03-25 04:00:00,BIN_005,Korangi,General,24.83,67.13,18.73,35.0,57.4,0,0,0,4,0,3,18.27,0.46000000000000085,0
2024-03-25 08:00:00,BIN_005,Korangi,General,24.83,67.13,21.77,32.1,78.2,0,0,0,8,0,3,18.73,3.039999999999999,0
2024-03-25 12:00:00,BIN_005,Korangi,General,24.83,67.13,24.48,34.0,86.1,0,0,0,12,0,3,21.77,2.710000000000001,0
2024-03-25 16:00:00,BIN_005,Korangi,General,24.83,67.13,26.38,37.7,85.9,0,0,0,16,0,3,24.48,1.8999999999999986,0
2024-03-25 20:00:00,BIN_005,Korangi,General,24.83,67.13,29.96,34.9,66.0,0,0,0,20,0,3,26.38,3.580000000000002,0
2024-03-26 00:00:00,BIN_005,Korangi,General,24.83,67.13,30.56,33.4,85.3,0,0,0,0,1,3,29.96,0.5999999999999979,0
2024-03-26 04:00:00,BIN_005,Korangi,General,24.83,67.13,33.4,38.1,69.1,0,0,0,4,1,3,30.56,2.84,0
2024-03-26 08:00:00,BIN_005,Korangi,General,24.83,67.13,34.26,32.0,61.2,0,0,0,8,1,3,33.4,0.8599999999999994,0
2024-03-26 12:00:00,BIN_005,Korangi,General,24.83,67.13,34.24,38.4,63.8,0,0,0,12,1,3,34.26,-0.01999999999999602,0
2024-03-26 16:00:00,BIN_005,Korangi,General,24.83,67.13,32.71,41.7,68.7,0,0,0,16,1,3,34.24,-1.5300000000000011,0
2024-03-26 20:00:00,BIN_005,Korangi,General,24.83,67.13,33.16,29.1,58.1,0,0,0,20,1,3,32.71,0.44999999999999574,0
2024-03-27 00:00:00,BIN_005,Korangi,General,24.83,67.13,37.47,33.9,70.1,0,0,0,0,2,3,33.16,4.310000000000002,0
2024-03-27 04:00:00,BIN_005,Korangi,General,24.83,67.13,41.56,28.8,73.1,0,0,0,4,2,3,37.47,4.090000000000003,0
2024-03-27 08:00:00,BIN_005,Korangi,General,24.83,67.13,41.54,29.5,59.3,0,0,0,8,2,3,41.56,-0.020000000000003126,0
2024-03-27 12:00:00,BIN_005,Korangi,General,24.83,67.13,43.33,29.4,76.3,0,0,0,12,2,3,41.54,1.7899999999999991,0
2024-03-27 16:00:00,BIN_005,Korangi,General,24.83,67.13,44.17,30.4,88.5,0,0,0,16,2,3,43.33,0.8400000000000034,0
2024-03-27 20:00:00,BIN_005,Korangi,General,24.83,67.13,44.79,40.0,63.1,0,0,0,20,2,3,44.17,0.6199999999999974,0
2024-03-28 00:00:00,BIN_005,Korangi,General,24.83,67.13,44.95,34.9,55.7,0,0,0,0,3,3,44.79,0.1600000000000037,0
2024-03-28 04:00:00,BIN_005,Korangi,General,24.83,67.13,45.76,37.4,73.3,0,0,0,4,3,3,44.95,0.8099999999999952,0
2024-03-28 08:00:00,BIN_005,Korangi,General,24.83,67.13,48.38,29.8,68.9,0,0,0,8,3,3,45.76,2.6200000000000045,0
2024-03-28 12:00:00,BIN_005,Korangi,General,24.83,67.13,51.05,30.4,63.9,0,0,0,12,3,3,48.38,2.6699999999999946,0
2024-03-28 16:00:00,BIN_005,Korangi,General,24.83,67.13,53.41,33.8,88.2,0,0,0,16,3,3,51.05,2.3599999999999994,0
2024-03-28 20:00:00,BIN_005,Korangi,General,24.83,67.13,52.7,29.8,89.1,0,0,0,20,3,3,53.41,-0.7099999999999937,0
2024-03-29 00:00:00,BIN_005,Korangi,General,24.83,67.13,55.57,32.7,60.0,0,0,0,0,4,3,52.7,2.8699999999999974,0
2024-03-29 04:00:00,BIN_005,Korangi,General,24.83,67.13,56.26,40.0,65.8,0,0,0,4,4,3,55.57,0.6899999999999977,0
2024-03-29 08:00:00,BIN_005,Korangi,General,24.83,67.13,59.22,34.6,72.4,0,0,0,8,4,3,56.26,2.960000000000001,0
2024-03-29 12:00:00,BIN_005,Korangi,General,24.83,67.13,63.85,38.3,58.1,0,0,0,12,4,3,59.22,4.630000000000003,0
2024-03-29 16:00:00,BIN_005,Korangi,General,24.83,67.13,66.69,28.8,59.9,0,0,0,16,4,3,63.85,2.8399999999999963,0
2024-03-29 20:00:00,BIN_005,Korangi,General,24.83,67.13,68.92,38.0,70.3,0,0,0,20,4,3,66.69,2.230000000000004,0
2024-03-30 00:00:00,BIN_005,Korangi,General,24.83,67.13,69.67,35.1,59.4,1,0,0,0,5,3,68.92,0.75,0
2024-03-30 04:00:00,BIN_005,Korangi,General,24.83,67.13,71.56,34.7,81.7,1,0,0,4,5,3,69.67,1.8900000000000006,0
2024-03-30 08:00:00,BIN_005,Korangi,General,24.83,67.13,73.66,41.9,79.0,1,0,0,8,5,3,71.56,2.0999999999999943,0
2024-03-30 12:00:00,BIN_005,Korangi,General,24.83,67.13,73.41,39.8,69.5,1,0,0,12,5,3,73.66,-0.25,0
2024-03-30 16:00:00,BIN_005,Korangi,General,24.83,67.13,75.34,33.6,84.6,1,1,0,16,5,3,73.41,1.9300000000000068,0
2024-03-30 20:00:00,BIN_005,Korangi,General,24.83,67.13,77.16,32.8,77.9,1,1,0,20,5,3,75.34,1.8199999999999932,0
2024-01-01 04:00:00,BIN_006,Malir,Recyclable,24.893,67.206,16.04,29.2,89.7,0,0,0,4,0,1,12.95,3.09,1
2024-01-01 08:00:00,BIN_006,Malir,Recyclable,24.893,67.206,16.94,37.1,66.5,0,0,0,8,0,1,16.04,0.9000000000000021,1
2024-01-01 12:00:00,BIN_006,Malir,Recyclable,24.893,67.206,19.46,33.5,64.2,0,0,0,12,0,1,16.94,2.5199999999999996,1
2024-01-01 16:00:00,BIN_006,Malir,Recyclable,24.893,67.206,19.42,38.1,72.9,0,0,0,16,0,1,19.46,-0.03999999999999915,1
2024-01-01 20:00:00,BIN_006,Malir,Recyclable,24.893,67.206,18.25,41.2,56.5,0,0,0,20,0,1,19.42,-1.1700000000000017,1
2024-01-02 00:00:00,BIN_006,Malir,Recyclable,24.893,67.206,23.71,40.9,56.7,0,0,0,0,1,1,18.25,5.460000000000001,1
2024-01-02 04:00:00,BIN_006,Malir,Recyclable,24.893,67.206,25.31,36.0,84.9,0,0,0,4,1,1,23.71,1.5999999999999979,1
2024-01-02 08:00:00,BIN_006,Malir,Recyclable,24.893,67.206,27.52,28.3,80.6,0,0,0,8,1,1,25.31,2.210000000000001,1
2024-01-02 12:00:00,BIN_006,Malir,Recyclable,24.893,67.206,28.46,41.1,78.0,0,0,0,12,1,1,27.52,0.9400000000000013,1
2024-01-02 16:00:00,BIN_006,Malir,Recyclable,24.893,67.206,29.05,40.9,71.5,0,0,0,16,1,1,28.46,0.5899999999999999,1
2024-01-02 20:00:00,BIN_006,Malir,Recyclable,24.893,67.206,30.4,28.4,79.1,0,0,0,20,1,1,29.05,1.3499999999999979,1
2024-01-03 00:00:00,BIN_006,Malir,Recyclable,24.893,67.206,30.26,31.0,57.3,0,0,0,0,2,1,30.4,-0.13999999999999702,1
2024-01-03 04:00:00,BIN_006,Malir,Recyclable,24.893,67.206,31.64,36.0,76.8,0,0,0,4,2,1,30.26,1.379999999999999,1
2024-01-03 08:00:00,BIN_006,Malir,Recyclable,24.893,67.206,35.12,40.1,76.5,0,0,0,8,2,1,31.64,3.479999999999997,1
2024-01-03 12:00:00,BIN_006,Malir,Recyclable,24.893,67.206,36.62,28.2,79.3,0,0,0,12,2,1,35.12,1.5,1
2024-01-03 16:00:00,BIN_006,Malir,Recyclable,24.893,67.206,40.42,37.1,67.3,0,0,0,16,2,1,36.62,3.8000000000000043,1
2024-01-03 20:00:00,BIN_006,Malir,Recyclable,24.893,67.206,38.95,40.8,59.7,0,0,0,20,2,1,40.42,-1.4699999999999989,1
2024-01-04 00:00:00,BIN_006,Malir,Recyclable,24.893,67.206,39.99,33.2,62.5,0,0,0,0,3,1,38.95,1.0399999999999991,1
2024-01-04 04:00:00,BIN_006,Malir,Recyclable,24.893,67.206,40.44,36.2,70.5,0,0,0,4,3,1,39.99,0.44999999999999574,1
2024-01-04 08:00:00,BIN_006,Malir,Recyclable,24.893,67.206,41.87,39.3,79.1,0,0,0,8,3,1,40.44,1.4299999999999997,1
2024-01-04 12:00:00,BIN_006,Malir,Recyclable,24.893,67.206,43.24,38.1,79.4,0,0,0,12,3,1,41.87,1.3700000000000045,1
2024-01-04 16:00:00,BIN_006,Malir,Recyclable,24.893,67.206,43.75,31.8,84.1,0,0,0,16,3,1,43.24,0.509999999999998,1
2024-01-04 20:00:00,BIN_006,Malir,Recyclable,24.893,67.206,44.77,41.7,72.3,0,0,0,20,3,1,43.75,1.0200000000000031,1
2024-01-05 00:00:00,BIN_006,Malir,Recyclable,24.893,67.206,47.4,29.1,88.0,0,0,0,0,4,1,44.77,2.6299999999999955,1
2024-01-05 04:00:00,BIN_006,Malir,Recyclable,24.893,67.206,46.19,33.1,86.9,0,0,0,4,4,1,47.4,-1.2100000000000009,1
2024-01-05 08:00:00,BIN_006,Malir,Recyclable,24.893,67.206,48.71,36.5,76.9,0,0,0,8,4,1,46.19,2.520000000000003,1
2024-01-05 12:00:00,BIN_006,Malir,Recyclable,24.893,67.206,51.34,36.9,77.0,0,0,0,12,4,1,48.71,2.6300000000000026,1
2024-01-05 16:00:00,BIN_006,Malir,Recyclable,24.893,67.206,53.23,38.3,82.2,0,0,0,16,4,1,51.34,1.8899999999999935,1
2024-01-05 20:00:00,BIN_006,Malir,Recyclable,24.893,67.206,54.74,40.2,62.5,0,0,0,20,4,1,53.23,1.5100000000000051,1
2024-01-06 00:00:00,BIN_006,Malir,Recyclable,24.893,67.206,56.59,35.2,84.0,1,0,0,0,5,1,54.74,1.8500000000000014,1
2024-01-06 04:00:00,BIN_006,Malir,Recyclable,24.893,67.206,57.2,34.2,75.0,1,0,0,4,5,1,56.59,0.6099999999999994,1
2024-01-06 08:00:00,BIN_006,Malir,Recyclable,24.893,67.206,58.26,36.6,84.0,1,0,0,8,5,1,57.2,1.0599999999999952,1
2024-01-06 12:00:00,BIN_006,Malir,Recyclable,24.893,67.206,60.21,30.2,75.8,1,0,0,12,5,1,58.26,1.9500000000000028,1
2024-01-06 16:00:00,BIN_006,Malir,Recyclable,24.893,67.206,60.37,29.7,89.3,1,0,0,16,5,1,60.21,0.1599999999999966,1
2024-01-06 20:00:00,BIN_006,Malir,Recyclable,24.893,67.206,62.75,33.5,63.0,1,0,0,20,5,1,60.37,2.3800000000000026,1
2024-01-07 00:00:00,BIN_006,Malir,Recyclable,24.893,67.206,65.4,36.5,77.5,1,0,0,0,6,1,62.75,2.6500000000000057,1
2024-01-07 04:00:00,BIN_006,Malir,Recyclable,24.893,67.206,65.82,29.2,86.3,1,0,0,4,6,1,65.4,0.4199999999999875,1
2024-01-07 08:00:00,BIN_006,Malir,Recyclable,24.893,67.206,65.36,34.5,68.7,1,0,0,8,6,1,65.82,-0.45999999999999375,1
2024-01-07 12:00:00,BIN_006,Malir,Recyclable,24.893,67.206,65.86,40.1,87.5,1,0,0,12,6,1,65.36,0.5,1
2024-01-07 16:00:00,BIN_006,Malir,Recyclable,24.893,67.206,68.91,38.9,87.6,1,0,0,16,6,1,65.86,3.049999999999997,1
2024-01-07 20:00:00,BIN_006,Malir,Recyclable,24.893,67.206,70.18,31.4,75.2,1,0,0,20,6,1,68.91,1.2700000000000102,1
2024-01-08 00:00:00,BIN_006,Malir,Recyclable,24.893,67.206,72.84,28.1,74.8,0,0,0,0,0,1,70.18,2.6599999999999966,1
2024-01-08 04:00:00,BIN_006,Malir,Recyclable,24.893,67.206,73.46,32.7,66.3,0,0,0,4,0,1,72.84,0.6199999999999903,1
2024-01-08 08:00:00,BIN_006,Malir,Recyclable,24.893,67.206,76.37,36.5,84.9,0,1,0,8,0,1,73.46,2.910000000000011,1
2024-01-08 12:00:00,BIN_006,Malir,Recyclable,24.893,67.206,78.43,31.7,73.2,0,1,0,12,0,1,76.37,2.0600000000000023,1
2024-01-08 16:00:00,BIN_006,Malir,Recyclable,24.893,67.206,79.48,35.8,78.2,0,1,0,16,0,1,78.43,1.0499999999999972,1
2024-01-08 20:00:00,BIN_006,Malir,Recyclable,24.893,67.206,80.9,36.3,80.8,0,1,0,20,0,1,79.48,1.4200000000000017,1
2024-01-09 00:00:00,BIN_006,Malir,Recyclable,24.893,67.206,81.29,29.6,75.9,0,1,0,0,1,1,80.9,0.39000000000000057,1
2024-01-09 04:00:00,BIN_006,Malir,Recyclable,24.893,67.206,82.93,31.8,57.8,0,1,0,4,1,1,81.29,1.6400000000000006,1
2024-01-09 08:00:00,BIN_006,Malir,Recyclable,24.893,67.206,86.8,32.6,80.2,0,1,1,8,1,1,82.93,3.8699999999999903,1
2024-01-09 12:00:00,BIN_006,Malir,Recyclable,24.893,67.206,4.78,32.7,81.4,0,0,0,12,1,1,86.8,-82.02,1
2024-01-09 16:00:00,BIN_006,Malir,Recyclable,24.893,67.206,8.17,35.7,55.4,0,0,0,16,1,1,4.78,3.3899999999999997,1
2024-01-09 20:00:00,BIN_006,Malir,Recyclable,24.893,67.206,11.72,37.8,68.2,0,0,0,20,1,1,8.17,3.5500000000000007,1
2024-01-10 00:00:00,BIN_006,Malir,Recyclable,24.893,67.206,10.92,30.9,66.9,0,0,0,0,2,1,11.72,-0.8000000000000007,1
2024-01-10 04:00:00,BIN_006,Malir,Recyclable,24.893,67.206,13.18,34.7,65.4,0,0,0,4,2,1,10.92,2.26,1
2024-01-10 08:00:00,BIN_006,Malir,Recyclable,24.893,67.206,12.74,41.7,58.8,0,0,0,8,2,1,13.18,-0.4399999999999995,1
2024-01-10 12:00:00,BIN_006,Malir,Recyclable,24.893,67.206,14.28,41.0,87.0,0,0,0,12,2,1,12.74,1.5399999999999991,1
2024-01-10 16:00:00,BIN_006,Malir,Recyclable,24.893,67.206,18.4,34.1,77.1,0,0,0,16,2,1,14.28,4.119999999999999,1
2024-01-10 20:00:00,BIN_006,Malir,Recyclable,24.893,67.206,20.15,32.8,65.5,0,0,0,20,2,1,18.4,1.75,1
2024-01-11 00:00:00,BIN_006,Malir,Recyclable,24.893,67.206,21.51,36.1,65.0,0,0,0,0,3,1,20.15,1.360000000000003,1
2024-01-11 04:00:00,BIN_006,Malir,Recyclable,24.893,67.206,27.06,33.1,57.9,0,0,0,4,3,1,21.51,5.549999999999997,1
2024-01-11 08:00:00,BIN_006,Malir,Recyclable,24.893,67.206,26.63,40.2,72.0,0,0,0,8,3,1,27.06,-0.4299999999999997,1
2024-01-11 12:00:00,BIN_006,Malir,Recyclable,24.893,67.206,29.41,32.3,73.1,0,0,0,12,3,1,26.63,2.780000000000001,1
2024-01-11 16:00:00,BIN_006,Malir,Recyclable,24.893,67.206,32.51,29.6,89.9,0,0,0,16,3,1,29.41,3.099999999999998,1
2024-01-11 20:00:00,BIN_006,Malir,Recyclable,24.893,67.206,30.95,34.0,67.2,0,0,0,20,3,1,32.51,-1.5599999999999987,1
2024-01-12 00:00:00,BIN_006,Malir,Recyclable,24.893,67.206,31.05,39.7,70.9,0,0,0,0,4,1,30.95,0.10000000000000142,1
2024-01-12 04:00:00,BIN_006,Malir,Recyclable,24.893,67.206,34.61,38.1,58.8,0,0,0,4,4,1,31.05,3.5599999999999987,1
2024-01-12 08:00:00,BIN_006,Malir,Recyclable,24.893,67.206,36.78,31.0,60.1,0,0,0,8,4,1,34.61,2.1700000000000017,1
2024-01-12 12:00:00,BIN_006,Malir,Recyclable,24.893,67.206,39.28,32.4,89.2,0,0,0,12,4,1,36.78,2.5,1
2024-01-12 16:00:00,BIN_006,Malir,Recyclable,24.893,67.206,40.29,28.4,68.9,0,0,0,16,4,1,39.28,1.009999999999998,1
2024-01-12 20:00:00,BIN_006,Malir,Recyclable,24.893,67.206,39.27,36.0,88.4,0,0,0,20,4,1,40.29,-1.019999999999996,1
2024-01-13 00:00:00,BIN_006,Malir,Recyclable,24.893,67.206,43.17,35.7,56.4,1,0,0,0,5,1,39.27,3.8999999999999986,1
2024-01-13 04:00:00,BIN_006,Malir,Recyclable,24.893,67.206,45.17,32.4,75.1,1,0,0,4,5,1,43.17,2.0,1
2024-01-13 08:00:00,BIN_006,Malir,Recyclable,24.893,67.206,46.0,30.8,87.3,1,0,0,8,5,1,45.17,0.8299999999999983,1
2024-01-13 12:00:00,BIN_006,Malir,Recyclable,24.893,67.206,46.85,39.9,82.1,1,0,0,12,5,1,46.0,0.8500000000000014,1
2024-01-13 16:00:00,BIN_006,Malir,Recyclable,24.893,67.206,48.9,34.5,63.9,1,0,0,16,5,1,46.85,2.049999999999997,1
2024-01-13 20:00:00,BIN_006,Malir,Recyclable,24.893,67.206,47.08,35.1,56.1,1,0,0,20,5,1,48.9,-1.8200000000000003,1
2024-01-14 00:00:00,BIN_006,Malir,Recyclable,24.893,67.206,48.27,35.2,67.9,1,0,0,0,6,1,47.08,1.1900000000000048,1
2024-01-14 04:00:00,BIN_006,Malir,Recyclable,24.893,67.206,52.47,38.4,82.4,1,0,0,4,6,1,48.27,4.199999999999996,1
2024-01-14 08:00:00,BIN_006,Malir,Recyclable,24.893,67.206,55.55,30.9,66.8,1,0,0,8,6,1,52.47,3.0799999999999983,1
2024-01-14 12:00:00,BIN_006,Malir,Recyclable,24.893,67.206,58.84,34.6,66.6,1,0,0,12,6,1,55.55,3.2900000000000063,1
2024-01-14 16:00:00,BIN_006,Malir,Recyclable,24.893,67.206,59.57,29.9,69.0,1,0,0,16,6,1,58.84,0.7299999999999969,1
2024-01-14 20:00:00,BIN_006,Malir,Recyclable,24.893,67.206,63.21,41.7,62.9,1,0,0,20,6,1,59.57,3.6400000000000006,1
2024-01-15 00:00:00,BIN_006,Malir,Recyclable,24.893,67.206,62.88,29.0,72.1,0,0,0,0,0,1,63.21,-0.3299999999999983,1
2024-01-15 04:00:00,BIN_006,Malir,Recyclable,24.893,67.206,67.33,37.8,73.0,0,0,0,4,0,1,62.88,4.449999999999996,1
2024-01-15 08:00:00,BIN_006,Malir,Recyclable,24.893,67.206,68.2,29.2,87.8,0,0,0,8,0,1,67.33,0.8700000000000045,1
2024-01-15 12:00:00,BIN_006,Malir,Recyclable,24.893,67.206,70.69,33.3,75.2,0,0,0,12,0,1,68.2,2.489999999999995,1
2024-01-15 16:00:00,BIN_006,Malir,Recyclable,24.893,67.206,71.19,38.0,59.7,0,0,0,16,0,1,70.69,0.5,1
2024-01-15 20:00:00,BIN_006,Malir,Recyclable,24.893,67.206,74.24,32.1,60.1,0,0,0,20,0,1,71.19,3.049999999999997,1
2024-01-16 00:00:00,BIN_006,Malir,Recyclable,24.893,67.206,74.85,38.0,88.0,0,0,0,0,1,1,74.24,0.6099999999999994,1
2024-01-16 04:00:00,BIN_006,Malir,Recyclable,24.893,67.206,77.26,35.4,73.9,0,1,0,4,1,1,74.85,2.410000000000011,1
2024-01-16 08:00:00,BIN_006,Malir,Recyclable,24.893,67.206,75.75,34.7,76.1,0,1,0,8,1,1,77.26,-1.5100000000000051,1
2024-01-16 12:00:00,BIN_006,Malir,Recyclable,24.893,67.206,76.54,41.8,87.8,0,1,0,12,1,1,75.75,0.7900000000000063,1
2024-01-16 16:00:00,BIN_006,Malir,Recyclable,24.893,67.206,81.13,40.5,68.8,0,1,0,16,1,1,76.54,4.589999999999989,1
2024-01-16 20:00:00,BIN_006,Malir,Recyclable,24.893,67.206,81.95,41.5,69.6,0,1,0,20,1,1,81.13,0.8200000000000074,1
2024-01-17 00:00:00,BIN_006,Malir,Recyclable,24.893,67.206,85.78,41.3,63.6,0,1,1,0,2,1,81.95,3.8299999999999983,1
2024-01-17 04:00:00,BIN_006,Malir,Recyclable,24.893,67.206,10.06,35.3,64.4,0,0,0,4,2,1,85.78,-75.72,1
2024-01-17 08:00:00,BIN_006,Malir,Recyclable,24.893,67.206,11.94,37.3,66.3,0,0,0,8,2,1,10.06,1.879999999999999,1
2024-01-17 12:00:00,BIN_006,Malir,Recyclable,24.893,67.206,15.63,34.7,76.6,0,0,0,12,2,1,11.94,3.6900000000000013,1
2024-01-17 16:00:00,BIN_006,Malir,Recyclable,24.893,67.206,15.16,41.5,72.9,0,0,0,16,2,1,15.63,-0.47000000000000064,1
2024-01-17 20:00:00,BIN_006,Malir,Recyclable,24.893,67.206,16.0,38.3,69.4,0,0,0,20,2,1,15.16,0.8399999999999999,1
2024-01-18 00:00:00,BIN_006,Malir,Recyclable,24.893,67.206,15.79,33.7,74.0,0,0,0,0,3,1,16.0,-0.21000000000000085,1
2024-01-18 04:00:00,BIN_006,Malir,Recyclable,24.893,67.206,14.64,35.6,72.4,0,0,0,4,3,1,15.79,-1.1499999999999986,1
2024-01-18 08:00:00,BIN_006,Malir,Recyclable,24.893,67.206,16.08,30.4,59.4,0,0,0,8,3,1,14.64,1.4399999999999977,1
2024-01-18 12:00:00,BIN_006,Malir,Recyclable,24.893,67.206,15.86,41.1,76.2,0,0,0,12,3,1,16.08,-0.21999999999999886,1
2024-01-18 16:00:00,BIN_006,Malir,Recyclable,24.893,67.206,15.76,40.7,77.3,0,0,0,16,3,1,15.86,-0.09999999999999964,1
2024-01-18 20:00:00,BIN_006,Malir,Recyclable,24.893,67.206,19.75,38.8,67.9,0,0,0,20,3,1,15.76,3.99,1
2024-01-19 00:00:00,BIN_006,Malir,Recyclable,24.893,67.206,20.82,31.8,65.0,0,0,0,0,4,1,19.75,1.0700000000000003,1
2024-01-19 04:00:00,BIN_006,Malir,Recyclable,24.893,67.206,22.7,31.8,84.9,0,0,0,4,4,1,20.82,1.879999999999999,1
2024-01-19 08:00:00,BIN_006,Malir,Recyclable,24.893,67.206,22.88,31.2,82.9,0,0,0,8,4,1,22.7,0.17999999999999972,1
2024-01-19 12:00:00,BIN_006,Malir,Recyclable,24.893,67.206,23.37,35.9,55.2,0,0,0,12,4,1,22.88,0.490000000000002,1
2024-01-19 16:00:00,BIN_006,Malir,Recyclable,24.893,67.206,21.95,29.6,78.7,0,0,0,16,4,1,23.37,-1.4200000000000017,1
2024-01-19 20:00:00,BIN_006,Malir,Recyclable,24.893,67.206,21.21,37.8,80.2,0,0,0,20,4,1,21.95,-0.7399999999999984,1
2024-01-20 00:00:00,BIN_006,Malir,Recyclable,24.893,67.206,24.18,41.2,70.5,1,0,0,0,5,1,21.21,2.969999999999999,1
2024-01-20 04:00:00,BIN_006,Malir,Recyclable,24.893,67.206,28.81,36.4,71.7,1,0,0,4,5,1,24.18,4.629999999999999,1
2024-01-20 08:00:00,BIN_006,Malir,Recyclable,24.893,67.206,33.68,39.1,75.4,1,0,0,8,5,1,28.81,4.870000000000001,1
2024-01-20 12:00:00,BIN_006,Malir,Recyclable,24.893,67.206,35.59,40.7,88.0,1,0,0,12,5,1,33.68,1.9100000000000037,1
2024-01-20 16:00:00,BIN_006,Malir,Recyclable,24.893,67.206,37.27,28.3,66.5,1,0,0,16,5,1,35.59,1.6799999999999997,1
2024-01-20 20:00:00,BIN_006,Malir,Recyclable,24.893,67.206,38.18,35.5,86.9,1,0,0,20,5,1,37.27,0.9099999999999966,1
2024-01-21 00:00:00,BIN_006,Malir,Recyclable,24.893,67.206,40.35,35.4,64.3,1,0,0,0,6,1,38.18,2.1700000000000017,1
2024-01-21 04:00:00,BIN_006,Malir,Recyclable,24.893,67.206,41.0,40.6,87.5,1,0,0,4,6,1,40.35,0.6499999999999986,1
2024-01-21 08:00:00,BIN_006,Malir,Recyclable,24.893,67.206,44.25,33.4,80.8,1,0,0,8,6,1,41.0,3.25,1
2024-01-21 12:00:00,BIN_006,Malir,Recyclable,24.893,67.206,45.81,34.7,59.3,1,0,0,12,6,1,44.25,1.5600000000000023,1
2024-01-21 16:00:00,BIN_006,Malir,Recyclable,24.893,67.206,47.58,38.3,67.9,1,0,0,16,6,1,45.81,1.769999999999996,1
2024-01-21 20:00:00,BIN_006,Malir,Recyclable,24.893,67.206,50.63,28.3,58.5,1,0,0,20,6,1,47.58,3.0500000000000043,1
2024-01-22 00:00:00,BIN_006,Malir,Recyclable,24.893,67.206,55.04,32.7,79.3,0,0,0,0,0,1,50.63,4.409999999999997,1
2024-01-22 04:00:00,BIN_006,Malir,Recyclable,24.893,67.206,56.44,37.8,79.6,0,0,0,4,0,1,55.04,1.3999999999999986,1
2024-01-22 08:00:00,BIN_006,Malir,Recyclable,24.893,67.206,59.2,34.8,70.8,0,0,0,8,0,1,56.44,2.760000000000005,1
2024-01-22 12:00:00,BIN_006,Malir,Recyclable,24.893,67.206,60.63,30.8,65.8,0,0,0,12,0,1,59.2,1.4299999999999997,1
2024-01-22 16:00:00,BIN_006,Malir,Recyclable,24.893,67.206,62.28,31.5,65.6,0,0,0,16,0,1,60.63,1.6499999999999986,1
2024-01-22 20:00:00,BIN_006,Malir,Recyclable,24.893,67.206,63.11,38.8,66.5,0,0,0,20,0,1,62.28,0.8299999999999983,1
2024-01-23 00:00:00,BIN_006,Malir,Recyclable,24.893,67.206,63.57,38.8,59.5,0,0,0,0,1,1,63.11,0.46000000000000085,1
2024-01-23 04:00:00,BIN_006,Malir,Recyclable,24.893,67.206,64.26,34.4,72.7,0,0,0,4,1,1,63.57,0.6900000000000048,1
2024-01-23 08:00:00,BIN_006,Malir,Recyclable,24.893,67.206,67.25,39.4,56.6,0,0,0,8,1,1,64.26,2.989999999999995,1
2024-01-23 12:00:00,BIN_006,Malir,Recyclable,24.893,67.206,70.86,32.2,64.8,0,0,0,12,1,1,67.25,3.6099999999999994,1
2024-01-23 16:00:00,BIN_006,Malir,Recyclable,24.893,67.206,71.65,32.3,73.3,0,0,0,16,1,1,70.86,0.7900000000000063,1
2024-01-23 20:00:00,BIN_006,Malir,Recyclable,24.893,67.206,71.97,37.3,68.3,0,0,0,20,1,1,71.65,0.3199999999999932,1
2024-01-24 00:00:00,BIN_006,Malir,Recyclable,24.893,67.206,72.04,32.1,73.9,0,0,0,0,2,1,71.97,0.07000000000000739,1
2024-01-24 04:00:00,BIN_006,Malir,Recyclable,24.893,67.206,75.36,28.3,57.8,0,1,0,4,2,1,72.04,3.319999999999993,1
2024-01-24 08:00:00,BIN_006,Malir,Recyclable,24.893,67.206,77.78,38.1,58.1,0,1,0,8,2,1,75.36,2.4200000000000017,1
2024-01-24 12:00:00,BIN_006,Malir,Recyclable,24.893,67.206,79.06,39.8,80.6,0,1,0,12,2,1,77.78,1.2800000000000011,1
2024-01-24 16:00:00,BIN_006,Malir,Recyclable,24.893,67.206,82.28,33.7,62.8,0,1,0,16,2,1,79.06,3.219999999999999,1
2024-01-24 20:00:00,BIN_006,Malir,Recyclable,24.893,67.206,84.36,35.2,74.2,0,1,0,20,2,1,82.28,2.0799999999999983,1
2024-01-25 00:00:00,BIN_006,Malir,Recyclable,24.893,67.206,89.37,41.3,86.6,0,1,1,0,3,1,84.36,5.010000000000005,1
2024-01-25 04:00:00,BIN_006,Malir,Recyclable,24.893,67.206,12.31,39.2,88.0,0,0,0,4,3,1,89.37,-77.06,1
2024-01-25 08:00:00,BIN_006,Malir,Recyclable,24.893,67.206,13.36,34.9,84.6,0,0,0,8,3,1,12.31,1.049999999999999,1
2024-01-25 12:00:00,BIN_006,Malir,Recyclable,24.893,67.206,14.12,35.1,81.2,0,0,0,12,3,1,13.36,0.7599999999999998,1
2024-01-25 16:00:00,BIN_006,Malir,Recyclable,24.893,67.206,14.96,38.2,60.8,0,0,0,16,3,1,14.12,0.8400000000000016,1
2024-01-25 20:00:00,BIN_006,Malir,Recyclable,24.893,67.206,15.52,32.9,64.3,0,0,0,20,3,1,14.96,0.5599999999999987,1
2024-01-26 00:00:00,BIN_006,Malir,Recyclable,24.893,67.206,18.97,33.1,74.4,0,0,0,0,4,1,15.52,3.4499999999999993,1
2024-01-26 04:00:00,BIN_006,Malir,Recyclable,24.893,67.206,18.99,29.4,83.2,0,0,0,4,4,1,18.97,0.019999999999999574,1
2024-01-26 08:00:00,BIN_006,Malir,Recyclable,24.893,67.206,22.63,38.2,62.3,0,0,0,8,4,1,18.99,3.6400000000000006,1
2024-01-26 12:00:00,BIN_006,Malir,Recyclable,24.893,67.206,22.18,40.4,76.6,0,0,0,12,4,1,22.63,-0.4499999999999993,1
2024-01-26 16:00:00,BIN_006,Malir,Recyclable,24.893,67.206,21.72,41.2,81.4,0,0,0,16,4,1,22.18,-0.46000000000000085,1
2024-01-26 20:00:00,BIN_006,Malir,Recyclable,24.893,67.206,22.75,30.9,66.8,0,0,0,20,4,1,21.72,1.0300000000000011,1
2024-01-27 00:00:00,BIN_006,Malir,Recyclable,24.893,67.206,25.54,38.7,70.4,1,0,0,0,5,1,22.75,2.789999999999999,1
2024-01-27 04:00:00,BIN_006,Malir,Recyclable,24.893,67.206,28.85,38.0,68.5,1,0,0,4,5,1,25.54,3.3100000000000023,1
2024-01-27 08:00:00,BIN_006,Malir,Recyclable,24.893,67.206,31.59,41.7,65.9,1,0,0,8,5,1,28.85,2.7399999999999984,1
2024-01-27 12:00:00,BIN_006,Malir,Recyclable,24.893,67.206,31.65,34.5,78.6,1,0,0,12,5,1,31.59,0.05999999999999872,1
2024-01-27 16:00:00,BIN_006,Malir,Recyclable,24.893,67.206,35.36,38.7,57.0,1,0,0,16,5,1,31.65,3.710000000000001,1
2024-01-27 20:00:00,BIN_006,Malir,Recyclable,24.893,67.206,37.47,42.0,81.3,1,0,0,20,5,1,35.36,2.1099999999999994,1
2024-01-28 00:00:00,BIN_006,Malir,Recyclable,24.893,67.206,39.93,40.0,58.9,1,0,0,0,6,1,37.47,2.460000000000001,1
2024-01-28 04:00:00,BIN_006,Malir,Recyclable,24.893,67.206,43.18,32.9,85.7,1,0,0,4,6,1,39.93,3.25,1
2024-01-28 08:00:00,BIN_006,Malir,Recyclable,24.893,67.206,45.88,30.3,84.9,1,0,0,8,6,1,43.18,2.700000000000003,1
2024-01-28 12:00:00,BIN_006,Malir,Recyclable,24.893,67.206,48.46,37.6,73.2,1,0,0,12,6,1,45.88,2.5799999999999983,1
2024-01-28 16:00:00,BIN_006,Malir,Recyclable,24.893,67.206,49.91,30.7,65.0,1,0,0,16,6,1,48.46,1.4499999999999957,1
2024-01-28 20:00:00,BIN_006,Malir,Recyclable,24.893,67.206,53.62,35.1,73.6,1,0,0,20,6,1,49.91,3.710000000000001,1
2024-01-29 00:00:00,BIN_006,Malir,Recyclable,24.893,67.206,55.93,36.1,82.3,0,0,0,0,0,1,53.62,2.3100000000000023,1
2024-01-29 04:00:00,BIN_006,Malir,Recyclable,24.893,67.206,58.28,30.7,56.8,0,0,0,4,0,1,55.93,2.3500000000000014,1
2024-01-29 08:00:00,BIN_006,Malir,Recyclable,24.893,67.206,60.96,33.7,85.7,0,0,0,8,0,1,58.28,2.6799999999999997,1
2024-01-29 12:00:00,BIN_006,Malir,Recyclable,24.893,67.206,60.83,32.2,55.4,0,0,0,12,0,1,60.96,-0.13000000000000256,1
2024-01-29 16:00:00,BIN_006,Malir,Recyclable,24.893,67.206,63.3,33.3,73.7,0,0,0,16,0,1,60.83,2.469999999999999,1
2024-01-29 20:00:00,BIN_006,Malir,Recyclable,24.893,67.206,62.19,40.3,86.9,0,0,0,20,0,1,63.3,-1.1099999999999994,1
2024-01-30 00:00:00,BIN_006,Malir,Recyclable,24.893,67.206,63.23,35.7,88.2,0,0,0,0,1,1,62.19,1.0399999999999991,1
2024-01-30 04:00:00,BIN_006,Malir,Recyclable,24.893,67.206,62.13,42.0,63.2,0,0,0,4,1,1,63.23,-1.0999999999999943,1
2024-01-30 08:00:00,BIN_006,Malir,Recyclable,24.893,67.206,62.43,28.1,55.3,0,0,0,8,1,1,62.13,0.29999999999999716,1
2024-01-30 12:00:00,BIN_006,Malir,Recyclable,24.893,67.206,66.05,34.4,72.1,0,0,0,12,1,1,62.43,3.6199999999999974,1
2024-01-30 16:00:00,BIN_006,Malir,Recyclable,24.893,67.206,68.27,32.2,60.8,0,0,0,16,1,1,66.05,2.219999999999999,1
2024-01-30 20:00:00,BIN_006,Malir,Recyclable,24.893,67.206,67.08,33.7,63.1,0,0,0,20,1,1,68.27,-1.1899999999999977,1
2024-01-31 00:00:00,BIN_006,Malir,Recyclable,24.893,67.206,66.43,35.1,60.5,0,0,0,0,2,1,67.08,-0.6499999999999915,1
2024-01-31 04:00:00,BIN_006,Malir,Recyclable,24.893,67.206,68.14,37.4,81.4,0,0,0,4,2,1,66.43,1.7099999999999937,1
2024-01-31 08:00:00,BIN_006,Malir,Recyclable,24.893,67.206,69.47,29.0,75.9,0,0,0,8,2,1,68.14,1.3299999999999983,1
2024-01-31 12:00:00,BIN_006,Malir,Recyclable,24.893,67.206,69.45,31.7,73.5,0,0,0,12,2,1,69.47,-0.01999999999999602,1
2024-01-31 16:00:00,BIN_006,Malir,Recyclable,24.893,67.206,72.12,35.7,75.4,0,0,0,16,2,1,69.45,2.6700000000000017,1
2024-01-31 20:00:00,BIN_006,Malir,Recyclable,24.893,67.206,73.63,33.6,88.2,0,0,0,20,2,1,72.12,1.509999999999991,1
2024-02-01 00:00:00,BIN_006,Malir,Recyclable,24.893,67.206,73.99,39.8,70.1,0,0,0,0,3,2,73.63,0.35999999999999943,1
2024-02-01 04:00:00,BIN_006,Malir,Recyclable,24.893,67.206,76.86,39.6,83.8,0,1,0,4,3,2,73.99,2.8700000000000045,1
2024-02-01 08:00:00,BIN_006,Malir,Recyclable,24.893,67.206,79.22,32.1,65.4,0,1,0,8,3,2,76.86,2.3599999999999994,1
2024-02-01 12:00:00,BIN_006,Malir,Recyclable,24.893,67.206,79.3,32.1,80.4,0,1,0,12,3,2,79.22,0.0799999999999983,1
2024-02-01 16:00:00,BIN_006,Malir,Recyclable,24.893,67.206,79.52,29.5,63.3,0,1,0,16,3,2,79.3,0.21999999999999886,1
2024-02-01 20:00:00,BIN_006,Malir,Recyclable,24.893,67.206,81.79,33.3,71.7,0,1,0,20,3,2,79.52,2.2700000000000102,1
2024-02-02 00:00:00,BIN_006,Malir,Recyclable,24.893,67.206,81.8,32.5,70.7,0,1,0,0,4,2,81.79,0.009999999999990905,1
2024-02-02 04:00:00,BIN_006,Malir,Recyclable,24.893,67.206,85.03,36.8,60.1,0,1,1,4,4,2,81.8,3.230000000000004,1
2024-02-02 08:00:00,BIN_006,Malir,Recyclable,24.893,67.206,2.72,33.3,85.5,0,0,0,8,4,2,85.03,-82.31,1
2024-02-02 12:00:00,BIN_006,Malir,Recyclable,24.893,67.206,5.11,37.3,67.0,0,0,0,12,4,2,2.72,2.39,1
2024-02-02 16:00:00,BIN_006,Malir,Recyclable,24.893,67.206,6.42,39.4,88.4,0,0,0,16,4,2,5.11,1.3099999999999996,1
2024-02-02 20:00:00,BIN_006,Malir,Recyclable,24.893,67.206,10.48,41.0,86.8,0,0,0,20,4,2,6.42,4.0600000000000005,1
2024-02-03 00:00:00,BIN_006,Malir,Recyclable,24.893,67.206,9.01,34.5,79.1,1,0,0,0,5,2,10.48,-1.4700000000000006,1
2024-02-03 04:00:00,BIN_006,Malir,Recyclable,24.893,67.206,11.2,40.4,62.2,1,0,0,4,5,2,9.01,2.1899999999999995,1
2024-02-03 08:00:00,BIN_006,Malir,Recyclable,24.893,67.206,12.25,29.6,65.2,1,0,0,8,5,2,11.2,1.0500000000000007,1
2024-02-03 12:00:00,BIN_006,Malir,Recyclable,24.893,67.206,13.68,36.6,83.2,1,0,0,12,5,2,12.25,1.4299999999999997,1
2024-02-03 16:00:00,BIN_006,Malir,Recyclable,24.893,67.206,15.95,28.1,61.5,1,0,0,16,5,2,13.68,2.2699999999999996,1
2024-02-03 20:00:00,BIN_006,Malir,Recyclable,24.893,67.206,19.06,29.4,67.7,1,0,0,20,5,2,15.95,3.1099999999999994,1
2024-02-04 00:00:00,BIN_006,Malir,Recyclable,24.893,67.206,20.06,32.9,61.3,1,0,0,0,6,2,19.06,1.0,1
2024-02-04 04:00:00,BIN_006,Malir,Recyclable,24.893,67.206,21.96,37.1,71.2,1,0,0,4,6,2,20.06,1.9000000000000021,1
2024-02-04 08:00:00,BIN_006,Malir,Recyclable,24.893,67.206,19.69,41.4,62.5,1,0,0,8,6,2,21.96,-2.2699999999999996,1
2024-02-04 12:00:00,BIN_006,Malir,Recyclable,24.893,67.206,21.32,35.2,80.8,1,0,0,12,6,2,19.69,1.629999999999999,1
2024-02-04 16:00:00,BIN_006,Malir,Recyclable,24.893,67.206,24.35,33.3,71.2,1,0,0,16,6,2,21.32,3.030000000000001,1
2024-02-04 20:00:00,BIN_006,Malir,Recyclable,24.893,67.206,26.39,29.2,76.3,1,0,0,20,6,2,24.35,2.039999999999999,1
2024-02-05 00:00:00,BIN_006,Malir,Recyclable,24.893,67.206,26.65,35.6,73.6,0,0,0,0,0,2,26.39,0.259999999999998,1
2024-02-05 04:00:00,BIN_006,Malir,Recyclable,24.893,67.206,27.36,29.1,79.4,0,0,0,4,0,2,26.65,0.7100000000000009,1
2024-02-05 08:00:00,BIN_006,Malir,Recyclable,24.893,67.206,27.05,34.6,80.2,0,0,0,8,0,2,27.36,-0.3099999999999987,1
2024-02-05 12:00:00,BIN_006,Malir,Recyclable,24.893,67.206,29.22,35.4,68.8,0,0,0,12,0,2,27.05,2.169999999999998,1
2024-02-05 16:00:00,BIN_006,Malir,Recyclable,24.893,67.206,32.15,41.1,78.5,0,0,0,16,0,2,29.22,2.9299999999999997,1
2024-02-05 20:00:00,BIN_006,Malir,Recyclable,24.893,67.206,31.23,29.0,71.1,0,0,0,20,0,2,32.15,-0.9199999999999982,1
2024-02-06 00:00:00,BIN_006,Malir,Recyclable,24.893,67.206,34.22,33.9,70.4,0,0,0,0,1,2,31.23,2.9899999999999984,1
2024-02-06 04:00:00,BIN_006,Malir,Recyclable,24.893,67.206,35.07,36.9,82.1,0,0,0,4,1,2,34.22,0.8500000000000014,1
2024-02-06 08:00:00,BIN_006,Malir,Recyclable,24.893,67.206,36.66,30.6,67.1,0,0,0,8,1,2,35.07,1.5899999999999963,1
2024-02-06 12:00:00,BIN_006,Malir,Recyclable,24.893,67.206,37.46,32.9,71.4,0,0,0,12,1,2,36.66,0.8000000000000043,1
2024-02-06 16:00:00,BIN_006,Malir,Recyclable,24.893,67.206,37.81,30.0,56.2,0,0,0,16,1,2,37.46,0.3500000000000014,1
2024-02-06 20:00:00,BIN_006,Malir,Recyclable,24.893,67.206,38.81,34.6,88.4,0,0,0,20,1,2,37.81,1.0,1
2024-02-07 00:00:00,BIN_006,Malir,Recyclable,24.893,67.206,41.46,37.0,83.9,0,0,0,0,2,2,38.81,2.6499999999999986,1
2024-02-07 04:00:00,BIN_006,Malir,Recyclable,24.893,67.206,44.94,29.5,72.7,0,0,0,4,2,2,41.46,3.479999999999997,1
2024-02-07 08:00:00,BIN_006,Malir,Recyclable,24.893,67.206,47.51,39.7,57.5,0,0,0,8,2,2,44.94,2.5700000000000003,1
2024-02-07 12:00:00,BIN_006,Malir,Recyclable,24.893,67.206,51.49,37.7,73.7,0,0,0,12,2,2,47.51,3.980000000000004,1
2024-02-07 16:00:00,BIN_006,Malir,Recyclable,24.893,67.206,50.66,36.7,86.2,0,0,0,16,2,2,51.49,-0.8300000000000054,1
2024-02-07 20:00:00,BIN_006,Malir,Recyclable,24.893,67.206,50.39,34.9,83.9,0,0,0,20,2,2,50.66,-0.269999999999996,1
2024-02-08 00:00:00,BIN_006,Malir,Recyclable,24.893,67.206,50.54,28.9,56.8,0,0,0,0,3,2,50.39,0.14999999999999858,1
2024-02-08 04:00:00,BIN_006,Malir,Recyclable,24.893,67.206,51.68,33.3,66.8,0,0,0,4,3,2,50.54,1.1400000000000006,1
2024-02-08 08:00:00,BIN_006,Malir,Recyclable,24.893,67.206,54.6,28.7,62.7,0,0,0,8,3,2,51.68,2.9200000000000017,1
2024-02-08 12:00:00,BIN_006,Malir,Recyclable,24.893,67.206,57.37,31.8,74.2,0,0,0,12,3,2,54.6,2.769999999999996,1
2024-02-08 16:00:00,BIN_006,Malir,Recyclable,24.893,67.206,58.29,33.0,82.7,0,0,0,16,3,2,57.37,0.9200000000000017,1
2024-02-08 20:00:00,BIN_006,Malir,Recyclable,24.893,67.206,57.91,35.1,59.5,0,0,0,20,3,2,58.29,-0.38000000000000256,1
2024-02-09 00:00:00,BIN_006,Malir,Recyclable,24.893,67.206,58.41,31.7,68.1,0,0,0,0,4,2,57.91,0.5,1
2024-02-09 04:00:00,BIN_006,Malir,Recyclable,24.893,67.206,62.09,35.0,67.0,0,0,0,4,4,2,58.41,3.680000000000007,1
2024-02-09 08:00:00,BIN_006,Malir,Recyclable,24.893,67.206,62.71,28.3,82.0,0,0,0,8,4,2,62.09,0.6199999999999974,1
2024-02-09 12:00:00,BIN_006,Malir,Recyclable,24.893,67.206,62.03,30.4,56.5,0,0,0,12,4,2,62.71,-0.6799999999999997,1
2024-02-09 16:00:00,BIN_006,Malir,Recyclable,24.893,67.206,65.27,39.4,72.3,0,0,0,16,4,2,62.03,3.239999999999995,1
2024-02-09 20:00:00,BIN_006,Malir,Recyclable,24.893,67.206,67.73,30.9,80.8,0,0,0,20,4,2,65.27,2.460000000000008,1
2024-02-10 00:00:00,BIN_006,Malir,Recyclable,24.893,67.206,68.07,40.6,58.7,1,0,0,0,5,2,67.73,0.3399999999999892,1
2024-02-10 04:00:00,BIN_006,Malir,Recyclable,24.893,67.206,71.19,41.8,85.1,1,0,0,4,5,2,68.07,3.1200000000000045,1
2024-02-10 08:00:00,BIN_006,Malir,Recyclable,24.893,67.206,73.68,38.1,61.7,1,0,0,8,5,2,71.19,2.490000000000009,1
2024-02-10 12:00:00,BIN_006,Malir,Recyclable,24.893,67.206,75.83,34.2,57.5,1,1,0,12,5,2,73.68,2.1499999999999915,1
2024-02-10 16:00:00,BIN_006,Malir,Recyclable,24.893,67.206,79.9,33.4,66.6,1,1,0,16,5,2,75.83,4.070000000000007,1
2024-02-10 20:00:00,BIN_006,Malir,Recyclable,24.893,67.206,80.8,36.3,85.5,1,1,0,20,5,2,79.9,0.8999999999999915,1
2024-02-11 00:00:00,BIN_006,Malir,Recyclable,24.893,67.206,82.51,30.2,79.3,1,1,0,0,6,2,80.8,1.710000000000008,1
2024-02-11 04:00:00,BIN_006,Malir,Recyclable,24.893,67.206,83.64,29.5,78.3,1,1,0,4,6,2,82.51,1.1299999999999955,1
2024-02-11 08:00:00,BIN_006,Malir,Recyclable,24.893,67.206,84.19,41.1,55.6,1,1,0,8,6,2,83.64,0.5499999999999972,1
2024-02-11 12:00:00,BIN_006,Malir,Recyclable,24.893,67.206,85.13,34.1,55.8,1,1,1,12,6,2,84.19,0.9399999999999977,1
2024-02-11 16:00:00,BIN_006,Malir,Recyclable,24.893,67.206,3.69,29.9,68.2,1,0,0,16,6,2,85.13,-81.44,1
2024-02-11 20:00:00,BIN_006,Malir,Recyclable,24.893,67.206,5.6,37.4,82.4,1,0,0,20,6,2,3.69,1.9099999999999997,1
2024-02-12 00:00:00,BIN_006,Malir,Recyclable,24.893,67.206,10.72,30.8,65.1,0,0,0,0,0,2,5.6,5.120000000000001,1
2024-02-12 04:00:00,BIN_006,Malir,Recyclable,24.893,67.206,13.43,30.3,63.7,0,0,0,4,0,2,10.72,2.709999999999999,1
2024-02-12 08:00:00,BIN_006,Malir,Recyclable,24.893,67.206,15.05,35.9,88.1,0,0,0,8,0,2,13.43,1.620000000000001,1
2024-02-12 12:00:00,BIN_006,Malir,Recyclable,24.893,67.206,14.2,30.7,77.5,0,0,0,12,0,2,15.05,-0.8500000000000014,1
2024-02-12 16:00:00,BIN_006,Malir,Recyclable,24.893,67.206,16.03,31.6,64.2,0,0,0,16,0,2,14.2,1.8300000000000018,1
2024-02-12 20:00:00,BIN_006,Malir,Recyclable,24.893,67.206,19.44,28.5,65.7,0,0,0,20,0,2,16.03,3.41,1
2024-02-13 00:00:00,BIN_006,Malir,Recyclable,24.893,67.206,21.97,39.0,70.9,0,0,0,0,1,2,19.44,2.5299999999999976,1
2024-02-13 04:00:00,BIN_006,Malir,Recyclable,24.893,67.206,21.97,37.8,68.6,0,0,0,4,1,2,21.97,0.0,1
2024-02-13 08:00:00,BIN_006,Malir,Recyclable,24.893,67.206,22.93,36.1,88.2,0,0,0,8,1,2,21.97,0.9600000000000009,1
2024-02-13 12:00:00,BIN_006,Malir,Recyclable,24.893,67.206,22.7,29.0,72.8,0,0,0,12,1,2,22.93,-0.23000000000000043,1
2024-02-13 16:00:00,BIN_006,Malir,Recyclable,24.893,67.206,24.31,28.3,66.0,0,0,0,16,1,2,22.7,1.6099999999999994,1
2024-02-13 20:00:00,BIN_006,Malir,Recyclable,24.893,67.206,22.67,39.5,74.4,0,0,0,20,1,2,24.31,-1.639999999999997,1
2024-02-14 00:00:00,BIN_006,Malir,Recyclable,24.893,67.206,21.48,32.2,68.4,0,0,0,0,2,2,22.67,-1.1900000000000013,1
2024-02-14 04:00:00,BIN_006,Malir,Recyclable,24.893,67.206,22.33,39.7,88.9,0,0,0,4,2,2,21.48,0.8499999999999979,1
2024-02-14 08:00:00,BIN_006,Malir,Recyclable,24.893,67.206,20.71,39.9,69.9,0,0,0,8,2,2,22.33,-1.6199999999999974,1
2024-02-14 12:00:00,BIN_006,Malir,Recyclable,24.893,67.206,20.4,35.7,63.1,0,0,0,12,2,2,20.71,-0.3100000000000023,1
2024-02-14 16:00:00,BIN_006,Malir,Recyclable,24.893,67.206,22.19,39.3,82.3,0,0,0,16,2,2,20.4,1.7900000000000027,1
2024-02-14 20:00:00,BIN_006,Malir,Recyclable,24.893,67.206,26.15,31.0,80.0,0,0,0,20,2,2,22.19,3.9599999999999973,1
2024-02-15 00:00:00,BIN_006,Malir,Recyclable,24.893,67.206,26.75,30.4,55.1,0,0,0,0,3,2,26.15,0.6000000000000014,1
2024-02-15 04:00:00,BIN_006,Malir,Recyclable,24.893,67.206,29.89,34.3,67.3,0,0,0,4,3,2,26.75,3.1400000000000006,1
2024-02-15 08:00:00,BIN_006,Malir,Recyclable,24.893,67.206,29.35,40.0,64.0,0,0,0,8,3,2,29.89,-0.5399999999999991,1
2024-02-15 12:00:00,BIN_006,Malir,Recyclable,24.893,67.206,31.16,31.2,71.8,0,0,0,12,3,2,29.35,1.8099999999999987,1
2024-02-15 16:00:00,BIN_006,Malir,Recyclable,24.893,67.206,30.37,31.8,60.9,0,0,0,16,3,2,31.16,-0.7899999999999991,1
2024-02-15 20:00:00,BIN_006,Malir,Recyclable,24.893,67.206,31.82,38.1,82.0,0,0,0,20,3,2,30.37,1.4499999999999993,1
2024-02-16 00:00:00,BIN_006,Malir,Recyclable,24.893,67.206,35.97,38.3,59.8,0,0,0,0,4,2,31.82,4.149999999999999,1
2024-02-16 04:00:00,BIN_006,Malir,Recyclable,24.893,67.206,36.96,41.5,83.7,0,0,0,4,4,2,35.97,0.990000000000002,1
2024-02-16 08:00:00,BIN_006,Malir,Recyclable,24.893,67.206,37.58,29.8,59.8,0,0,0,8,4,2,36.96,0.6199999999999974,1
2024-02-16 12:00:00,BIN_006,Malir,Recyclable,24.893,67.206,38.24,38.5,71.4,0,0,0,12,4,2,37.58,0.6600000000000037,1
2024-02-16 16:00:00,BIN_006,Malir,Recyclable,24.893,67.206,40.76,36.5,79.0,0,0,0,16,4,2,38.24,2.519999999999996,1
2024-02-16 20:00:00,BIN_006,Malir,Recyclable,24.893,67.206,43.43,28.3,65.9,0,0,0,20,4,2,40.76,2.6700000000000017,1
2024-02-17 00:00:00,BIN_006,Malir,Recyclable,24.893,67.206,43.63,37.6,82.7,1,0,0,0,5,2,43.43,0.20000000000000284,1
2024-02-17 04:00:00,BIN_006,Malir,Recyclable,24.893,67.206,46.86,32.3,56.3,1,0,0,4,5,2,43.63,3.229999999999997,1
2024-02-17 08:00:00,BIN_006,Malir,Recyclable,24.893,67.206,48.46,29.5,72.2,1,0,0,8,5,2,46.86,1.6000000000000014,1
2024-02-17 12:00:00,BIN_006,Malir,Recyclable,24.893,67.206,51.18,38.8,62.8,1,0,0,12,5,2,48.46,2.719999999999999,1
2024-02-17 16:00:00,BIN_006,Malir,Recyclable,24.893,67.206,51.71,41.9,61.9,1,0,0,16,5,2,51.18,0.5300000000000011,1
2024-02-17 20:00:00,BIN_006,Malir,Recyclable,24.893,67.206,52.39,36.1,87.4,1,0,0,20,5,2,51.71,0.6799999999999997,1
2024-02-18 00:00:00,BIN_006,Malir,Recyclable,24.893,67.206,55.16,38.7,89.5,1,0,0,0,6,2,52.39,2.769999999999996,1
2024-02-18 04:00:00,BIN_006,Malir,Recyclable,24.893,67.206,55.21,30.5,81.8,1,0,0,4,6,2,55.16,0.05000000000000426,1
2024-02-18 08:00:00,BIN_006,Malir,Recyclable,24.893,67.206,55.58,33.9,82.8,1,0,0,8,6,2,55.21,0.36999999999999744,1
2024-02-18 12:00:00,BIN_006,Malir,Recyclable,24.893,67.206,56.72,34.5,73.8,1,0,0,12,6,2,55.58,1.1400000000000006,1
2024-02-18 16:00:00,BIN_006,Malir,Recyclable,24.893,67.206,56.3,33.5,79.3,1,0,0,16,6,2,56.72,-0.4200000000000017,1
2024-02-18 20:00:00,BIN_006,Malir,Recyclable,24.893,67.206,60.18,41.1,74.0,1,0,0,20,6,2,56.3,3.8800000000000026,1
2024-02-19 00:00:00,BIN_006,Malir,Recyclable,24.893,67.206,61.29,31.0,72.6,0,0,0,0,0,2,60.18,1.1099999999999994,1
2024-02-19 04:00:00,BIN_006,Malir,Recyclable,24.893,67.206,62.98,28.3,63.8,0,0,0,4,0,2,61.29,1.6899999999999977,1
2024-02-19 08:00:00,BIN_006,Malir,Recyclable,24.893,67.206,63.92,31.7,73.0,0,0,0,8,0,2,62.98,0.9400000000000048,1
2024-02-19 12:00:00,BIN_006,Malir,Recyclable,24.893,67.206,65.4,36.0,87.4,0,0,0,12,0,2,63.92,1.480000000000004,1
2024-02-19 16:00:00,BIN_006,Malir,Recyclable,24.893,67.206,65.27,41.0,82.5,0,0,0,16,0,2,65.4,-0.13000000000000966,1
2024-02-19 20:00:00,BIN_006,Malir,Recyclable,24.893,67.206,69.43,30.8,59.6,0,0,0,20,0,2,65.27,4.160000000000011,1
2024-02-20 00:00:00,BIN_006,Malir,Recyclable,24.893,67.206,71.85,39.1,80.9,0,0,0,0,1,2,69.43,2.4199999999999875,1
2024-02-20 04:00:00,BIN_006,Malir,Recyclable,24.893,67.206,76.14,36.8,89.5,0,1,0,4,1,2,71.85,4.290000000000006,1
2024-02-20 08:00:00,BIN_006,Malir,Recyclable,24.893,67.206,76.09,39.6,63.8,0,1,0,8,1,2,76.14,-0.04999999999999716,1
2024-02-20 12:00:00,BIN_006,Malir,Recyclable,24.893,67.206,77.68,38.9,88.5,0,1,0,12,1,2,76.09,1.5900000000000034,1
2024-02-20 16:00:00,BIN_006,Malir,Recyclable,24.893,67.206,80.34,34.4,67.8,0,1,0,16,1,2,77.68,2.6599999999999966,1
2024-02-20 20:00:00,BIN_006,Malir,Recyclable,24.893,67.206,84.25,32.9,77.3,0,1,0,20,1,2,80.34,3.9099999999999966,1
2024-02-21 00:00:00,BIN_006,Malir,Recyclable,24.893,67.206,86.91,30.8,72.3,0,1,1,0,2,2,84.25,2.6599999999999966,1
2024-02-21 04:00:00,BIN_006,Malir,Recyclable,24.893,67.206,11.08,34.7,73.8,0,0,0,4,2,2,86.91,-75.83,1
2024-02-21 08:00:00,BIN_006,Malir,Recyclable,24.893,67.206,13.58,33.7,86.3,0,0,0,8,2,2,11.08,2.5,1
2024-02-21 12:00:00,BIN_006,Malir,Recyclable,24.893,67.206,16.78,30.3,89.8,0,0,0,12,2,2,13.58,3.200000000000001,1
2024-02-21 16:00:00,BIN_006,Malir,Recyclable,24.893,67.206,17.81,38.2,83.4,0,0,0,16,2,2,16.78,1.0299999999999976,1
2024-02-21 20:00:00,BIN_006,Malir,Recyclable,24.893,67.206,19.93,40.0,89.7,0,0,0,20,2,2,17.81,2.120000000000001,1
2024-02-22 00:00:00,BIN_006,Malir,Recyclable,24.893,67.206,22.95,29.6,69.2,0,0,0,0,3,2,19.93,3.0199999999999996,1
2024-02-22 04:00:00,BIN_006,Malir,Recyclable,24.893,67.206,22.88,39.9,67.9,0,0,0,4,3,2,22.95,-0.07000000000000028,1
2024-02-22 08:00:00,BIN_006,Malir,Recyclable,24.893,67.206,24.5,37.0,89.1,0,0,0,8,3,2,22.88,1.620000000000001,1
2024-02-22 12:00:00,BIN_006,Malir,Recyclable,24.893,67.206,29.87,28.8,75.1,0,0,0,12,3,2,24.5,5.370000000000001,1
2024-02-22 16:00:00,BIN_006,Malir,Recyclable,24.893,67.206,31.25,29.1,74.6,0,0,0,16,3,2,29.87,1.379999999999999,1
2024-02-22 20:00:00,BIN_006,Malir,Recyclable,24.893,67.206,34.4,32.6,60.4,0,0,0,20,3,2,31.25,3.1499999999999986,1
2024-02-23 00:00:00,BIN_006,Malir,Recyclable,24.893,67.206,35.97,41.1,83.2,0,0,0,0,4,2,34.4,1.5700000000000003,1
2024-02-23 04:00:00,BIN_006,Malir,Recyclable,24.893,67.206,39.21,37.7,55.2,0,0,0,4,4,2,35.97,3.240000000000002,1
2024-02-23 08:00:00,BIN_006,Malir,Recyclable,24.893,67.206,38.66,40.8,61.1,0,0,0,8,4,2,39.21,-0.5500000000000043,1
2024-02-23 12:00:00,BIN_006,Malir,Recyclable,24.893,67.206,39.64,32.0,73.1,0,0,0,12,4,2,38.66,0.980000000000004,1
2024-02-23 16:00:00,BIN_006,Malir,Recyclable,24.893,67.206,39.85,36.4,58.1,0,0,0,16,4,2,39.64,0.21000000000000085,1
2024-02-23 20:00:00,BIN_006,Malir,Recyclable,24.893,67.206,40.29,28.8,68.0,0,0,0,20,4,2,39.85,0.4399999999999977,1
2024-02-24 00:00:00,BIN_006,Malir,Recyclable,24.893,67.206,42.83,33.9,74.8,1,0,0,0,5,2,40.29,2.539999999999999,1
2024-02-24 04:00:00,BIN_006,Malir,Recyclable,24.893,67.206,47.31,33.1,87.8,1,0,0,4,5,2,42.83,4.480000000000004,1
2024-02-24 08:00:00,BIN_006,Malir,Recyclable,24.893,67.206,49.44,40.5,83.1,1,0,0,8,5,2,47.31,2.1299999999999955,1
2024-02-24 12:00:00,BIN_006,Malir,Recyclable,24.893,67.206,50.74,30.6,65.4,1,0,0,12,5,2,49.44,1.3000000000000043,1
2024-02-24 16:00:00,BIN_006,Malir,Recyclable,24.893,67.206,51.96,39.4,80.2,1,0,0,16,5,2,50.74,1.2199999999999989,1
2024-02-24 20:00:00,BIN_006,Malir,Recyclable,24.893,67.206,54.21,38.2,58.5,1,0,0,20,5,2,51.96,2.25,1
2024-02-25 00:00:00,BIN_006,Malir,Recyclable,24.893,67.206,57.55,39.6,56.5,1,0,0,0,6,2,54.21,3.3399999999999963,1
2024-02-25 04:00:00,BIN_006,Malir,Recyclable,24.893,67.206,61.19,28.3,68.1,1,0,0,4,6,2,57.55,3.6400000000000006,1
2024-02-25 08:00:00,BIN_006,Malir,Recyclable,24.893,67.206,63.38,40.8,68.7,1,0,0,8,6,2,61.19,2.190000000000005,1
2024-02-25 12:00:00,BIN_006,Malir,Recyclable,24.893,67.206,63.55,39.8,55.0,1,0,0,12,6,2,63.38,0.1699999999999946,1
2024-02-25 16:00:00,BIN_006,Malir,Recyclable,24.893,67.206,66.41,29.4,76.2,1,0,0,16,6,2,63.55,2.8599999999999994,1
2024-02-25 20:00:00,BIN_006,Malir,Recyclable,24.893,67.206,67.9,34.3,87.8,1,0,0,20,6,2,66.41,1.490000000000009,1
2024-02-26 00:00:00,BIN_006,Malir,Recyclable,24.893,67.206,68.95,28.4,70.2,0,0,0,0,0,2,67.9,1.0499999999999972,1
2024-02-26 04:00:00,BIN_006,Malir,Recyclable,24.893,67.206,69.86,31.9,85.4,0,0,0,4,0,2,68.95,0.9099999999999966,1
2024-02-26 08:00:00,BIN_006,Malir,Recyclable,24.893,67.206,73.71,35.4,58.2,0,0,0,8,0,2,69.86,3.8499999999999943,1
2024-02-26 12:00:00,BIN_006,Malir,Recyclable,24.893,67.206,77.37,34.2,90.0,0,1,0,12,0,2,73.71,3.660000000000011,1
2024-02-26 16:00:00,BIN_006,Malir,Recyclable,24.893,67.206,77.85,34.6,78.7,0,1,0,16,0,2,77.37,0.47999999999998977,1
2024-02-26 20:00:00,BIN_006,Malir,Recyclable,24.893,67.206,78.82,40.2,81.2,0,1,0,20,0,2,77.85,0.9699999999999989,1
2024-02-27 00:00:00,BIN_006,Malir,Recyclable,24.893,67.206,78.78,32.6,64.4,0,1,0,0,1,2,78.82,-0.03999999999999204,1
2024-02-27 04:00:00,BIN_006,Malir,Recyclable,24.893,67.206,78.95,35.2,70.4,0,1,0,4,1,2,78.78,0.1700000000000017,1
2024-02-27 08:00:00,BIN_006,Malir,Recyclable,24.893,67.206,83.49,33.4,63.8,0,1,0,8,1,2,78.95,4.539999999999992,1
2024-02-27 12:00:00,BIN_006,Malir,Recyclable,24.893,67.206,85.17,30.3,67.2,0,1,1,12,1,2,83.49,1.6800000000000068,1
2024-02-27 16:00:00,BIN_006,Malir,Recyclable,24.893,67.206,10.02,31.3,75.6,0,0,0,16,1,2,85.17,-75.15,1
2024-02-27 20:00:00,BIN_006,Malir,Recyclable,24.893,67.206,13.24,36.0,71.9,0,0,0,20,1,2,10.02,3.2200000000000006,1
2024-02-28 00:00:00,BIN_006,Malir,Recyclable,24.893,67.206,13.97,35.9,80.0,0,0,0,0,2,2,13.24,0.7300000000000004,1
2024-02-28 04:00:00,BIN_006,Malir,Recyclable,24.893,67.206,19.9,29.5,81.2,0,0,0,4,2,2,13.97,5.929999999999998,1
2024-02-28 08:00:00,BIN_006,Malir,Recyclable,24.893,67.206,21.23,30.6,72.0,0,0,0,8,2,2,19.9,1.3300000000000018,1
2024-02-28 12:00:00,BIN_006,Malir,Recyclable,24.893,67.206,21.66,39.6,88.3,0,0,0,12,2,2,21.23,0.4299999999999997,1
2024-02-28 16:00:00,BIN_006,Malir,Recyclable,24.893,67.206,20.99,36.4,65.9,0,0,0,16,2,2,21.66,-0.6700000000000017,1
2024-02-28 20:00:00,BIN_006,Malir,Recyclable,24.893,67.206,24.4,40.7,85.5,0,0,0,20,2,2,20.99,3.41,1
2024-02-29 00:00:00,BIN_006,Malir,Recyclable,24.893,67.206,23.02,32.1,56.2,0,0,0,0,3,2,24.4,-1.379999999999999,1
2024-02-29 04:00:00,BIN_006,Malir,Recyclable,24.893,67.206,25.42,39.4,70.8,0,0,0,4,3,2,23.02,2.400000000000002,1
2024-02-29 08:00:00,BIN_006,Malir,Recyclable,24.893,67.206,26.38,39.5,59.4,0,0,0,8,3,2,25.42,0.9599999999999973,1
2024-02-29 12:00:00,BIN_006,Malir,Recyclable,24.893,67.206,24.83,40.0,86.4,0,0,0,12,3,2,26.38,-1.5500000000000007,1
2024-02-29 16:00:00,BIN_006,Malir,Recyclable,24.893,67.206,26.09,31.0,68.1,0,0,0,16,3,2,24.83,1.2600000000000016,1
2024-02-29 20:00:00,BIN_006,Malir,Recyclable,24.893,67.206,28.41,32.7,61.2,0,0,0,20,3,2,26.09,2.3200000000000003,1
2024-03-01 00:00:00,BIN_006,Malir,Recyclable,24.893,67.206,29.08,40.1,56.1,0,0,0,0,4,3,28.41,0.6699999999999982,1
2024-03-01 04:00:00,BIN_006,Malir,Recyclable,24.893,67.206,34.15,37.0,81.7,0,0,0,4,4,3,29.08,5.07,1
2024-03-01 08:00:00,BIN_006,Malir,Recyclable,24.893,67.206,36.28,38.2,87.5,0,0,0,8,4,3,34.15,2.1300000000000026,1
2024-03-01 12:00:00,BIN_006,Malir,Recyclable,24.893,67.206,38.19,32.7,72.6,0,0,0,12,4,3,36.28,1.9099999999999966,1
2024-03-01 16:00:00,BIN_006,Malir,Recyclable,24.893,67.206,39.09,31.6,61.2,0,0,0,16,4,3,38.19,0.9000000000000057,1
2024-03-01 20:00:00,BIN_006,Malir,Recyclable,24.893,67.206,40.19,28.4,86.8,0,0,0,20,4,3,39.09,1.0999999999999943,1
2024-03-02 00:00:00,BIN_006,Malir,Recyclable,24.893,67.206,42.54,37.4,55.2,1,0,0,0,5,3,40.19,2.3500000000000014,1
2024-03-02 04:00:00,BIN_006,Malir,Recyclable,24.893,67.206,45.59,41.8,85.7,1,0,0,4,5,3,42.54,3.0500000000000043,1
2024-03-02 08:00:00,BIN_006,Malir,Recyclable,24.893,67.206,47.93,32.8,86.3,1,0,0,8,5,3,45.59,2.3399999999999963,1
2024-03-02 12:00:00,BIN_006,Malir,Recyclable,24.893,67.206,50.94,32.1,74.7,1,0,0,12,5,3,47.93,3.009999999999998,1
2024-03-02 16:00:00,BIN_006,Malir,Recyclable,24.893,67.206,52.26,35.8,81.7,1,0,0,16,5,3,50.94,1.3200000000000003,1
2024-03-02 20:00:00,BIN_006,Malir,Recyclable,24.893,67.206,53.41,36.7,63.1,1,0,0,20,5,3,52.26,1.1499999999999986,1
2024-03-03 00:00:00,BIN_006,Malir,Recyclable,24.893,67.206,56.67,33.7,73.4,1,0,0,0,6,3,53.41,3.260000000000005,1
2024-03-03 04:00:00,BIN_006,Malir,Recyclable,24.893,67.206,58.43,34.7,70.7,1,0,0,4,6,3,56.67,1.759999999999998,1
2024-03-03 08:00:00,BIN_006,Malir,Recyclable,24.893,67.206,60.55,32.4,64.0,1,0,0,8,6,3,58.43,2.1199999999999974,1
2024-03-03 12:00:00,BIN_006,Malir,Recyclable,24.893,67.206,64.74,28.5,75.4,1,0,0,12,6,3,60.55,4.189999999999998,1
2024-03-03 16:00:00,BIN_006,Malir,Recyclable,24.893,67.206,65.82,37.2,78.8,1,0,0,16,6,3,64.74,1.0799999999999983,1
2024-03-03 20:00:00,BIN_006,Malir,Recyclable,24.893,67.206,67.08,38.5,72.6,1,0,0,20,6,3,65.82,1.2600000000000051,1
2024-03-04 00:00:00,BIN_006,Malir,Recyclable,24.893,67.206,69.3,32.3,89.4,0,0,0,0,0,3,67.08,2.219999999999999,1
2024-03-04 04:00:00,BIN_006,Malir,Recyclable,24.893,67.206,72.49,31.8,62.1,0,0,0,4,0,3,69.3,3.1899999999999977,1
2024-03-04 08:00:00,BIN_006,Malir,Recyclable,24.893,67.206,72.96,41.7,75.6,0,0,0,8,0,3,72.49,0.46999999999999886,1
2024-03-04 12:00:00,BIN_006,Malir,Recyclable,24.893,67.206,74.29,35.8,78.0,0,0,0,12,0,3,72.96,1.3300000000000125,1
2024-03-04 16:00:00,BIN_006,Malir,Recyclable,24.893,67.206,74.97,36.6,80.1,0,0,0,16,0,3,74.29,0.6799999999999926,1
2024-03-04 20:00:00,BIN_006,Malir,Recyclable,24.893,67.206,76.43,33.8,81.5,0,1,0,20,0,3,74.97,1.460000000000008,1
2024-03-05 00:00:00,BIN_006,Malir,Recyclable,24.893,67.206,76.82,30.3,68.0,0,1,0,0,1,3,76.43,0.38999999999998636,1
2024-03-05 04:00:00,BIN_006,Malir,Recyclable,24.893,67.206,77.23,39.9,84.0,0,1,0,4,1,3,76.82,0.4100000000000108,1
2024-03-05 08:00:00,BIN_006,Malir,Recyclable,24.893,67.206,80.7,38.1,63.4,0,1,0,8,1,3,77.23,3.469999999999999,1
2024-03-05 12:00:00,BIN_006,Malir,Recyclable,24.893,67.206,79.52,30.4,89.0,0,1,0,12,1,3,80.7,-1.1800000000000068,1
2024-03-05 16:00:00,BIN_006,Malir,Recyclable,24.893,67.206,81.25,32.7,79.6,0,1,0,16,1,3,79.52,1.730000000000004,1
2024-03-05 20:00:00,BIN_006,Malir,Recyclable,24.893,67.206,82.78,31.1,64.1,0,1,0,20,1,3,81.25,1.5300000000000011,1
2024-03-06 00:00:00,BIN_006,Malir,Recyclable,24.893,67.206,81.22,30.3,64.2,0,1,0,0,2,3,82.78,-1.5600000000000023,1
2024-03-06 04:00:00,BIN_006,Malir,Recyclable,24.893,67.206,82.87,28.5,79.7,0,1,0,4,2,3,81.22,1.6500000000000057,1
2024-03-06 08:00:00,BIN_006,Malir,Recyclable,24.893,67.206,82.96,30.4,58.6,0,1,0,8,2,3,82.87,0.0899999999999892,1
2024-03-06 12:00:00,BIN_006,Malir,Recyclable,24.893,67.206,84.4,36.6,58.3,0,1,0,12,2,3,82.96,1.440000000000012,1
2024-03-06 16:00:00,BIN_006,Malir,Recyclable,24.893,67.206,86.54,38.1,57.6,0,1,1,16,2,3,84.4,2.1400000000000006,1
2024-03-06 20:00:00,BIN_006,Malir,Recyclable,24.893,67.206,9.23,34.9,84.6,0,0,0,20,2,3,86.54,-77.31,1
2024-03-07 00:00:00,BIN_006,Malir,Recyclable,24.893,67.206,13.15,41.9,63.1,0,0,0,0,3,3,9.23,3.92,1
2024-03-07 04:00:00,BIN_006,Malir,Recyclable,24.893,67.206,15.97,36.7,71.1,0,0,0,4,3,3,13.15,2.8200000000000003,1
2024-03-07 08:00:00,BIN_006,Malir,Recyclable,24.893,67.206,17.92,35.9,74.4,0,0,0,8,3,3,15.97,1.950000000000001,1
2024-03-07 12:00:00,BIN_006,Malir,Recyclable,24.893,67.206,18.12,28.4,71.4,0,0,0,12,3,3,17.92,0.1999999999999993,1
2024-03-07 16:00:00,BIN_006,Malir,Recyclable,24.893,67.206,19.32,36.7,82.3,0,0,0,16,3,3,18.12,1.1999999999999993,1
2024-03-07 20:00:00,BIN_006,Malir,Recyclable,24.893,67.206,21.85,39.0,73.2,0,0,0,20,3,3,19.32,2.530000000000001,1
2024-03-08 00:00:00,BIN_006,Malir,Recyclable,24.893,67.206,22.84,40.4,63.4,0,0,0,0,4,3,21.85,0.9899999999999984,1
2024-03-08 04:00:00,BIN_006,Malir,Recyclable,24.893,67.206,25.85,31.9,56.9,0,0,0,4,4,3,22.84,3.0100000000000016,1
2024-03-08 08:00:00,BIN_006,Malir,Recyclable,24.893,67.206,26.74,31.2,63.1,0,0,0,8,4,3,25.85,0.889999999999997,1
2024-03-08 12:00:00,BIN_006,Malir,Recyclable,24.893,67.206,30.22,40.6,84.2,0,0,0,12,4,3,26.74,3.4800000000000004,1
2024-03-08 16:00:00,BIN_006,Malir,Recyclable,24.893,67.206,34.86,34.6,68.7,0,0,0,16,4,3,30.22,4.640000000000001,1
2024-03-08 20:00:00,BIN_006,Malir,Recyclable,24.893,67.206,37.78,40.8,59.4,0,0,0,20,4,3,34.86,2.9200000000000017,1
2024-03-09 00:00:00,BIN_006,Malir,Recyclable,24.893,67.206,36.96,35.0,71.0,1,0,0,0,5,3,37.78,-0.8200000000000003,1
2024-03-09 04:00:00,BIN_006,Malir,Recyclable,24.893,67.206,37.43,35.3,59.9,1,0,0,4,5,3,36.96,0.46999999999999886,1
2024-03-09 08:00:00,BIN_006,Malir,Recyclable,24.893,67.206,36.89,30.6,57.3,1,0,0,8,5,3,37.43,-0.5399999999999991,1
2024-03-09 12:00:00,BIN_006,Malir,Recyclable,24.893,67.206,38.91,38.7,70.0,1,0,0,12,5,3,36.89,2.019999999999996,1
2024-03-09 16:00:00,BIN_006,Malir,Recyclable,24.893,67.206,42.93,37.5,71.5,1,0,0,16,5,3,38.91,4.020000000000003,1
2024-03-09 20:00:00,BIN_006,Malir,Recyclable,24.893,67.206,46.0,33.4,68.2,1,0,0,20,5,3,42.93,3.0700000000000003,1
2024-03-10 00:00:00,BIN_006,Malir,Recyclable,24.893,67.206,47.77,39.9,85.6,1,0,0,0,6,3,46.0,1.7700000000000031,1
2024-03-10 04:00:00,BIN_006,Malir,Recyclable,24.893,67.206,53.05,30.4,59.8,1,0,0,4,6,3,47.77,5.279999999999994,1
2024-03-10 08:00:00,BIN_006,Malir,Recyclable,24.893,67.206,52.78,28.3,86.1,1,0,0,8,6,3,53.05,-0.269999999999996,1
2024-03-10 12:00:00,BIN_006,Malir,Recyclable,24.893,67.206,56.1,31.2,87.5,1,0,0,12,6,3,52.78,3.3200000000000003,1
2024-03-10 16:00:00,BIN_006,Malir,Recyclable,24.893,67.206,59.43,30.8,63.2,1,0,0,16,6,3,56.1,3.3299999999999983,1
2024-03-10 20:00:00,BIN_006,Malir,Recyclable,24.893,67.206,62.51,35.3,61.0,1,0,0,20,6,3,59.43,3.0799999999999983,1
2024-03-11 00:00:00,BIN_006,Malir,Recyclable,24.893,67.206,62.34,30.2,62.2,0,0,0,0,0,3,62.51,-0.1699999999999946,1
2024-03-11 04:00:00,BIN_006,Malir,Recyclable,24.893,67.206,62.04,39.0,60.9,0,0,0,4,0,3,62.34,-0.30000000000000426,1
2024-03-11 08:00:00,BIN_006,Malir,Recyclable,24.893,67.206,63.61,41.7,66.6,0,0,0,8,0,3,62.04,1.5700000000000003,1
2024-03-11 12:00:00,BIN_006,Malir,Recyclable,24.893,67.206,64.64,29.7,75.0,0,0,0,12,0,3,63.61,1.0300000000000011,1
2024-03-11 16:00:00,BIN_006,Malir,Recyclable,24.893,67.206,66.26,36.7,66.0,0,0,0,16,0,3,64.64,1.6200000000000045,1
2024-03-11 20:00:00,BIN_006,Malir,Recyclable,24.893,67.206,67.94,35.6,58.2,0,0,0,20,0,3,66.26,1.6799999999999926,1
2024-03-12 00:00:00,BIN_006,Malir,Recyclable,24.893,67.206,71.15,41.5,64.1,0,0,0,0,1,3,67.94,3.210000000000008,1
2024-03-12 04:00:00,BIN_006,Malir,Recyclable,24.893,67.206,74.0,28.3,74.1,0,0,0,4,1,3,71.15,2.8499999999999943,1
2024-03-12 08:00:00,BIN_006,Malir,Recyclable,24.893,67.206,76.88,30.7,64.2,0,1,0,8,1,3,74.0,2.8799999999999955,1
2024-03-12 12:00:00,BIN_006,Malir,Recyclable,24.893,67.206,79.35,35.2,66.6,0,1,0,12,1,3,76.88,2.469999999999999,1
2024-03-12 16:00:00,BIN_006,Malir,Recyclable,24.893,67.206,80.68,39.2,75.3,0,1,0,16,1,3,79.35,1.3300000000000125,1
2024-03-12 20:00:00,BIN_006,Malir,Recyclable,24.893,67.206,83.84,38.8,66.6,0,1,0,20,1,3,80.68,3.1599999999999966,1
2024-03-13 00:00:00,BIN_006,Malir,Recyclable,24.893,67.206,84.51,35.6,62.5,0,1,0,0,2,3,83.84,0.6700000000000017,1
2024-03-13 04:00:00,BIN_006,Malir,Recyclable,24.893,67.206,87.14,34.7,66.1,0,1,1,4,2,3,84.51,2.6299999999999955,1
2024-03-13 08:00:00,BIN_006,Malir,Recyclable,24.893,67.206,5.12,28.2,75.6,0,0,0,8,2,3,87.14,-82.02,1
2024-03-13 12:00:00,BIN_006,Malir,Recyclable,24.893,67.206,6.35,35.0,85.6,0,0,0,12,2,3,5.12,1.2299999999999995,1
2024-03-13 16:00:00,BIN_006,Malir,Recyclable,24.893,67.206,8.19,37.5,78.4,0,0,0,16,2,3,6.35,1.8399999999999999,1
2024-03-13 20:00:00,BIN_006,Malir,Recyclable,24.893,67.206,8.79,41.2,83.8,0,0,0,20,2,3,8.19,0.5999999999999996,1
2024-03-14 00:00:00,BIN_006,Malir,Recyclable,24.893,67.206,10.19,33.6,65.9,0,0,0,0,3,3,8.79,1.4000000000000004,1
2024-03-14 04:00:00,BIN_006,Malir,Recyclable,24.893,67.206,10.78,34.3,68.4,0,0,0,4,3,3,10.19,0.5899999999999999,1
2024-03-14 08:00:00,BIN_006,Malir,Recyclable,24.893,67.206,12.77,29.2,87.3,0,0,0,8,3,3,10.78,1.9900000000000002,1
2024-03-14 12:00:00,BIN_006,Malir,Recyclable,24.893,67.206,14.15,34.7,76.8,0,0,0,12,3,3,12.77,1.3800000000000008,1
2024-03-14 16:00:00,BIN_006,Malir,Recyclable,24.893,67.206,14.94,34.0,69.3,0,0,0,16,3,3,14.15,0.7899999999999991,1
2024-03-14 20:00:00,BIN_006,Malir,Recyclable,24.893,67.206,17.99,33.2,87.4,0,0,0,20,3,3,14.94,3.049999999999999,1
2024-03-15 00:00:00,BIN_006,Malir,Recyclable,24.893,67.206,19.19,29.4,76.7,0,0,0,0,4,3,17.99,1.2000000000000028,1
2024-03-15 04:00:00,BIN_006,Malir,Recyclable,24.893,67.206,19.25,30.0,73.3,0,0,0,4,4,3,19.19,0.05999999999999872,1
2024-03-15 08:00:00,BIN_006,Malir,Recyclable,24.893,67.206,20.43,41.7,85.6,0,0,0,8,4,3,19.25,1.1799999999999997,1
2024-03-15 12:00:00,BIN_006,Malir,Recyclable,24.893,67.206,24.93,33.0,56.6,0,0,0,12,4,3,20.43,4.5,1
2024-03-15 16:00:00,BIN_006,Malir,Recyclable,24.893,67.206,26.08,42.0,64.1,0,0,0,16,4,3,24.93,1.1499999999999986,1
2024-03-15 20:00:00,BIN_006,Malir,Recyclable,24.893,67.206,27.8,38.1,86.8,0,0,0,20,4,3,26.08,1.7200000000000024,1
2024-03-16 00:00:00,BIN_006,Malir,Recyclable,24.893,67.206,30.12,32.3,89.2,1,0,0,0,5,3,27.8,2.3200000000000003,1
2024-03-16 04:00:00,BIN_006,Malir,Recyclable,24.893,67.206,31.74,31.9,88.4,1,0,0,4,5,3,30.12,1.6199999999999974,1
2024-03-16 08:00:00,BIN_006,Malir,Recyclable,24.893,67.206,33.79,35.4,71.7,1,0,0,8,5,3,31.74,2.0500000000000007,1
2024-03-16 12:00:00,BIN_006,Malir,Recyclable,24.893,67.206,35.37,31.1,79.7,1,0,0,12,5,3,33.79,1.5799999999999983,1
2024-03-16 16:00:00,BIN_006,Malir,Recyclable,24.893,67.206,37.61,31.5,88.4,1,0,0,16,5,3,35.37,2.240000000000002,1
2024-03-16 20:00:00,BIN_006,Malir,Recyclable,24.893,67.206,37.49,28.4,62.0,1,0,0,20,5,3,37.61,-0.11999999999999744,1
2024-03-17 00:00:00,BIN_006,Malir,Recyclable,24.893,67.206,38.64,31.3,72.2,1,0,0,0,6,3,37.49,1.1499999999999986,1
2024-03-17 04:00:00,BIN_006,Malir,Recyclable,24.893,67.206,38.31,40.2,79.9,1,0,0,4,6,3,38.64,-0.3299999999999983,1
2024-03-17 08:00:00,BIN_006,Malir,Recyclable,24.893,67.206,38.97,37.7,60.8,1,0,0,8,6,3,38.31,0.6599999999999966,1
2024-03-17 12:00:00,BIN_006,Malir,Recyclable,24.893,67.206,41.11,39.0,63.8,1,0,0,12,6,3,38.97,2.1400000000000006,1
2024-03-17 16:00:00,BIN_006,Malir,Recyclable,24.893,67.206,40.29,40.0,59.4,1,0,0,16,6,3,41.11,-0.8200000000000003,1
2024-03-17 20:00:00,BIN_006,Malir,Recyclable,24.893,67.206,40.68,35.9,60.0,1,0,0,20,6,3,40.29,0.39000000000000057,1
2024-03-18 00:00:00,BIN_006,Malir,Recyclable,24.893,67.206,42.97,34.1,72.1,0,0,0,0,0,3,40.68,2.289999999999999,1
2024-03-18 04:00:00,BIN_006,Malir,Recyclable,24.893,67.206,44.85,41.0,73.2,0,0,0,4,0,3,42.97,1.8800000000000026,1
2024-03-18 08:00:00,BIN_006,Malir,Recyclable,24.893,67.206,50.33,37.6,58.7,0,0,0,8,0,3,44.85,5.479999999999997,1
2024-03-18 12:00:00,BIN_006,Malir,Recyclable,24.893,67.206,51.15,39.5,70.2,0,0,0,12,0,3,50.33,0.8200000000000003,1
2024-03-18 16:00:00,BIN_006,Malir,Recyclable,24.893,67.206,51.4,36.9,85.8,0,0,0,16,0,3,51.15,0.25,1
2024-03-18 20:00:00,BIN_006,Malir,Recyclable,24.893,67.206,52.48,40.4,88.5,0,0,0,20,0,3,51.4,1.0799999999999983,1
2024-03-19 00:00:00,BIN_006,Malir,Recyclable,24.893,67.206,55.68,33.1,76.1,0,0,0,0,1,3,52.48,3.200000000000003,1
2024-03-19 04:00:00,BIN_006,Malir,Recyclable,24.893,67.206,56.49,36.5,67.8,0,0,0,4,1,3,55.68,0.8100000000000023,1
2024-03-19 08:00:00,BIN_006,Malir,Recyclable,24.893,67.206,57.96,34.5,89.9,0,0,0,8,1,3,56.49,1.4699999999999989,1
2024-03-19 12:00:00,BIN_006,Malir,Recyclable,24.893,67.206,60.8,34.9,61.2,0,0,0,12,1,3,57.96,2.8399999999999963,1
2024-03-19 16:00:00,BIN_006,Malir,Recyclable,24.893,67.206,64.3,38.9,82.6,0,0,0,16,1,3,60.8,3.5,1
2024-03-19 20:00:00,BIN_006,Malir,Recyclable,24.893,67.206,65.84,37.9,63.9,0,0,0,20,1,3,64.3,1.5400000000000063,1
2024-03-20 00:00:00,BIN_006,Malir,Recyclable,24.893,67.206,66.83,41.7,85.4,0,0,0,0,2,3,65.84,0.9899999999999949,1
2024-03-20 04:00:00,BIN_006,Malir,Recyclable,24.893,67.206,67.9,40.5,86.0,0,0,0,4,2,3,66.83,1.0700000000000074,1
2024-03-20 08:00:00,BIN_006,Malir,Recyclable,24.893,67.206,72.51,35.6,56.8,0,0,0,8,2,3,67.9,4.609999999999999,1
2024-03-20 12:00:00,BIN_006,Malir,Recyclable,24.893,67.206,74.86,38.4,72.7,0,0,0,12,2,3,72.51,2.3499999999999943,1
2024-03-20 16:00:00,BIN_006,Malir,Recyclable,24.893,67.206,76.38,34.9,61.0,0,1,0,16,2,3,74.86,1.519999999999996,1
2024-03-20 20:00:00,BIN_006,Malir,Recyclable,24.893,67.206,81.15,31.9,60.6,0,1,0,20,2,3,76.38,4.77000000000001,1
2024-03-21 00:00:00,BIN_006,Malir,Recyclable,24.893,67.206,81.9,36.3,76.4,0,1,0,0,3,3,81.15,0.75,1
2024-03-21 04:00:00,BIN_006,Malir,Recyclable,24.893,67.206,82.29,30.2,82.8,0,1,0,4,3,3,81.9,0.39000000000000057,1
2024-03-21 08:00:00,BIN_006,Malir,Recyclable,24.893,67.206,82.73,32.0,87.8,0,1,0,8,3,3,82.29,0.4399999999999977,1
2024-03-21 12:00:00,BIN_006,Malir,Recyclable,24.893,67.206,85.3,39.6,79.4,0,1,1,12,3,3,82.73,2.569999999999993,1
2024-03-21 16:00:00,BIN_006,Malir,Recyclable,24.893,67.206,4.51,30.6,70.7,0,0,0,16,3,3,85.3,-80.78999999999999,1
2024-03-21 20:00:00,BIN_006,Malir,Recyclable,24.893,67.206,2.9,36.4,66.5,0,0,0,20,3,3,4.51,-1.6099999999999999,1
2024-03-22 00:00:00,BIN_006,Malir,Recyclable,24.893,67.206,5.17,32.5,84.4,0,0,0,0,4,3,2.9,2.27,1
2024-03-22 04:00:00,BIN_006,Malir,Recyclable,24.893,67.206,7.31,29.5,84.3,0,0,0,4,4,3,5.17,2.1399999999999997,1
2024-03-22 08:00:00,BIN_006,Malir,Recyclable,24.893,67.206,8.12,40.7,67.7,0,0,0,8,4,3,7.31,0.8099999999999996,1
2024-03-22 12:00:00,BIN_006,Malir,Recyclable,24.893,67.206,12.85,32.0,72.5,0,0,0,12,4,3,8.12,4.73,1
2024-03-22 16:00:00,BIN_006,Malir,Recyclable,24.893,67.206,11.25,37.7,81.6,0,0,0,16,4,3,12.85,-1.5999999999999996,1
2024-03-22 20:00:00,BIN_006,Malir,Recyclable,24.893,67.206,11.84,39.9,89.0,0,0,0,20,4,3,11.25,0.5899999999999999,1
2024-03-23 00:00:00,BIN_006,Malir,Recyclable,24.893,67.206,15.1,33.5,78.7,1,0,0,0,5,3,11.84,3.26,1
2024-03-23 04:00:00,BIN_006,Malir,Recyclable,24.893,67.206,15.52,34.7,89.8,1,0,0,4,5,3,15.1,0.41999999999999993,1
2024-03-23 08:00:00,BIN_006,Malir,Recyclable,24.893,67.206,17.16,31.5,68.0,1,0,0,8,5,3,15.52,1.6400000000000006,1
2024-03-23 12:00:00,BIN_006,Malir,Recyclable,24.893,67.206,21.06,28.3,73.3,1,0,0,12,5,3,17.16,3.8999999999999986,1
2024-03-23 16:00:00,BIN_006,Malir,Recyclable,24.893,67.206,28.02,41.6,86.9,1,0,0,16,5,3,21.06,6.960000000000001,1
2024-03-23 20:00:00,BIN_006,Malir,Recyclable,24.893,67.206,30.93,30.3,67.9,1,0,0,20,5,3,28.02,2.91,1
2024-03-24 00:00:00,BIN_006,Malir,Recyclable,24.893,67.206,30.01,39.2,73.3,1,0,0,0,6,3,30.93,-0.9199999999999982,1
2024-03-24 04:00:00,BIN_006,Malir,Recyclable,24.893,67.206,30.37,36.0,84.9,1,0,0,4,6,3,30.01,0.35999999999999943,1
2024-03-24 08:00:00,BIN_006,Malir,Recyclable,24.893,67.206,31.78,38.0,70.2,1,0,0,8,6,3,30.37,1.4100000000000001,1
2024-03-24 12:00:00,BIN_006,Malir,Recyclable,24.893,67.206,34.08,32.1,56.8,1,0,0,12,6,3,31.78,2.299999999999997,1
2024-03-24 16:00:00,BIN_006,Malir,Recyclable,24.893,67.206,32.65,31.5,79.3,1,0,0,16,6,3,34.08,-1.4299999999999997,1
2024-03-24 20:00:00,BIN_006,Malir,Recyclable,24.893,67.206,34.26,38.8,63.6,1,0,0,20,6,3,32.65,1.6099999999999994,1
2024-03-25 00:00:00,BIN_006,Malir,Recyclable,24.893,67.206,33.5,31.5,55.3,0,0,0,0,0,3,34.26,-0.759999999999998,1
2024-03-25 04:00:00,BIN_006,Malir,Recyclable,24.893,67.206,36.55,31.3,59.8,0,0,0,4,0,3,33.5,3.049999999999997,1
2024-03-25 08:00:00,BIN_006,Malir,Recyclable,24.893,67.206,36.32,35.4,75.7,0,0,0,8,0,3,36.55,-0.22999999999999687,1
2024-03-25 12:00:00,BIN_006,Malir,Recyclable,24.893,67.206,38.35,32.2,56.2,0,0,0,12,0,3,36.32,2.030000000000001,1
2024-03-25 16:00:00,BIN_006,Malir,Recyclable,24.893,67.206,38.51,39.1,70.1,0,0,0,16,0,3,38.35,0.1599999999999966,1
2024-03-25 20:00:00,BIN_006,Malir,Recyclable,24.893,67.206,41.67,34.3,73.0,0,0,0,20,0,3,38.51,3.1600000000000037,1
2024-03-26 00:00:00,BIN_006,Malir,Recyclable,24.893,67.206,41.62,29.7,74.5,0,0,0,0,1,3,41.67,-0.05000000000000426,1
2024-03-26 04:00:00,BIN_006,Malir,Recyclable,24.893,67.206,44.5,32.6,70.5,0,0,0,4,1,3,41.62,2.8800000000000026,1
2024-03-26 08:00:00,BIN_006,Malir,Recyclable,24.893,67.206,45.83,36.7,74.0,0,0,0,8,1,3,44.5,1.3299999999999983,1
2024-03-26 12:00:00,BIN_006,Malir,Recyclable,24.893,67.206,50.6,38.4,79.7,0,0,0,12,1,3,45.83,4.770000000000003,1
2024-03-26 16:00:00,BIN_006,Malir,Recyclable,24.893,67.206,55.02,40.2,70.1,0,0,0,16,1,3,50.6,4.420000000000002,1
2024-03-26 20:00:00,BIN_006,Malir,Recyclable,24.893,67.206,57.05,33.8,81.7,0,0,0,20,1,3,55.02,2.029999999999994,1
2024-03-27 00:00:00,BIN_006,Malir,Recyclable,24.893,67.206,57.42,40.5,56.1,0,0,0,0,2,3,57.05,0.37000000000000455,1
2024-03-27 04:00:00,BIN_006,Malir,Recyclable,24.893,67.206,59.09,38.5,81.6,0,0,0,4,2,3,57.42,1.6700000000000017,1
2024-03-27 08:00:00,BIN_006,Malir,Recyclable,24.893,67.206,58.41,32.6,58.2,0,0,0,8,2,3,59.09,-0.6800000000000068,1
2024-03-27 12:00:00,BIN_006,Malir,Recyclable,24.893,67.206,62.74,35.9,71.8,0,0,0,12,2,3,58.41,4.330000000000005,1
2024-03-27 16:00:00,BIN_006,Malir,Recyclable,24.893,67.206,64.56,38.3,81.9,0,0,0,16,2,3,62.74,1.8200000000000003,1
2024-03-27 20:00:00,BIN_006,Malir,Recyclable,24.893,67.206,64.74,40.7,69.3,0,0,0,20,2,3,64.56,0.1799999999999926,1
2024-03-28 00:00:00,BIN_006,Malir,Recyclable,24.893,67.206,64.96,34.1,69.1,0,0,0,0,3,3,64.74,0.21999999999999886,1
2024-03-28 04:00:00,BIN_006,Malir,Recyclable,24.893,67.206,65.68,36.1,75.4,0,0,0,4,3,3,64.96,0.7200000000000131,1
2024-03-28 08:00:00,BIN_006,Malir,Recyclable,24.893,67.206,67.24,29.5,85.0,0,0,0,8,3,3,65.68,1.559999999999988,1
2024-03-28 12:00:00,BIN_006,Malir,Recyclable,24.893,67.206,71.19,32.3,89.0,0,0,0,12,3,3,67.24,3.950000000000003,1
2024-03-28 16:00:00,BIN_006,Malir,Recyclable,24.893,67.206,72.41,28.7,79.7,0,0,0,16,3,3,71.19,1.2199999999999989,1
2024-03-28 20:00:00,BIN_006,Malir,Recyclable,24.893,67.206,73.51,39.9,70.2,0,0,0,20,3,3,72.41,1.1000000000000085,1
2024-03-29 00:00:00,BIN_006,Malir,Recyclable,24.893,67.206,75.19,36.8,84.6,0,1,0,0,4,3,73.51,1.6799999999999926,1
2024-03-29 04:00:00,BIN_006,Malir,Recyclable,24.893,67.206,77.72,32.2,67.4,0,1,0,4,4,3,75.19,2.530000000000001,1
2024-03-29 08:00:00,BIN_006,Malir,Recyclable,24.893,67.206,79.4,33.7,89.7,0,1,0,8,4,3,77.72,1.6800000000000068,1
2024-03-29 12:00:00,BIN_006,Malir,Recyclable,24.893,67.206,80.6,34.6,74.4,0,1,0,12,4,3,79.4,1.1999999999999886,1
2024-03-29 16:00:00,BIN_006,Malir,Recyclable,24.893,67.206,79.08,29.1,86.3,0,1,0,16,4,3,80.6,-1.519999999999996,1
2024-03-29 20:00:00,BIN_006,Malir,Recyclable,24.893,67.206,81.03,39.2,59.9,0,1,0,20,4,3,79.08,1.9500000000000028,1
2024-03-30 00:00:00,BIN_006,Malir,Recyclable,24.893,67.206,83.81,33.7,63.9,1,1,0,0,5,3,81.03,2.780000000000001,1
2024-03-30 04:00:00,BIN_006,Malir,Recyclable,24.893,67.206,87.63,40.0,79.5,1,1,1,4,5,3,83.81,3.819999999999993,1
2024-03-30 08:00:00,BIN_006,Malir,Recyclable,24.893,67.206,6.19,34.6,61.8,1,0,0,8,5,3,87.63,-81.44,1
2024-03-30 12:00:00,BIN_006,Malir,Recyclable,24.893,67.206,8.41,30.9,78.1,1,0,0,12,5,3,6.19,2.2199999999999998,1
2024-03-30 16:00:00,BIN_006,Malir,Recyclable,24.893,67.206,10.02,30.9,77.7,1,0,0,16,5,3,8.41,1.6099999999999994,1
2024-03-30 20:00:00,BIN_006,Malir,Recyclable,24.893,67.206,13.12,40.2,81.2,1,0,0,20,5,3,10.02,3.0999999999999996,1
2024-01-01 04:00:00,BIN_007,Lyari,Organic,24.8558,66.9922,23.63,33.5,72.9,0,0,0,4,0,1,21.55,2.0799999999999983,2
2024-01-01 08:00:00,BIN_007,Lyari,Organic,24.8558,66.9922,25.09,33.0,65.2,0,0,0,8,0,1,23.63,1.4600000000000009,2
2024-01-01 12:00:00,BIN_007,Lyari,Organic,24.8558,66.9922,26.51,36.6,86.6,0,0,0,12,0,1,25.09,1.4200000000000017,2
2024-01-01 16:00:00,BIN_007,Lyari,Organic,24.8558,66.9922,28.4,39.7,73.4,0,0,0,16,0,1,26.51,1.889999999999997,2
2024-01-01 20:00:00,BIN_007,Lyari,Organic,24.8558,66.9922,30.59,30.9,73.4,0,0,0,20,0,1,28.4,2.1900000000000013,2
2024-01-02 00:00:00,BIN_007,Lyari,Organic,24.8558,66.9922,34.77,31.1,67.9,0,0,0,0,1,1,30.59,4.180000000000003,2
2024-01-02 04:00:00,BIN_007,Lyari,Organic,24.8558,66.9922,37.05,33.1,88.6,0,0,0,4,1,1,34.77,2.279999999999994,2
2024-01-02 08:00:00,BIN_007,Lyari,Organic,24.8558,66.9922,41.15,38.5,64.3,0,0,0,8,1,1,37.05,4.100000000000001,2
2024-01-02 12:00:00,BIN_007,Lyari,Organic,24.8558,66.9922,42.36,36.0,86.3,0,0,0,12,1,1,41.15,1.2100000000000009,2
2024-01-02 16:00:00,BIN_007,Lyari,Organic,24.8558,66.9922,45.11,31.0,57.6,0,0,0,16,1,1,42.36,2.75,2
2024-01-02 20:00:00,BIN_007,Lyari,Organic,24.8558,66.9922,46.78,40.5,84.7,0,0,0,20,1,1,45.11,1.6700000000000017,2
2024-01-03 00:00:00,BIN_007,Lyari,Organic,24.8558,66.9922,48.86,33.4,87.7,0,0,0,0,2,1,46.78,2.0799999999999983,2
2024-01-03 04:00:00,BIN_007,Lyari,Organic,24.8558,66.9922,52.34,34.0,73.9,0,0,0,4,2,1,48.86,3.480000000000004,2
2024-01-03 08:00:00,BIN_007,Lyari,Organic,24.8558,66.9922,57.15,34.6,56.7,0,0,0,8,2,1,52.34,4.809999999999995,2
2024-01-03 12:00:00,BIN_007,Lyari,Organic,24.8558,66.9922,56.33,40.3,70.6,0,0,0,12,2,1,57.15,-0.8200000000000003,2
2024-01-03 16:00:00,BIN_007,Lyari,Organic,24.8558,66.9922,56.47,28.0,63.6,0,0,0,16,2,1,56.33,0.14000000000000057,2
2024-01-03 20:00:00,BIN_007,Lyari,Organic,24.8558,66.9922,58.59,37.9,58.5,0,0,0,20,2,1,56.47,2.1200000000000045,2
2024-01-04 00:00:00,BIN_007,Lyari,Organic,24.8558,66.9922,60.23,30.9,61.4,0,0,0,0,3,1,58.59,1.6399999999999935,2
2024-01-04 04:00:00,BIN_007,Lyari,Organic,24.8558,66.9922,62.1,28.2,82.0,0,0,0,4,3,1,60.23,1.8700000000000045,2
2024-01-04 08:00:00,BIN_007,Lyari,Organic,24.8558,66.9922,64.26,30.6,65.0,0,0,0,8,3,1,62.1,2.1600000000000037,2
2024-01-04 12:00:00,BIN_007,Lyari,Organic,24.8558,66.9922,67.41,34.7,88.4,0,0,0,12,3,1,64.26,3.1499999999999915,2
2024-01-04 16:00:00,BIN_007,Lyari,Organic,24.8558,66.9922,70.39,34.2,65.4,0,0,0,16,3,1,67.41,2.980000000000004,2
2024-01-04 20:00:00,BIN_007,Lyari,Organic,24.8558,66.9922,70.76,34.4,57.5,0,0,0,20,3,1,70.39,0.37000000000000455,2
2024-01-05 00:00:00,BIN_007,Lyari,Organic,24.8558,66.9922,71.54,38.2,57.4,0,0,0,0,4,1,70.76,0.7800000000000011,2
2024-01-05 04:00:00,BIN_007,Lyari,Organic,24.8558,66.9922,74.38,41.4,61.8,0,0,0,4,4,1,71.54,2.839999999999989,2
2024-01-05 08:00:00,BIN_007,Lyari,Organic,24.8558,66.9922,76.35,41.6,71.7,0,1,0,8,4,1,74.38,1.9699999999999989,2
2024-01-05 12:00:00,BIN_007,Lyari,Organic,24.8558,66.9922,78.38,38.2,68.0,0,1,0,12,4,1,76.35,2.030000000000001,2
2024-01-05 16:00:00,BIN_007,Lyari,Organic,24.8558,66.9922,79.75,30.3,89.4,0,1,0,16,4,1,78.38,1.3700000000000045,2
2024-01-05 20:00:00,BIN_007,Lyari,Organic,24.8558,66.9922,79.52,29.3,75.6,0,1,0,20,4,1,79.75,-0.23000000000000398,2
2024-01-06 00:00:00,BIN_007,Lyari,Organic,24.8558,66.9922,82.77,37.3,59.1,1,1,0,0,5,1,79.52,3.25,2
2024-01-06 04:00:00,BIN_007,Lyari,Organic,24.8558,66.9922,88.33,35.8,65.1,1,1,1,4,5,1,82.77,5.560000000000002,2
2024-01-06 08:00:00,BIN_007,Lyari,Organic,24.8558,66.9922,12.82,31.2,72.8,1,0,0,8,5,1,88.33,-75.50999999999999,2
2024-01-06 12:00:00,BIN_007,Lyari,Organic,24.8558,66.9922,13.39,40.4,79.3,1,0,0,12,5,1,12.82,0.5700000000000003,2
2024-01-06 16:00:00,BIN_007,Lyari,Organic,24.8558,66.9922,13.21,34.4,61.2,1,0,0,16,5,1,13.39,-0.17999999999999972,2
2024-01-06 20:00:00,BIN_007,Lyari,Organic,24.8558,66.9922,13.45,36.9,67.7,1,0,0,20,5,1,13.21,0.23999999999999844,2
2024-01-07 00:00:00,BIN_007,Lyari,Organic,24.8558,66.9922,16.36,36.5,67.7,1,0,0,0,6,1,13.45,2.91,2
2024-01-07 04:00:00,BIN_007,Lyari,Organic,24.8558,66.9922,19.51,30.9,82.2,1,0,0,4,6,1,16.36,3.150000000000002,2
2024-01-07 08:00:00,BIN_007,Lyari,Organic,24.8558,66.9922,19.45,30.7,60.8,1,0,0,8,6,1,19.51,-0.060000000000002274,2
2024-01-07 12:00:00,BIN_007,Lyari,Organic,24.8558,66.9922,21.58,38.9,63.0,1,0,0,12,6,1,19.45,2.129999999999999,2
2024-01-07 16:00:00,BIN_007,Lyari,Organic,24.8558,66.9922,19.93,36.1,85.7,1,0,0,16,6,1,21.58,-1.6499999999999986,2
2024-01-07 20:00:00,BIN_007,Lyari,Organic,24.8558,66.9922,24.33,40.1,70.8,1,0,0,20,6,1,19.93,4.399999999999999,2
2024-01-08 00:00:00,BIN_007,Lyari,Organic,24.8558,66.9922,26.0,36.5,74.5,0,0,0,0,0,1,24.33,1.6700000000000017,2
2024-01-08 04:00:00,BIN_007,Lyari,Organic,24.8558,66.9922,27.31,37.1,60.4,0,0,0,4,0,1,26.0,1.3099999999999987,2
2024-01-08 08:00:00,BIN_007,Lyari,Organic,24.8558,66.9922,27.42,38.5,66.9,0,0,0,8,0,1,27.31,0.11000000000000298,2
2024-01-08 12:00:00,BIN_007,Lyari,Organic,24.8558,66.9922,29.9,37.9,56.7,0,0,0,12,0,1,27.42,2.479999999999997,2
2024-01-08 16:00:00,BIN_007,Lyari,Organic,24.8558,66.9922,34.08,31.2,82.8,0,0,0,16,0,1,29.9,4.18,2
2024-01-08 20:00:00,BIN_007,Lyari,Organic,24.8558,66.9922,34.71,36.8,75.6,0,0,0,20,0,1,34.08,0.6300000000000026,2
2024-01-09 00:00:00,BIN_007,Lyari,Organic,24.8558,66.9922,36.05,36.4,71.5,0,0,0,0,1,1,34.71,1.3399999999999963,2
2024-01-09 04:00:00,BIN_007,Lyari,Organic,24.8558,66.9922,34.49,37.8,70.2,0,0,0,4,1,1,36.05,-1.5599999999999952,2
2024-01-09 08:00:00,BIN_007,Lyari,Organic,24.8558,66.9922,35.31,28.1,65.5,0,0,0,8,1,1,34.49,0.8200000000000003,2
2024-01-09 12:00:00,BIN_007,Lyari,Organic,24.8558,66.9922,36.1,38.5,82.8,0,0,0,12,1,1,35.31,0.7899999999999991,2
2024-01-09 16:00:00,BIN_007,Lyari,Organic,24.8558,66.9922,39.11,37.9,80.3,0,0,0,16,1,1,36.1,3.009999999999998,2
2024-01-09 20:00:00,BIN_007,Lyari,Organic,24.8558,66.9922,40.85,29.2,62.7,0,0,0,20,1,1,39.11,1.740000000000002,2
2024-01-10 00:00:00,BIN_007,Lyari,Organic,24.8558,66.9922,44.3,32.7,83.7,0,0,0,0,2,1,40.85,3.4499999999999957,2
2024-01-10 04:00:00,BIN_007,Lyari,Organic,24.8558,66.9922,45.1,29.8,61.1,0,0,0,4,2,1,44.3,0.8000000000000043,2
2024-01-10 08:00:00,BIN_007,Lyari,Organic,24.8558,66.9922,45.33,32.9,81.7,0,0,0,8,2,1,45.1,0.22999999999999687,2
2024-01-10 12:00:00,BIN_007,Lyari,Organic,24.8558,66.9922,44.46,29.4,67.3,0,0,0,12,2,1,45.33,-0.8699999999999974,2
2024-01-10 16:00:00,BIN_007,Lyari,Organic,24.8558,66.9922,45.81,33.2,82.2,0,0,0,16,2,1,44.46,1.3500000000000014,2
2024-01-10 20:00:00,BIN_007,Lyari,Organic,24.8558,66.9922,46.78,36.3,77.6,0,0,0,20,2,1,45.81,0.9699999999999989,2
2024-01-11 00:00:00,BIN_007,Lyari,Organic,24.8558,66.9922,47.8,39.7,79.7,0,0,0,0,3,1,46.78,1.019999999999996,2
2024-01-11 04:00:00,BIN_007,Lyari,Organic,24.8558,66.9922,50.02,36.1,86.1,0,0,0,4,3,1,47.8,2.220000000000006,2
2024-01-11 08:00:00,BIN_007,Lyari,Organic,24.8558,66.9922,50.32,34.0,72.3,0,0,0,8,3,1,50.02,0.29999999999999716,2
2024-01-11 12:00:00,BIN_007,Lyari,Organic,24.8558,66.9922,53.01,28.8,88.4,0,0,0,12,3,1,50.32,2.6899999999999977,2
2024-01-11 16:00:00,BIN_007,Lyari,Organic,24.8558,66.9922,55.33,35.1,55.9,0,0,0,16,3,1,53.01,2.3200000000000003,2
2024-01-11 20:00:00,BIN_007,Lyari,Organic,24.8558,66.9922,55.96,40.9,84.8,0,0,0,20,3,1,55.33,0.6300000000000026,2
2024-01-12 00:00:00,BIN_007,Lyari,Organic,24.8558,66.9922,55.36,29.7,67.7,0,0,0,0,4,1,55.96,-0.6000000000000014,2
2024-01-12 04:00:00,BIN_007,Lyari,Organic,24.8558,66.9922,57.3,31.6,72.7,0,0,0,4,4,1,55.36,1.9399999999999977,2
2024-01-12 08:00:00,BIN_007,Lyari,Organic,24.8558,66.9922,59.14,40.5,77.8,0,0,0,8,4,1,57.3,1.8400000000000034,2
2024-01-12 12:00:00,BIN_007,Lyari,Organic,24.8558,66.9922,61.58,34.7,84.9,0,0,0,12,4,1,59.14,2.4399999999999977,2
2024-01-12 16:00:00,BIN_007,Lyari,Organic,24.8558,66.9922,64.96,32.1,59.5,0,0,0,16,4,1,61.58,3.3799999999999955,2
2024-01-12 20:00:00,BIN_007,Lyari,Organic,24.8558,66.9922,66.56,40.0,75.6,0,0,0,20,4,1,64.96,1.6000000000000085,2
2024-01-13 00:00:00,BIN_007,Lyari,Organic,24.8558,66.9922,68.82,33.2,76.9,1,0,0,0,5,1,66.56,2.259999999999991,2
2024-01-13 04:00:00,BIN_007,Lyari,Organic,24.8558,66.9922,70.06,39.1,64.8,1,0,0,4,5,1,68.82,1.240000000000009,2
2024-01-13 08:00:00,BIN_007,Lyari,Organic,24.8558,66.9922,74.96,29.9,83.5,1,0,0,8,5,1,70.06,4.8999999999999915,2
2024-01-13 12:00:00,BIN_007,Lyari,Organic,24.8558,66.9922,77.93,36.5,88.2,1,1,0,12,5,1,74.96,2.970000000000013,2
2024-01-13 16:00:00,BIN_007,Lyari,Organic,24.8558,66.9922,79.05,35.1,58.0,1,1,0,16,5,1,77.93,1.1199999999999903,2
2024-01-13 20:00:00,BIN_007,Lyari,Organic,24.8558,66.9922,80.84,41.6,56.4,1,1,0,20,5,1,79.05,1.7900000000000063,2
2024-01-14 00:00:00,BIN_007,Lyari,Organic,24.8558,66.9922,83.33,33.2,57.3,1,1,0,0,6,1,80.84,2.489999999999995,2
2024-01-14 04:00:00,BIN_007,Lyari,Organic,24.8558,66.9922,88.04,36.7,75.5,1,1,1,4,6,1,83.33,4.710000000000008,2
2024-01-14 08:00:00,BIN_007,Lyari,Organic,24.8558,66.9922,4.66,34.3,74.0,1,0,0,8,6,1,88.04,-83.38000000000001,2
2024-01-14 12:00:00,BIN_007,Lyari,Organic,24.8558,66.9922,7.75,29.4,87.6,1,0,0,12,6,1,4.66,3.09,2
2024-01-14 16:00:00,BIN_007,Lyari,Organic,24.8558,66.9922,8.95,33.4,76.0,1,0,0,16,6,1,7.75,1.1999999999999993,2
2024-01-14 20:00:00,BIN_007,Lyari,Organic,24.8558,66.9922,10.89,35.2,79.3,1,0,0,20,6,1,8.95,1.9400000000000013,2
2024-01-15 00:00:00,BIN_007,Lyari,Organic,24.8558,66.9922,12.48,39.5,57.8,0,0,0,0,0,1,10.89,1.5899999999999999,2
2024-01-15 04:00:00,BIN_007,Lyari,Organic,24.8558,66.9922,13.91,40.0,58.2,0,0,0,4,0,1,12.48,1.4299999999999997,2
2024-01-15 08:00:00,BIN_007,Lyari,Organic,24.8558,66.9922,14.99,36.6,60.4,0,0,0,8,0,1,13.91,1.08,2
2024-01-15 12:00:00,BIN_007,Lyari,Organic,24.8558,66.9922,18.29,28.9,62.6,0,0,0,12,0,1,14.99,3.299999999999999,2
2024-01-15 16:00:00,BIN_007,Lyari,Organic,24.8558,66.9922,19.45,35.2,75.6,0,0,0,16,0,1,18.29,1.1600000000000001,2
2024-01-15 20:00:00,BIN_007,Lyari,Organic,24.8558,66.9922,20.04,39.1,78.0,0,0,0,20,0,1,19.45,0.5899999999999999,2
2024-01-16 00:00:00,BIN_007,Lyari,Organic,24.8558,66.9922,19.64,34.6,69.5,0,0,0,0,1,1,20.04,-0.3999999999999986,2
2024-01-16 04:00:00,BIN_007,Lyari,Organic,24.8558,66.9922,24.0,39.8,63.1,0,0,0,4,1,1,19.64,4.359999999999999,2
2024-01-16 08:00:00,BIN_007,Lyari,Organic,24.8558,66.9922,26.06,40.0,57.7,0,0,0,8,1,1,24.0,2.0599999999999987,2
2024-01-16 12:00:00,BIN_007,Lyari,Organic,24.8558,66.9922,27.54,29.5,72.3,0,0,0,12,1,1,26.06,1.4800000000000004,2
2024-01-16 16:00:00,BIN_007,Lyari,Organic,24.8558,66.9922,27.03,38.0,75.8,0,0,0,16,1,1,27.54,-0.509999999999998,2
2024-01-16 20:00:00,BIN_007,Lyari,Organic,24.8558,66.9922,29.85,32.5,55.9,0,0,0,20,1,1,27.03,2.8200000000000003,2
2024-01-17 00:00:00,BIN_007,Lyari,Organic,24.8558,66.9922,30.39,39.7,69.7,0,0,0,0,2,1,29.85,0.5399999999999991,2
2024-01-17 04:00:00,BIN_007,Lyari,Organic,24.8558,66.9922,33.17,36.1,85.6,0,0,0,4,2,1,30.39,2.780000000000001,2
2024-01-17 08:00:00,BIN_007,Lyari,Organic,24.8558,66.9922,34.39,30.9,82.1,0,0,0,8,2,1,33.17,1.2199999999999989,2
2024-01-17 12:00:00,BIN_007,Lyari,Organic,24.8558,66.9922,37.56,34.1,61.7,0,0,0,12,2,1,34.39,3.1700000000000017,2
2024-01-17 16:00:00,BIN_007,Lyari,Organic,24.8558,66.9922,41.57,32.4,66.2,0,0,0,16,2,1,37.56,4.009999999999998,2
2024-01-17 20:00:00,BIN_007,Lyari,Organic,24.8558,66.9922,45.02,32.8,78.8,0,0,0,20,2,1,41.57,3.450000000000003,2
2024-01-18 00:00:00,BIN_007,Lyari,Organic,24.8558,66.9922,47.51,31.1,57.8,0,0,0,0,3,1,45.02,2.489999999999995,2
2024-01-18 04:00:00,BIN_007,Lyari,Organic,24.8558,66.9922,48.32,40.2,85.1,0,0,0,4,3,1,47.51,0.8100000000000023,2
2024-01-18 08:00:00,BIN_007,Lyari,Organic,24.8558,66.9922,52.48,35.8,84.9,0,0,0,8,3,1,48.32,4.159999999999997,2
2024-01-18 12:00:00,BIN_007,Lyari,Organic,24.8558,66.9922,53.06,32.4,73.3,0,0,0,12,3,1,52.48,0.5800000000000054,2
2024-01-18 16:00:00,BIN_007,Lyari,Organic,24.8558,66.9922,51.48,40.5,60.8,0,0,0,16,3,1,53.06,-1.5800000000000054,2
2024-01-18 20:00:00,BIN_007,Lyari,Organic,24.8558,66.9922,52.89,30.1,75.2,0,0,0,20,3,1,51.48,1.4100000000000037,2
2024-01-19 00:00:00,BIN_007,Lyari,Organic,24.8558,66.9922,52.98,33.5,88.1,0,0,0,0,4,1,52.89,0.0899999999999963,2
2024-01-19 04:00:00,BIN_007,Lyari,Organic,24.8558,66.9922,55.56,31.5,78.4,0,0,0,4,4,1,52.98,2.5800000000000054,2
2024-01-19 08:00:00,BIN_007,Lyari,Organic,24.8558,66.9922,56.76,41.1,80.8,0,0,0,8,4,1,55.56,1.1999999999999957,2
2024-01-19 12:00:00,BIN_007,Lyari,Organic,24.8558,66.9922,60.96,34.4,74.9,0,0,0,12,4,1,56.76,4.200000000000003,2
2024-01-19 16:00:00,BIN_007,Lyari,Organic,24.8558,66.9922,63.89,40.3,67.5,0,0,0,16,4,1,60.96,2.9299999999999997,2
2024-01-19 20:00:00,BIN_007,Lyari,Organic,24.8558,66.9922,68.11,32.2,62.5,0,0,0,20,4,1,63.89,4.219999999999999,2
2024-01-20 00:00:00,BIN_007,Lyari,Organic,24.8558,66.9922,70.94,37.2,76.5,1,0,0,0,5,1,68.11,2.8299999999999983,2
2024-01-20 04:00:00,BIN_007,Lyari,Organic,24.8558,66.9922,74.39,39.9,71.8,1,0,0,4,5,1,70.94,3.450000000000003,2
2024-01-20 08:00:00,BIN_007,Lyari,Organic,24.8558,66.9922,76.13,41.0,79.5,1,1,0,8,5,1,74.39,1.7399999999999949,2
2024-01-20 12:00:00,BIN_007,Lyari,Organic,24.8558,66.9922,79.74,31.6,74.7,1,1,0,12,5,1,76.13,3.6099999999999994,2
2024-01-20 16:00:00,BIN_007,Lyari,Organic,24.8558,66.9922,80.3,36.3,66.0,1,1,0,16,5,1,79.74,0.5600000000000023,2
2024-01-20 20:00:00,BIN_007,Lyari,Organic,24.8558,66.9922,82.71,28.7,88.2,1,1,0,20,5,1,80.3,2.4099999999999966,2
2024-01-21 00:00:00,BIN_007,Lyari,Organic,24.8558,66.9922,86.27,37.5,67.5,1,1,1,0,6,1,82.71,3.5600000000000023,2
2024-01-21 04:00:00,BIN_007,Lyari,Organic,24.8558,66.9922,7.87,37.5,88.6,1,0,0,4,6,1,86.27,-78.39999999999999,2
2024-01-21 08:00:00,BIN_007,Lyari,Organic,24.8558,66.9922,10.95,40.9,78.5,1,0,0,8,6,1,7.87,3.079999999999999,2
2024-01-21 12:00:00,BIN_007,Lyari,Organic,24.8558,66.9922,12.66,41.0,68.9,1,0,0,12,6,1,10.95,1.7100000000000009,2
2024-01-21 16:00:00,BIN_007,Lyari,Organic,24.8558,66.9922,15.01,28.6,86.7,1,0,0,16,6,1,12.66,2.3499999999999996,2
2024-01-21 20:00:00,BIN_007,Lyari,Organic,24.8558,66.9922,17.5,34.8,71.1,1,0,0,20,6,1,15.01,2.49,2
2024-01-22 00:00:00,BIN_007,Lyari,Organic,24.8558,66.9922,17.52,34.6,84.1,0,0,0,0,0,1,17.5,0.019999999999999574,2
2024-01-22 04:00:00,BIN_007,Lyari,Organic,24.8558,66.9922,19.58,28.2,64.6,0,0,0,4,0,1,17.52,2.0599999999999987,2
2024-01-22 08:00:00,BIN_007,Lyari,Organic,24.8558,66.9922,22.58,41.2,76.3,0,0,0,8,0,1,19.58,3.0,2
2024-01-22 12:00:00,BIN_007,Lyari,Organic,24.8558,66.9922,25.28,31.6,87.3,0,0,0,12,0,1,22.58,2.700000000000003,2
2024-01-22 16:00:00,BIN_007,Lyari,Organic,24.8558,66.9922,27.6,37.7,87.4,0,0,0,16,0,1,25.28,2.3200000000000003,2
2024-01-22 20:00:00,BIN_007,Lyari,Organic,24.8558,66.9922,31.51,38.0,67.9,0,0,0,20,0,1,27.6,3.91,2
2024-01-23 00:00:00,BIN_007,Lyari,Organic,24.8558,66.9922,31.13,30.3,55.8,0,0,0,0,1,1,31.51,-0.38000000000000256,2
2024-01-23 04:00:00,BIN_007,Lyari,Organic,24.8558,66.9922,30.3,29.9,77.9,0,0,0,4,1,1,31.13,-0.8299999999999983,2
2024-01-23 08:00:00,BIN_007,Lyari,Organic,24.8558,66.9922,33.67,41.1,60.8,0,0,0,8,1,1,30.3,3.370000000000001,2
2024-01-23 12:00:00,BIN_007,Lyari,Organic,24.8558,66.9922,32.87,38.0,81.4,0,0,0,12,1,1,33.67,-0.8000000000000043,2
2024-01-23 16:00:00,BIN_007,Lyari,Organic,24.8558,66.9922,34.78,35.5,64.4,0,0,0,16,1,1,32.87,1.9100000000000037,2
2024-01-23 20:00:00,BIN_007,Lyari,Organic,24.8558,66.9922,33.36,40.8,67.9,0,0,0,20,1,1,34.78,-1.4200000000000017,2
2024-01-24 00:00:00,BIN_007,Lyari,Organic,24.8558,66.9922,34.99,35.4,69.3,0,0,0,0,2,1,33.36,1.6300000000000026,2
2024-01-24 04:00:00,BIN_007,Lyari,Organic,24.8558,66.9922,36.49,31.8,59.6,0,0,0,4,2,1,34.99,1.5,2
2024-01-24 08:00:00,BIN_007,Lyari,Organic,24.8558,66.9922,36.62,36.7,80.1,0,0,0,8,2,1,36.49,0.12999999999999545,2
2024-01-24 12:00:00,BIN_007,Lyari,Organic,24.8558,66.9922,36.04,33.5,86.7,0,0,0,12,2,1,36.62,-0.5799999999999983,2
2024-01-24 16:00:00,BIN_007,Lyari,Organic,24.8558,66.9922,35.17,37.1,88.3,0,0,0,16,2,1,36.04,-0.8699999999999974,2
2024-01-24 20:00:00,BIN_007,Lyari,Organic,24.8558,66.9922,40.05,39.1,56.4,0,0,0,20,2,1,35.17,4.8799999999999955,2
2024-01-25 00:00:00,BIN_007,Lyari,Organic,24.8558,66.9922,41.24,32.4,79.5,0,0,0,0,3,1,40.05,1.1900000000000048,2
2024-01-25 04:00:00,BIN_007,Lyari,Organic,24.8558,66.9922,39.91,39.6,80.6,0,0,0,4,3,1,41.24,-1.3300000000000054,2
2024-01-25 08:00:00,BIN_007,Lyari,Organic,24.8558,66.9922,42.14,33.1,80.7,0,0,0,8,3,1,39.91,2.230000000000004,2
2024-01-25 12:00:00,BIN_007,Lyari,Organic,24.8558,66.9922,44.58,29.5,82.6,0,0,0,12,3,1,42.14,2.4399999999999977,2
2024-01-25 16:00:00,BIN_007,Lyari,Organic,24.8558,66.9922,43.55,37.2,77.5,0,0,0,16,3,1,44.58,-1.0300000000000011,2
2024-01-25 20:00:00,BIN_007,Lyari,Organic,24.8558,66.9922,45.71,30.9,56.1,0,0,0,20,3,1,43.55,2.1600000000000037,2
2024-01-26 00:00:00,BIN_007,Lyari,Organic,24.8558,66.9922,50.23,40.3,87.5,0,0,0,0,4,1,45.71,4.519999999999996,2
2024-01-26 04:00:00,BIN_007,Lyari,Organic,24.8558,66.9922,49.3,35.4,81.4,0,0,0,4,4,1,50.23,-0.9299999999999997,2
2024-01-26 08:00:00,BIN_007,Lyari,Organic,24.8558,66.9922,53.44,30.9,68.0,0,0,0,8,4,1,49.3,4.140000000000001,2
2024-01-26 12:00:00,BIN_007,Lyari,Organic,24.8558,66.9922,54.58,36.9,55.6,0,0,0,12,4,1,53.44,1.1400000000000006,2
2024-01-26 16:00:00,BIN_007,Lyari,Organic,24.8558,66.9922,57.47,33.6,70.7,0,0,0,16,4,1,54.58,2.8900000000000006,2
2024-01-26 20:00:00,BIN_007,Lyari,Organic,24.8558,66.9922,59.98,39.9,82.1,0,0,0,20,4,1,57.47,2.509999999999998,2
2024-01-27 00:00:00,BIN_007,Lyari,Organic,24.8558,66.9922,60.75,37.5,74.7,1,0,0,0,5,1,59.98,0.7700000000000031,2
2024-01-27 04:00:00,BIN_007,Lyari,Organic,24.8558,66.9922,61.22,30.3,65.8,1,0,0,4,5,1,60.75,0.46999999999999886,2
2024-01-27 08:00:00,BIN_007,Lyari,Organic,24.8558,66.9922,63.92,41.8,81.8,1,0,0,8,5,1,61.22,2.700000000000003,2
2024-01-27 12:00:00,BIN_007,Lyari,Organic,24.8558,66.9922,67.12,41.2,62.6,1,0,0,12,5,1,63.92,3.200000000000003,2
2024-01-27 16:00:00,BIN_007,Lyari,Organic,24.8558,66.9922,68.83,32.9,85.2,1,0,0,16,5,1,67.12,1.7099999999999937,2
2024-01-27 20:00:00,BIN_007,Lyari,Organic,24.8558,66.9922,74.12,40.0,55.8,1,0,0,20,5,1,68.83,5.290000000000006,2
2024-01-28 00:00:00,BIN_007,Lyari,Organic,24.8558,66.9922,73.98,33.8,84.1,1,0,0,0,6,1,74.12,-0.14000000000000057,2
2024-01-28 04:00:00,BIN_007,Lyari,Organic,24.8558,66.9922,78.21,32.3,88.0,1,1,0,4,6,1,73.98,4.22999999999999,2
2024-01-28 08:00:00,BIN_007,Lyari,Organic,24.8558,66.9922,81.24,37.4,63.8,1,1,0,8,6,1,78.21,3.030000000000001,2
2024-01-28 12:00:00,BIN_007,Lyari,Organic,24.8558,66.9922,81.96,32.5,84.2,1,1,0,12,6,1,81.24,0.7199999999999989,2
2024-01-28 16:00:00,BIN_007,Lyari,Organic,24.8558,66.9922,83.08,35.5,57.2,1,1,0,16,6,1,81.96,1.1200000000000045,2
2024-01-28 20:00:00,BIN_007,Lyari,Organic,24.8558,66.9922,87.06,30.9,72.0,1,1,1,20,6,1,83.08,3.980000000000004,2
2024-01-29 00:00:00,BIN_007,Lyari,Organic,24.8558,66.9922,3.32,41.2,79.3,0,0,0,0,0,1,87.06,-83.74000000000001,2
2024-01-29 04:00:00,BIN_007,Lyari,Organic,24.8558,66.9922,6.21,41.2,74.4,0,0,0,4,0,1,3.32,2.89,2
2024-01-29 08:00:00,BIN_007,Lyari,Organic,24.8558,66.9922,8.41,37.0,56.1,0,0,0,8,0,1,6.21,2.2,2
2024-01-29 12:00:00,BIN_007,Lyari,Organic,24.8558,66.9922,10.24,38.1,86.7,0,0,0,12,0,1,8.41,1.83,2
2024-01-29 16:00:00,BIN_007,Lyari,Organic,24.8558,66.9922,12.54,37.4,89.7,0,0,0,16,0,1,10.24,2.299999999999999,2
2024-01-29 20:00:00,BIN_007,Lyari,Organic,24.8558,66.9922,16.29,29.3,78.4,0,0,0,20,0,1,12.54,3.75,2
2024-01-30 00:00:00,BIN_007,Lyari,Organic,24.8558,66.9922,19.34,36.5,60.4,0,0,0,0,1,1,16.29,3.0500000000000007,2
2024-01-30 04:00:00,BIN_007,Lyari,Organic,24.8558,66.9922,19.03,30.9,76.8,0,0,0,4,1,1,19.34,-0.3099999999999987,2
2024-01-30 08:00:00,BIN_007,Lyari,Organic,24.8558,66.9922,20.18,39.7,66.4,0,0,0,8,1,1,19.03,1.1499999999999986,2
2024-01-30 12:00:00,BIN_007,Lyari,Organic,24.8558,66.9922,21.01,34.8,87.9,0,0,0,12,1,1,20.18,0.8300000000000018,2
2024-01-30 16:00:00,BIN_007,Lyari,Organic,24.8558,66.9922,21.92,36.5,81.4,0,0,0,16,1,1,21.01,0.9100000000000001,2
2024-01-30 20:00:00,BIN_007,Lyari,Organic,24.8558,66.9922,21.63,40.6,87.0,0,0,0,20,1,1,21.92,-0.2900000000000027,2
2024-01-31 00:00:00,BIN_007,Lyari,Organic,24.8558,66.9922,22.3,28.3,68.4,0,0,0,0,2,1,21.63,0.6700000000000017,2
2024-01-31 04:00:00,BIN_007,Lyari,Organic,24.8558,66.9922,25.11,30.0,79.9,0,0,0,4,2,1,22.3,2.8099999999999987,2
2024-01-31 08:00:00,BIN_007,Lyari,Organic,24.8558,66.9922,26.33,39.7,63.7,0,0,0,8,2,1,25.11,1.2199999999999989,2
2024-01-31 12:00:00,BIN_007,Lyari,Organic,24.8558,66.9922,28.24,34.1,78.4,0,0,0,12,2,1,26.33,1.9100000000000001,2
2024-01-31 16:00:00,BIN_007,Lyari,Organic,24.8558,66.9922,27.48,28.9,69.1,0,0,0,16,2,1,28.24,-0.759999999999998,2
2024-01-31 20:00:00,BIN_007,Lyari,Organic,24.8558,66.9922,26.21,38.7,87.0,0,0,0,20,2,1,27.48,-1.2699999999999996,2
2024-02-01 00:00:00,BIN_007,Lyari,Organic,24.8558,66.9922,25.53,37.8,88.0,0,0,0,0,3,2,26.21,-0.6799999999999997,2
2024-02-01 04:00:00,BIN_007,Lyari,Organic,24.8558,66.9922,24.54,31.7,70.4,0,0,0,4,3,2,25.53,-0.990000000000002,2
2024-02-01 08:00:00,BIN_007,Lyari,Organic,24.8558,66.9922,26.98,29.5,77.0,0,0,0,8,3,2,24.54,2.4400000000000013,2
2024-02-01 12:00:00,BIN_007,Lyari,Organic,24.8558,66.9922,30.62,30.6,72.9,0,0,0,12,3,2,26.98,3.6400000000000006,2
2024-02-01 16:00:00,BIN_007,Lyari,Organic,24.8558,66.9922,33.94,34.5,64.8,0,0,0,16,3,2,30.62,3.3199999999999967,2
2024-02-01 20:00:00,BIN_007,Lyari,Organic,24.8558,66.9922,35.8,31.2,85.6,0,0,0,20,3,2,33.94,1.8599999999999994,2
2024-02-02 00:00:00,BIN_007,Lyari,Organic,24.8558,66.9922,37.11,30.6,82.1,0,0,0,0,4,2,35.8,1.3100000000000023,2
2024-02-02 04:00:00,BIN_007,Lyari,Organic,24.8558,66.9922,37.01,34.6,67.3,0,0,0,4,4,2,37.11,-0.10000000000000142,2
2024-02-02 08:00:00,BIN_007,Lyari,Organic,24.8558,66.9922,40.21,35.8,80.1,0,0,0,8,4,2,37.01,3.200000000000003,2
2024-02-02 12:00:00,BIN_007,Lyari,Organic,24.8558,66.9922,41.36,40.6,86.6,0,0,0,12,4,2,40.21,1.1499999999999986,2
2024-02-02 16:00:00,BIN_007,Lyari,Organic,24.8558,66.9922,43.6,28.3,68.2,0,0,0,16,4,2,41.36,2.240000000000002,2
2024-02-02 20:00:00,BIN_007,Lyari,Organic,24.8558,66.9922,45.14,40.5,64.6,0,0,0,20,4,2,43.6,1.5399999999999991,2
2024-02-03 00:00:00,BIN_007,Lyari,Organic,24.8558,66.9922,45.99,36.6,70.3,1,0,0,0,5,2,45.14,0.8500000000000014,2
2024-02-03 04:00:00,BIN_007,Lyari,Organic,24.8558,66.9922,46.63,38.2,86.3,1,0,0,4,5,2,45.99,0.6400000000000006,2
2024-02-03 08:00:00,BIN_007,Lyari,Organic,24.8558,66.9922,47.29,41.1,64.3,1,0,0,8,5,2,46.63,0.6599999999999966,2
2024-02-03 12:00:00,BIN_007,Lyari,Organic,24.8558,66.9922,50.48,30.1,58.1,1,0,0,12,5,2,47.29,3.1899999999999977,2
2024-02-03 16:00:00,BIN_007,Lyari,Organic,24.8558,66.9922,51.27,29.9,65.5,1,0,0,16,5,2,50.48,0.7900000000000063,2
2024-02-03 20:00:00,BIN_007,Lyari,Organic,24.8558,66.9922,53.76,31.9,76.1,1,0,0,20,5,2,51.27,2.489999999999995,2
2024-02-04 00:00:00,BIN_007,Lyari,Organic,24.8558,66.9922,56.86,31.7,63.6,1,0,0,0,6,2,53.76,3.1000000000000014,2
2024-02-04 04:00:00,BIN_007,Lyari,Organic,24.8558,66.9922,60.14,41.5,55.3,1,0,0,4,6,2,56.86,3.280000000000001,2
2024-02-04 08:00:00,BIN_007,Lyari,Organic,24.8558,66.9922,62.05,41.3,67.0,1,0,0,8,6,2,60.14,1.9099999999999966,2
2024-02-04 12:00:00,BIN_007,Lyari,Organic,24.8558,66.9922,64.73,34.2,79.7,1,0,0,12,6,2,62.05,2.680000000000007,2
2024-02-04 16:00:00,BIN_007,Lyari,Organic,24.8558,66.9922,64.41,35.8,80.6,1,0,0,16,6,2,64.73,-0.3200000000000074,2
2024-02-04 20:00:00,BIN_007,Lyari,Organic,24.8558,66.9922,67.9,28.6,55.4,1,0,0,20,6,2,64.41,3.490000000000009,2
2024-02-05 00:00:00,BIN_007,Lyari,Organic,24.8558,66.9922,68.0,37.3,62.5,0,0,0,0,0,2,67.9,0.09999999999999432,2
2024-02-05 04:00:00,BIN_007,Lyari,Organic,24.8558,66.9922,69.54,34.1,61.9,0,0,0,4,0,2,68.0,1.5400000000000063,2
2024-02-05 08:00:00,BIN_007,Lyari,Organic,24.8558,66.9922,69.77,28.3,56.8,0,0,0,8,0,2,69.54,0.22999999999998977,2
2024-02-05 12:00:00,BIN_007,Lyari,Organic,24.8558,66.9922,71.69,41.4,60.0,0,0,0,12,0,2,69.77,1.9200000000000017,2
2024-02-05 16:00:00,BIN_007,Lyari,Organic,24.8558,66.9922,72.87,29.5,72.8,0,0,0,16,0,2,71.69,1.1800000000000068,2
2024-02-05 20:00:00,BIN_007,Lyari,Organic,24.8558,66.9922,74.87,34.5,88.3,0,0,0,20,0,2,72.87,2.0,2
2024-02-06 00:00:00,BIN_007,Lyari,Organic,24.8558,66.9922,75.12,33.0,88.1,0,1,0,0,1,2,74.87,0.25,2
2024-02-06 04:00:00,BIN_007,Lyari,Organic,24.8558,66.9922,80.21,36.4,75.3,0,1,0,4,1,2,75.12,5.089999999999989,2
2024-02-06 08:00:00,BIN_007,Lyari,Organic,24.8558,66.9922,81.73,34.2,59.0,0,1,0,8,1,2,80.21,1.5200000000000102,2
2024-02-06 12:00:00,BIN_007,Lyari,Organic,24.8558,66.9922,83.98,39.7,56.0,0,1,0,12,1,2,81.73,2.25,2
2024-02-06 16:00:00,BIN_007,Lyari,Organic,24.8558,66.9922,85.41,40.4,80.5,0,1,1,16,1,2,83.98,1.4299999999999926,2
2024-02-06 20:00:00,BIN_007,Lyari,Organic,24.8558,66.9922,3.66,35.9,65.9,0,0,0,20,1,2,85.41,-81.75,2
2024-02-07 00:00:00,BIN_007,Lyari,Organic,24.8558,66.9922,5.81,33.6,68.9,0,0,0,0,2,2,3.66,2.1499999999999995,2
2024-02-07 04:00:00,BIN_007,Lyari,Organic,24.8558,66.9922,7.16,30.4,68.4,0,0,0,4,2,2,5.81,1.3500000000000005,2
2024-02-07 08:00:00,BIN_007,Lyari,Organic,24.8558,66.9922,8.4,41.3,88.1,0,0,0,8,2,2,7.16,1.2400000000000002,2
2024-02-07 12:00:00,BIN_007,Lyari,Organic,24.8558,66.9922,11.49,30.0,61.2,0,0,0,12,2,2,8.4,3.09,2
2024-02-07 16:00:00,BIN_007,Lyari,Organic,24.8558,66.9922,12.77,28.1,64.6,0,0,0,16,2,2,11.49,1.2799999999999994,2
2024-02-07 20:00:00,BIN_007,Lyari,Organic,24.8558,66.9922,16.02,36.4,83.0,0,0,0,20,2,2,12.77,3.25,2
2024-02-08 00:00:00,BIN_007,Lyari,Organic,24.8558,66.9922,17.96,36.3,81.9,0,0,0,0,3,2,16.02,1.9400000000000013,2
2024-02-08 04:00:00,BIN_007,Lyari,Organic,24.8558,66.9922,20.03,34.0,81.5,0,0,0,4,3,2,17.96,2.0700000000000003,2
2024-02-08 08:00:00,BIN_007,Lyari,Organic,24.8558,66.9922,19.76,38.2,69.7,0,0,0,8,3,2,20.03,-0.2699999999999996,2
2024-02-08 12:00:00,BIN_007,Lyari,Organic,24.8558,66.9922,20.49,41.7,67.2,0,0,0,12,3,2,19.76,0.7299999999999969,2
2024-02-08 16:00:00,BIN_007,Lyari,Organic,24.8558,66.9922,23.33,34.1,87.1,0,0,0,16,3,2,20.49,2.84,2
2024-02-08 20:00:00,BIN_007,Lyari,Organic,24.8558,66.9922,24.1,34.3,81.1,0,0,0,20,3,2,23.33,0.7700000000000031,2
2024-02-09 00:00:00,BIN_007,Lyari,Organic,24.8558,66.9922,23.53,30.8,69.9,0,0,0,0,4,2,24.1,-0.5700000000000003,2
2024-02-09 04:00:00,BIN_007,Lyari,Organic,24.8558,66.9922,24.98,38.6,76.2,0,0,0,4,4,2,23.53,1.4499999999999993,2
2024-02-09 08:00:00,BIN_007,Lyari,Organic,24.8558,66.9922,25.03,34.7,56.6,0,0,0,8,4,2,24.98,0.05000000000000071,2
2024-02-09 12:00:00,BIN_007,Lyari,Organic,24.8558,66.9922,28.22,39.4,89.6,0,0,0,12,4,2,25.03,3.1899999999999977,2
2024-02-09 16:00:00,BIN_007,Lyari,Organic,24.8558,66.9922,29.76,30.4,77.8,0,0,0,16,4,2,28.22,1.5400000000000027,2
2024-02-09 20:00:00,BIN_007,Lyari,Organic,24.8558,66.9922,31.45,36.6,82.6,0,0,0,20,4,2,29.76,1.6899999999999977,2
2024-02-10 00:00:00,BIN_007,Lyari,Organic,24.8558,66.9922,34.96,37.6,66.3,1,0,0,0,5,2,31.45,3.5100000000000016,2
2024-02-10 04:00:00,BIN_007,Lyari,Organic,24.8558,66.9922,36.04,35.6,60.2,1,0,0,4,5,2,34.96,1.0799999999999983,2
2024-02-10 08:00:00,BIN_007,Lyari,Organic,24.8558,66.9922,39.82,33.9,84.4,1,0,0,8,5,2,36.04,3.780000000000001,2
2024-02-10 12:00:00,BIN_007,Lyari,Organic,24.8558,66.9922,41.88,36.3,61.7,1,0,0,12,5,2,39.82,2.0600000000000023,2
2024-02-10 16:00:00,BIN_007,Lyari,Organic,24.8558,66.9922,44.43,33.6,59.2,1,0,0,16,5,2,41.88,2.549999999999997,2
2024-02-10 20:00:00,BIN_007,Lyari,Organic,24.8558,66.9922,50.71,33.8,57.5,1,0,0,20,5,2,44.43,6.280000000000001,2
2024-02-11 00:00:00,BIN_007,Lyari,Organic,24.8558,66.9922,52.69,32.3,87.4,1,0,0,0,6,2,50.71,1.9799999999999969,2
2024-02-11 04:00:00,BIN_007,Lyari,Organic,24.8558,66.9922,53.63,33.3,81.5,1,0,0,4,6,2,52.69,0.9400000000000048,2
2024-02-11 08:00:00,BIN_007,Lyari,Organic,24.8558,66.9922,58.68,31.6,88.0,1,0,0,8,6,2,53.63,5.049999999999997,2
2024-02-11 12:00:00,BIN_007,Lyari,Organic,24.8558,66.9922,61.34,35.4,84.1,1,0,0,12,6,2,58.68,2.6600000000000037,2
2024-02-11 16:00:00,BIN_007,Lyari,Organic,24.8558,66.9922,62.42,37.4,55.3,1,0,0,16,6,2,61.34,1.0799999999999983,2
2024-02-11 20:00:00,BIN_007,Lyari,Organic,24.8558,66.9922,64.28,34.7,61.7,1,0,0,20,6,2,62.42,1.8599999999999994,2
2024-02-12 00:00:00,BIN_007,Lyari,Organic,24.8558,66.9922,66.27,34.5,83.6,0,0,0,0,0,2,64.28,1.9899999999999949,2
2024-02-12 04:00:00,BIN_007,Lyari,Organic,24.8558,66.9922,68.07,35.1,72.4,0,0,0,4,0,2,66.27,1.7999999999999972,2
2024-02-12 08:00:00,BIN_007,Lyari,Organic,24.8558,66.9922,68.77,35.6,62.8,0,0,0,8,0,2,68.07,0.7000000000000028,2
2024-02-12 12:00:00,BIN_007,Lyari,Organic,24.8558,66.9922,71.95,34.2,71.9,0,0,0,12,0,2,68.77,3.180000000000007,2
2024-02-12 16:00:00,BIN_007,Lyari,Organic,24.8558,66.9922,73.26,40.1,61.1,0,0,0,16,0,2,71.95,1.3100000000000023,2
2024-02-12 20:00:00,BIN_007,Lyari,Organic,24.8558,66.9922,74.91,36.7,55.9,0,0,0,20,0,2,73.26,1.6499999999999915,2
2024-02-13 00:00:00,BIN_007,Lyari,Organic,24.8558,66.9922,76.9,29.4,69.8,0,1,0,0,1,2,74.91,1.990000000000009,2
2024-02-13 04:00:00,BIN_007,Lyari,Organic,24.8558,66.9922,78.58,32.3,86.7,0,1,0,4,1,2,76.9,1.6799999999999926,2
2024-02-13 08:00:00,BIN_007,Lyari,Organic,24.8558,66.9922,79.77,29.1,76.9,0,1,0,8,1,2,78.58,1.1899999999999977,2
2024-02-13 12:00:00,BIN_007,Lyari,Organic,24.8558,66.9922,82.27,32.7,78.5,0,1,0,12,1,2,79.77,2.5,2
2024-02-13 16:00:00,BIN_007,Lyari,Organic,24.8558,66.9922,82.45,40.0,57.1,0,1,0,16,1,2,82.27,0.18000000000000682,2
2024-02-13 20:00:00,BIN_007,Lyari,Organic,24.8558,66.9922,85.19,31.0,89.9,0,1,1,20,1,2,82.45,2.739999999999995,2
2024-02-14 00:00:00,BIN_007,Lyari,Organic,24.8558,66.9922,4.72,36.5,80.4,0,0,0,0,2,2,85.19,-80.47,2
2024-02-14 04:00:00,BIN_007,Lyari,Organic,24.8558,66.9922,7.31,32.4,84.0,0,0,0,4,2,2,4.72,2.59,2
2024-02-14 08:00:00,BIN_007,Lyari,Organic,24.8558,66.9922,6.65,35.8,75.2,0,0,0,8,2,2,7.31,-0.6599999999999993,2
2024-02-14 12:00:00,BIN_007,Lyari,Organic,24.8558,66.9922,10.61,30.3,69.1,0,0,0,12,2,2,6.65,3.959999999999999,2
2024-02-14 16:00:00,BIN_007,Lyari,Organic,24.8558,66.9922,10.75,38.7,71.9,0,0,0,16,2,2,10.61,0.14000000000000057,2
2024-02-14 20:00:00,BIN_007,Lyari,Organic,24.8558,66.9922,9.95,41.2,65.3,0,0,0,20,2,2,10.75,-0.8000000000000007,2
2024-02-15 00:00:00,BIN_007,Lyari,Organic,24.8558,66.9922,13.75,35.6,74.1,0,0,0,0,3,2,9.95,3.8000000000000007,2
2024-02-15 04:00:00,BIN_007,Lyari,Organic,24.8558,66.9922,14.87,28.7,69.0,0,0,0,4,3,2,13.75,1.1199999999999992,2
2024-02-15 08:00:00,BIN_007,Lyari,Organic,24.8558,66.9922,17.65,37.5,66.9,0,0,0,8,3,2,14.87,2.7799999999999994,2
2024-02-15 12:00:00,BIN_007,Lyari,Organic,24.8558,66.9922,18.86,35.6,84.4,0,0,0,12,3,2,17.65,1.2100000000000009,2
2024-02-15 16:00:00,BIN_007,Lyari,Organic,24.8558,66.9922,18.7,28.6,75.9,0,0,0,16,3,2,18.86,-0.16000000000000014,2
2024-02-15 20:00:00,BIN_007,Lyari,Organic,24.8558,66.9922,18.59,40.0,68.4,0,0,0,20,3,2,18.7,-0.10999999999999943,2
2024-02-16 00:00:00,BIN_007,Lyari,Organic,24.8558,66.9922,21.42,33.3,59.9,0,0,0,0,4,2,18.59,2.830000000000002,2
2024-02-16 04:00:00,BIN_007,Lyari,Organic,24.8558,66.9922,25.22,37.9,84.9,0,0,0,4,4,2,21.42,3.799999999999997,2
2024-02-16 08:00:00,BIN_007,Lyari,Organic,24.8558,66.9922,29.25,29.5,84.3,0,0,0,8,4,2,25.22,4.030000000000001,2
2024-02-16 12:00:00,BIN_007,Lyari,Organic,24.8558,66.9922,31.61,35.8,79.1,0,0,0,12,4,2,29.25,2.3599999999999994,2
2024-02-16 16:00:00,BIN_007,Lyari,Organic,24.8558,66.9922,34.94,40.7,72.7,0,0,0,16,4,2,31.61,3.3299999999999983,2
2024-02-16 20:00:00,BIN_007,Lyari,Organic,24.8558,66.9922,36.18,36.3,79.8,0,0,0,20,4,2,34.94,1.240000000000002,2
2024-02-17 00:00:00,BIN_007,Lyari,Organic,24.8558,66.9922,38.31,34.3,69.8,1,0,0,0,5,2,36.18,2.1300000000000026,2
2024-02-17 04:00:00,BIN_007,Lyari,Organic,24.8558,66.9922,42.63,35.1,88.1,1,0,0,4,5,2,38.31,4.32,2
2024-02-17 08:00:00,BIN_007,Lyari,Organic,24.8558,66.9922,45.79,30.5,80.3,1,0,0,8,5,2,42.63,3.1599999999999966,2
2024-02-17 12:00:00,BIN_007,Lyari,Organic,24.8558,66.9922,48.14,39.4,78.8,1,0,0,12,5,2,45.79,2.3500000000000014,2
2024-02-17 16:00:00,BIN_007,Lyari,Organic,24.8558,66.9922,52.22,40.1,83.8,1,0,0,16,5,2,48.14,4.079999999999998,2
2024-02-17 20:00:00,BIN_007,Lyari,Organic,24.8558,66.9922,57.49,29.7,84.7,1,0,0,20,5,2,52.22,5.270000000000003,2
2024-02-18 00:00:00,BIN_007,Lyari,Organic,24.8558,66.9922,57.46,40.2,70.1,1,0,0,0,6,2,57.49,-0.030000000000001137,2
2024-02-18 04:00:00,BIN_007,Lyari,Organic,24.8558,66.9922,58.91,39.3,64.2,1,0,0,4,6,2,57.46,1.4499999999999957,2
2024-02-18 08:00:00,BIN_007,Lyari,Organic,24.8558,66.9922,61.16,29.4,81.4,1,0,0,8,6,2,58.91,2.25,2
2024-02-18 12:00:00,BIN_007,Lyari,Organic,24.8558,66.9922,63.15,31.9,70.5,1,0,0,12,6,2,61.16,1.990000000000002,2
2024-02-18 16:00:00,BIN_007,Lyari,Organic,24.8558,66.9922,65.03,38.9,60.3,1,0,0,16,6,2,63.15,1.8800000000000026,2
2024-02-18 20:00:00,BIN_007,Lyari,Organic,24.8558,66.9922,66.56,37.1,87.1,1,0,0,20,6,2,65.03,1.5300000000000011,2
2024-02-19 00:00:00,BIN_007,Lyari,Organic,24.8558,66.9922,69.78,29.5,63.8,0,0,0,0,0,2,66.56,3.219999999999999,2
2024-02-19 04:00:00,BIN_007,Lyari,Organic,24.8558,66.9922,72.38,40.5,80.0,0,0,0,4,0,2,69.78,2.5999999999999943,2
2024-02-19 08:00:00,BIN_007,Lyari,Organic,24.8558,66.9922,76.21,33.8,56.6,0,1,0,8,0,2,72.38,3.8299999999999983,2
2024-02-19 12:00:00,BIN_007,Lyari,Organic,24.8558,66.9922,79.73,39.0,78.8,0,1,0,12,0,2,76.21,3.5200000000000102,2
2024-02-19 16:00:00,BIN_007,Lyari,Organic,24.8558,66.9922,82.87,32.7,65.3,0,1,0,16,0,2,79.73,3.1400000000000006,2
2024-02-19 20:00:00,BIN_007,Lyari,Organic,24.8558,66.9922,84.5,40.2,82.9,0,1,0,20,0,2,82.87,1.6299999999999955,2
2024-02-20 00:00:00,BIN_007,Lyari,Organic,24.8558,66.9922,84.59,31.0,78.0,0,1,0,0,1,2,84.5,0.09000000000000341,2
2024-02-20 04:00:00,BIN_007,Lyari,Organic,24.8558,66.9922,86.39,33.4,84.3,0,1,1,4,1,2,84.59,1.7999999999999972,2
2024-02-20 08:00:00,BIN_007,Lyari,Organic,24.8558,66.9922,10.51,39.0,67.3,0,0,0,8,1,2,86.39,-75.88,2
2024-02-20 12:00:00,BIN_007,Lyari,Organic,24.8558,66.9922,14.04,30.3,56.2,0,0,0,12,1,2,10.51,3.5299999999999994,2
2024-02-20 16:00:00,BIN_007,Lyari,Organic,24.8558,66.9922,16.98,31.3,62.2,0,0,0,16,1,2,14.04,2.9400000000000013,2
2024-02-20 20:00:00,BIN_007,Lyari,Organic,24.8558,66.9922,18.37,41.6,55.9,0,0,0,20,1,2,16.98,1.3900000000000006,2
2024-02-21 00:00:00,BIN_007,Lyari,Organic,24.8558,66.9922,19.11,28.5,87.1,0,0,0,0,2,2,18.37,0.7399999999999984,2
2024-02-21 04:00:00,BIN_007,Lyari,Organic,24.8558,66.9922,22.44,30.0,74.3,0,0,0,4,2,2,19.11,3.330000000000002,2
2024-02-21 08:00:00,BIN_007,Lyari,Organic,24.8558,66.9922,23.79,28.7,59.0,0,0,0,8,2,2,22.44,1.3499999999999979,2
2024-02-21 12:00:00,BIN_007,Lyari,Organic,24.8558,66.9922,25.33,29.0,81.6,0,0,0,12,2,2,23.79,1.5399999999999991,2
2024-02-21 16:00:00,BIN_007,Lyari,Organic,24.8558,66.9922,23.85,33.9,87.5,0,0,0,16,2,2,25.33,-1.4799999999999969,2
2024-02-21 20:00:00,BIN_007,Lyari,Organic,24.8558,66.9922,25.29,40.8,80.0,0,0,0,20,2,2,23.85,1.4399999999999977,2
2024-02-22 00:00:00,BIN_007,Lyari,Organic,24.8558,66.9922,26.5,33.3,76.5,0,0,0,0,3,2,25.29,1.2100000000000009,2
2024-02-22 04:00:00,BIN_007,Lyari,Organic,24.8558,66.9922,29.33,36.7,71.9,0,0,0,4,3,2,26.5,2.8299999999999983,2
2024-02-22 08:00:00,BIN_007,Lyari,Organic,24.8558,66.9922,31.32,39.5,70.2,0,0,0,8,3,2,29.33,1.990000000000002,2
2024-02-22 12:00:00,BIN_007,Lyari,Organic,24.8558,66.9922,33.0,38.2,64.4,0,0,0,12,3,2,31.32,1.6799999999999997,2
2024-02-22 16:00:00,BIN_007,Lyari,Organic,24.8558,66.9922,34.32,33.6,55.6,0,0,0,16,3,2,33.0,1.3200000000000003,2
2024-02-22 20:00:00,BIN_007,Lyari,Organic,24.8558,66.9922,34.92,39.4,67.6,0,0,0,20,3,2,34.32,0.6000000000000014,2
2024-02-23 00:00:00,BIN_007,Lyari,Organic,24.8558,66.9922,35.54,30.4,86.1,0,0,0,0,4,2,34.92,0.6199999999999974,2
2024-02-23 04:00:00,BIN_007,Lyari,Organic,24.8558,66.9922,37.49,36.5,88.3,0,0,0,4,4,2,35.54,1.9500000000000028,2
2024-02-23 08:00:00,BIN_007,Lyari,Organic,24.8558,66.9922,40.38,42.0,77.0,0,0,0,8,4,2,37.49,2.8900000000000006,2
2024-02-23 12:00:00,BIN_007,Lyari,Organic,24.8558,66.9922,41.46,39.1,82.4,0,0,0,12,4,2,40.38,1.0799999999999983,2
2024-02-23 16:00:00,BIN_007,Lyari,Organic,24.8558,66.9922,44.64,39.7,79.1,0,0,0,16,4,2,41.46,3.1799999999999997,2
2024-02-23 20:00:00,BIN_007,Lyari,Organic,24.8558,66.9922,43.55,28.3,66.8,0,0,0,20,4,2,44.64,-1.0900000000000034,2
2024-02-24 00:00:00,BIN_007,Lyari,Organic,24.8558,66.9922,45.18,40.7,56.3,1,0,0,0,5,2,43.55,1.6300000000000026,2
2024-02-24 04:00:00,BIN_007,Lyari,Organic,24.8558,66.9922,46.61,31.1,65.8,1,0,0,4,5,2,45.18,1.4299999999999997,2
2024-02-24 08:00:00,BIN_007,Lyari,Organic,24.8558,66.9922,49.86,31.1,60.7,1,0,0,8,5,2,46.61,3.25,2
2024-02-24 12:00:00,BIN_007,Lyari,Organic,24.8558,66.9922,55.53,31.3,72.6,1,0,0,12,5,2,49.86,5.670000000000002,2
2024-02-24 16:00:00,BIN_007,Lyari,Organic,24.8558,66.9922,56.74,38.2,66.5,1,0,0,16,5,2,55.53,1.2100000000000009,2
2024-02-24 20:00:00,BIN_007,Lyari,Organic,24.8558,66.9922,58.91,37.1,64.8,1,0,0,20,5,2,56.74,2.1699999999999946,2
2024-02-25 00:00:00,BIN_007,Lyari,Organic,24.8558,66.9922,63.36,41.0,64.1,1,0,0,0,6,2,58.91,4.450000000000003,2
2024-02-25 04:00:00,BIN_007,Lyari,Organic,24.8558,66.9922,66.19,32.7,71.2,1,0,0,4,6,2,63.36,2.8299999999999983,2
2024-02-25 08:00:00,BIN_007,Lyari,Organic,24.8558,66.9922,66.97,32.8,60.2,1,0,0,8,6,2,66.19,0.7800000000000011,2
2024-02-25 12:00:00,BIN_007,Lyari,Organic,24.8558,66.9922,69.2,36.9,88.2,1,0,0,12,6,2,66.97,2.230000000000004,2
2024-02-25 16:00:00,BIN_007,Lyari,Organic,24.8558,66.9922,73.04,29.6,79.1,1,0,0,16,6,2,69.2,3.8400000000000034,2
2024-02-25 20:00:00,BIN_007,Lyari,Organic,24.8558,66.9922,75.74,33.7,62.2,1,1,0,20,6,2,73.04,2.6999999999999886,2
2024-02-26 00:00:00,BIN_007,Lyari,Organic,24.8558,66.9922,76.38,37.7,63.8,0,1,0,0,0,2,75.74,0.6400000000000006,2
2024-02-26 04:00:00,BIN_007,Lyari,Organic,24.8558,66.9922,77.86,32.4,59.2,0,1,0,4,0,2,76.38,1.480000000000004,2
2024-02-26 08:00:00,BIN_007,Lyari,Organic,24.8558,66.9922,79.56,36.0,74.9,0,1,0,8,0,2,77.86,1.7000000000000028,2
2024-02-26 12:00:00,BIN_007,Lyari,Organic,24.8558,66.9922,82.98,33.7,61.7,0,1,0,12,0,2,79.56,3.4200000000000017,2
2024-02-26 16:00:00,BIN_007,Lyari,Organic,24.8558,66.9922,83.87,29.5,79.9,0,1,0,16,0,2,82.98,0.8900000000000006,2
2024-02-26 20:00:00,BIN_007,Lyari,Organic,24.8558,66.9922,86.15,30.9,65.7,0,1,1,20,0,2,83.87,2.280000000000001,2
2024-02-27 00:00:00,BIN_007,Lyari,Organic,24.8558,66.9922,9.17,36.7,77.6,0,0,0,0,1,2,86.15,-76.98,2
2024-02-27 04:00:00,BIN_007,Lyari,Organic,24.8558,66.9922,10.25,38.0,65.2,0,0,0,4,1,2,9.17,1.08,2
2024-02-27 08:00:00,BIN_007,Lyari,Organic,24.8558,66.9922,11.0,32.3,89.5,0,0,0,8,1,2,10.25,0.75,2
2024-02-27 12:00:00,BIN_007,Lyari,Organic,24.8558,66.9922,9.93,39.4,60.8,0,0,0,12,1,2,11.0,-1.0700000000000003,2
2024-02-27 16:00:00,BIN_007,Lyari,Organic,24.8558,66.9922,10.97,35.5,85.0,0,0,0,16,1,2,9.93,1.040000000000001,2
2024-02-27 20:00:00,BIN_007,Lyari,Organic,24.8558,66.9922,12.24,38.3,62.5,0,0,0,20,1,2,10.97,1.2699999999999996,2
2024-02-28 00:00:00,BIN_007,Lyari,Organic,24.8558,66.9922,14.27,39.3,84.4,0,0,0,0,2,2,12.24,2.0299999999999994,2
2024-02-28 04:00:00,BIN_007,Lyari,Organic,24.8558,66.9922,12.22,40.7,72.8,0,0,0,4,2,2,14.27,-2.049999999999999,2
2024-02-28 08:00:00,BIN_007,Lyari,Organic,24.8558,66.9922,12.94,35.9,63.7,0,0,0,8,2,2,12.22,0.7199999999999989,2
2024-02-28 12:00:00,BIN_007,Lyari,Organic,24.8558,66.9922,15.18,34.0,77.2,0,0,0,12,2,2,12.94,2.24,2
2024-02-28 16:00:00,BIN_007,Lyari,Organic,24.8558,66.9922,15.77,41.8,65.7,0,0,0,16,2,2,15.18,0.5899999999999999,2
2024-02-28 20:00:00,BIN_007,Lyari,Organic,24.8558,66.9922,16.44,29.8,74.1,0,0,0,20,2,2,15.77,0.6700000000000017,2
2024-02-29 00:00:00,BIN_007,Lyari,Organic,24.8558,66.9922,18.8,32.1,74.7,0,0,0,0,3,2,16.44,2.3599999999999994,2
2024-02-29 04:00:00,BIN_007,Lyari,Organic,24.8558,66.9922,21.81,38.0,80.5,0,0,0,4,3,2,18.8,3.009999999999998,2
2024-02-29 08:00:00,BIN_007,Lyari,Organic,24.8558,66.9922,24.78,40.2,75.3,0,0,0,8,3,2,21.81,2.9700000000000024,2
2024-02-29 12:00:00,BIN_007,Lyari,Organic,24.8558,66.9922,27.07,34.0,77.5,0,0,0,12,3,2,24.78,2.289999999999999,2
2024-02-29 16:00:00,BIN_007,Lyari,Organic,24.8558,66.9922,30.42,31.2,71.7,0,0,0,16,3,2,27.07,3.3500000000000014,2
2024-02-29 20:00:00,BIN_007,Lyari,Organic,24.8558,66.9922,32.03,29.9,68.8,0,0,0,20,3,2,30.42,1.6099999999999994,2
2024-03-01 00:00:00,BIN_007,Lyari,Organic,24.8558,66.9922,33.06,33.2,89.8,0,0,0,0,4,3,32.03,1.0300000000000011,2
2024-03-01 04:00:00,BIN_007,Lyari,Organic,24.8558,66.9922,33.15,41.9,59.0,0,0,0,4,4,3,33.06,0.0899999999999963,2
2024-03-01 08:00:00,BIN_007,Lyari,Organic,24.8558,66.9922,34.21,31.4,73.0,0,0,0,8,4,3,33.15,1.0600000000000023,2
2024-03-01 12:00:00,BIN_007,Lyari,Organic,24.8558,66.9922,35.33,36.0,62.8,0,0,0,12,4,3,34.21,1.1199999999999974,2
2024-03-01 16:00:00,BIN_007,Lyari,Organic,24.8558,66.9922,35.86,40.9,78.0,0,0,0,16,4,3,35.33,0.5300000000000011,2
2024-03-01 20:00:00,BIN_007,Lyari,Organic,24.8558,66.9922,39.21,34.1,82.6,0,0,0,20,4,3,35.86,3.3500000000000014,2
2024-03-02 00:00:00,BIN_007,Lyari,Organic,24.8558,66.9922,40.6,32.8,87.8,1,0,0,0,5,3,39.21,1.3900000000000006,2
2024-03-02 04:00:00,BIN_007,Lyari,Organic,24.8558,66.9922,44.16,30.3,56.5,1,0,0,4,5,3,40.6,3.559999999999995,2
2024-03-02 08:00:00,BIN_007,Lyari,Organic,24.8558,66.9922,48.5,38.8,87.2,1,0,0,8,5,3,44.16,4.340000000000003,2
2024-03-02 12:00:00,BIN_007,Lyari,Organic,24.8558,66.9922,50.43,35.5,58.5,1,0,0,12,5,3,48.5,1.9299999999999997,2
2024-03-02 16:00:00,BIN_007,Lyari,Organic,24.8558,66.9922,54.78,29.3,61.0,1,0,0,16,5,3,50.43,4.350000000000001,2
2024-03-02 20:00:00,BIN_007,Lyari,Organic,24.8558,66.9922,57.69,28.2,75.8,1,0,0,20,5,3,54.78,2.9099999999999966,2
2024-03-03 00:00:00,BIN_007,Lyari,Organic,24.8558,66.9922,60.44,41.7,57.2,1,0,0,0,6,3,57.69,2.75,2
2024-03-03 04:00:00,BIN_007,Lyari,Organic,24.8558,66.9922,63.82,40.6,83.5,1,0,0,4,6,3,60.44,3.3800000000000026,2
2024-03-03 08:00:00,BIN_007,Lyari,Organic,24.8558,66.9922,66.98,40.3,81.5,1,0,0,8,6,3,63.82,3.1600000000000037,2
2024-03-03 12:00:00,BIN_007,Lyari,Organic,24.8558,66.9922,68.74,35.9,59.2,1,0,0,12,6,3,66.98,1.759999999999991,2
2024-03-03 16:00:00,BIN_007,Lyari,Organic,24.8558,66.9922,67.75,39.1,81.5,1,0,0,16,6,3,68.74,-0.9899999999999949,2
2024-03-03 20:00:00,BIN_007,Lyari,Organic,24.8558,66.9922,70.72,40.7,55.5,1,0,0,20,6,3,67.75,2.969999999999999,2
2024-03-04 00:00:00,BIN_007,Lyari,Organic,24.8558,66.9922,71.86,29.1,55.7,0,0,0,0,0,3,70.72,1.1400000000000006,2
2024-03-04 04:00:00,BIN_007,Lyari,Organic,24.8558,66.9922,74.06,36.8,77.0,0,0,0,4,0,3,71.86,2.200000000000003,2
2024-03-04 08:00:00,BIN_007,Lyari,Organic,24.8558,66.9922,75.75,32.6,76.9,0,1,0,8,0,3,74.06,1.6899999999999977,2
2024-03-04 12:00:00,BIN_007,Lyari,Organic,24.8558,66.9922,77.69,39.6,87.8,0,1,0,12,0,3,75.75,1.9399999999999977,2
2024-03-04 16:00:00,BIN_007,Lyari,Organic,24.8558,66.9922,78.93,36.9,85.0,0,1,0,16,0,3,77.69,1.240000000000009,2
2024-03-04 20:00:00,BIN_007,Lyari,Organic,24.8558,66.9922,82.67,34.9,62.6,0,1,0,20,0,3,78.93,3.739999999999995,2
2024-03-05 00:00:00,BIN_007,Lyari,Organic,24.8558,66.9922,83.52,31.4,65.4,0,1,0,0,1,3,82.67,0.8499999999999943,2
2024-03-05 04:00:00,BIN_007,Lyari,Organic,24.8558,66.9922,85.75,35.8,68.9,0,1,1,4,1,3,83.52,2.230000000000004,2
2024-03-05 08:00:00,BIN_007,Lyari,Organic,24.8558,66.9922,5.3,32.1,57.3,0,0,0,8,1,3,85.75,-80.45,2
2024-03-05 12:00:00,BIN_007,Lyari,Organic,24.8558,66.9922,7.02,40.5,79.2,0,0,0,12,1,3,5.3,1.7199999999999998,2
2024-03-05 16:00:00,BIN_007,Lyari,Organic,24.8558,66.9922,11.28,38.6,82.3,0,0,0,16,1,3,7.02,4.26,2
2024-03-05 20:00:00,BIN_007,Lyari,Organic,24.8558,66.9922,11.98,34.7,70.0,0,0,0,20,1,3,11.28,0.7000000000000011,2
2024-03-06 00:00:00,BIN_007,Lyari,Organic,24.8558,66.9922,11.78,40.9,87.0,0,0,0,0,2,3,11.98,-0.20000000000000107,2
2024-03-06 04:00:00,BIN_007,Lyari,Organic,24.8558,66.9922,14.18,41.8,85.6,0,0,0,4,2,3,11.78,2.4000000000000004,2
2024-03-06 08:00:00,BIN_007,Lyari,Organic,24.8558,66.9922,16.42,31.2,58.4,0,0,0,8,2,3,14.18,2.240000000000002,2
2024-03-06 12:00:00,BIN_007,Lyari,Organic,24.8558,66.9922,18.69,41.7,65.4,0,0,0,12,2,3,16.42,2.2699999999999996,2
2024-03-06 16:00:00,BIN_007,Lyari,Organic,24.8558,66.9922,20.38,31.3,79.1,0,0,0,16,2,3,18.69,1.6899999999999977,2
2024-03-06 20:00:00,BIN_007,Lyari,Organic,24.8558,66.9922,21.51,35.9,57.7,0,0,0,20,2,3,20.38,1.1300000000000026,2
2024-03-07 00:00:00,BIN_007,Lyari,Organic,24.8558,66.9922,22.69,30.6,82.7,0,0,0,0,3,3,21.51,1.1799999999999997,2
2024-03-07 04:00:00,BIN_007,Lyari,Organic,24.8558,66.9922,22.76,33.8,58.3,0,0,0,4,3,3,22.69,0.07000000000000028,2
2024-03-07 08:00:00,BIN_007,Lyari,Organic,24.8558,66.9922,23.15,29.8,63.4,0,0,0,8,3,3,22.76,0.389999999999997,2
2024-03-07 12:00:00,BIN_007,Lyari,Organic,24.8558,66.9922,24.83,40.0,87.4,0,0,0,12,3,3,23.15,1.6799999999999997,2
2024-03-07 16:00:00,BIN_007,Lyari,Organic,24.8558,66.9922,25.81,31.8,74.2,0,0,0,16,3,3,24.83,0.9800000000000004,2
2024-03-07 20:00:00,BIN_007,Lyari,Organic,24.8558,66.9922,29.03,38.1,89.8,0,0,0,20,3,3,25.81,3.2200000000000024,2
2024-03-08 00:00:00,BIN_007,Lyari,Organic,24.8558,66.9922,32.09,39.8,78.7,0,0,0,0,4,3,29.03,3.0600000000000023,2
2024-03-08 04:00:00,BIN_007,Lyari,Organic,24.8558,66.9922,34.59,41.4,72.9,0,0,0,4,4,3,32.09,2.5,2
2024-03-08 08:00:00,BIN_007,Lyari,Organic,24.8558,66.9922,35.63,30.7,74.2,0,0,0,8,4,3,34.59,1.0399999999999991,2
2024-03-08 12:00:00,BIN_007,Lyari,Organic,24.8558,66.9922,38.63,34.3,85.7,0,0,0,12,4,3,35.63,3.0,2
2024-03-08 16:00:00,BIN_007,Lyari,Organic,24.8558,66.9922,39.96,38.5,58.3,0,0,0,16,4,3,38.63,1.3299999999999983,2
2024-03-08 20:00:00,BIN_007,Lyari,Organic,24.8558,66.9922,41.03,32.5,68.6,0,0,0,20,4,3,39.96,1.0700000000000003,2
2024-03-09 00:00:00,BIN_007,Lyari,Organic,24.8558,66.9922,41.69,40.0,70.7,1,0,0,0,5,3,41.03,0.6599999999999966,2
2024-03-09 04:00:00,BIN_007,Lyari,Organic,24.8558,66.9922,44.51,40.8,71.4,1,0,0,4,5,3,41.69,2.8200000000000003,2
2024-03-09 08:00:00,BIN_007,Lyari,Organic,24.8558,66.9922,45.72,28.1,73.6,1,0,0,8,5,3,44.51,1.2100000000000009,2
2024-03-09 12:00:00,BIN_007,Lyari,Organic,24.8558,66.9922,47.32,29.5,68.7,1,0,0,12,5,3,45.72,1.6000000000000014,2
2024-03-09 16:00:00,BIN_007,Lyari,Organic,24.8558,66.9922,47.19,30.5,82.1,1,0,0,16,5,3,47.32,-0.13000000000000256,2
2024-03-09 20:00:00,BIN_007,Lyari,Organic,24.8558,66.9922,50.39,41.3,58.5,1,0,0,20,5,3,47.19,3.200000000000003,2
2024-03-10 00:00:00,BIN_007,Lyari,Organic,24.8558,66.9922,53.21,32.4,77.9,1,0,0,0,6,3,50.39,2.8200000000000003,2
2024-03-10 04:00:00,BIN_007,Lyari,Organic,24.8558,66.9922,55.21,29.1,63.5,1,0,0,4,6,3,53.21,2.0,2
2024-03-10 08:00:00,BIN_007,Lyari,Organic,24.8558,66.9922,57.71,41.0,70.0,1,0,0,8,6,3,55.21,2.5,2
2024-03-10 12:00:00,BIN_007,Lyari,Organic,24.8558,66.9922,62.26,40.2,70.7,1,0,0,12,6,3,57.71,4.549999999999997,2
2024-03-10 16:00:00,BIN_007,Lyari,Organic,24.8558,66.9922,65.65,39.9,62.4,1,0,0,16,6,3,62.26,3.3900000000000077,2
2024-03-10 20:00:00,BIN_007,Lyari,Organic,24.8558,66.9922,67.4,36.7,57.5,1,0,0,20,6,3,65.65,1.75,2
2024-03-11 00:00:00,BIN_007,Lyari,Organic,24.8558,66.9922,68.6,29.0,69.0,0,0,0,0,0,3,67.4,1.1999999999999886,2
2024-03-11 04:00:00,BIN_007,Lyari,Organic,24.8558,66.9922,70.88,36.1,84.9,0,0,0,4,0,3,68.6,2.280000000000001,2
2024-03-11 08:00:00,BIN_007,Lyari,Organic,24.8558,66.9922,72.53,28.8,81.2,0,0,0,8,0,3,70.88,1.6500000000000057,2
2024-03-11 12:00:00,BIN_007,Lyari,Organic,24.8558,66.9922,74.89,35.9,70.7,0,0,0,12,0,3,72.53,2.3599999999999994,2
2024-03-11 16:00:00,BIN_007,Lyari,Organic,24.8558,66.9922,76.66,32.7,81.5,0,1,0,16,0,3,74.89,1.769999999999996,2
2024-03-11 20:00:00,BIN_007,Lyari,Organic,24.8558,66.9922,75.45,35.6,85.7,0,1,0,20,0,3,76.66,-1.2099999999999937,2
2024-03-12 00:00:00,BIN_007,Lyari,Organic,24.8558,66.9922,74.83,39.9,74.5,0,0,0,0,1,3,75.45,-0.6200000000000045,2
2024-03-12 04:00:00,BIN_007,Lyari,Organic,24.8558,66.9922,76.95,30.9,76.8,0,1,0,4,1,3,74.83,2.1200000000000045,2
2024-03-12 08:00:00,BIN_007,Lyari,Organic,24.8558,66.9922,80.18,34.3,80.4,0,1,0,8,1,3,76.95,3.230000000000004,2
2024-03-12 12:00:00,BIN_007,Lyari,Organic,24.8558,66.9922,81.3,29.3,68.9,0,1,0,12,1,3,80.18,1.1199999999999903,2
2024-03-12 16:00:00,BIN_007,Lyari,Organic,24.8558,66.9922,82.28,32.6,77.8,0,1,0,16,1,3,81.3,0.980000000000004,2
2024-03-12 20:00:00,BIN_007,Lyari,Organic,24.8558,66.9922,82.87,38.6,81.2,0,1,0,20,1,3,82.28,0.5900000000000034,2
2024-03-13 00:00:00,BIN_007,Lyari,Organic,24.8558,66.9922,86.67,34.1,59.3,0,1,1,0,2,3,82.87,3.799999999999997,2
2024-03-13 04:00:00,BIN_007,Lyari,Organic,24.8558,66.9922,7.44,41.3,82.8,0,0,0,4,2,3,86.67,-79.23,2
2024-03-13 08:00:00,BIN_007,Lyari,Organic,24.8558,66.9922,11.95,41.0,70.0,0,0,0,8,2,3,7.44,4.509999999999999,2
2024-03-13 12:00:00,BIN_007,Lyari,Organic,24.8558,66.9922,15.16,32.6,89.2,0,0,0,12,2,3,11.95,3.210000000000001,2
2024-03-13 16:00:00,BIN_007,Lyari,Organic,24.8558,66.9922,16.29,34.5,69.5,0,0,0,16,2,3,15.16,1.129999999999999,2
2024-03-13 20:00:00,BIN_007,Lyari,Organic,24.8558,66.9922,19.27,30.1,88.5,0,0,0,20,2,3,16.29,2.9800000000000004,2
2024-03-14 00:00:00,BIN_007,Lyari,Organic,24.8558,66.9922,22.47,30.7,74.2,0,0,0,0,3,3,19.27,3.1999999999999993,2
2024-03-14 04:00:00,BIN_007,Lyari,Organic,24.8558,66.9922,23.82,28.3,81.7,0,0,0,4,3,3,22.47,1.3500000000000014,2
2024-03-14 08:00:00,BIN_007,Lyari,Organic,24.8558,66.9922,28.33,28.7,62.4,0,0,0,8,3,3,23.82,4.509999999999998,2
2024-03-14 12:00:00,BIN_007,Lyari,Organic,24.8558,66.9922,31.85,29.0,65.1,0,0,0,12,3,3,28.33,3.520000000000003,2
2024-03-14 16:00:00,BIN_007,Lyari,Organic,24.8558,66.9922,35.12,36.6,74.2,0,0,0,16,3,3,31.85,3.269999999999996,2
2024-03-14 20:00:00,BIN_007,Lyari,Organic,24.8558,66.9922,39.83,31.8,63.6,0,0,0,20,3,3,35.12,4.710000000000001,2
2024-03-15 00:00:00,BIN_007,Lyari,Organic,24.8558,66.9922,39.78,30.5,85.6,0,0,0,0,4,3,39.83,-0.04999999999999716,2
2024-03-15 04:00:00,BIN_007,Lyari,Organic,24.8558,66.9922,42.17,38.4,78.1,0,0,0,4,4,3,39.78,2.3900000000000006,2
2024-03-15 08:00:00,BIN_007,Lyari,Organic,24.8558,66.9922,41.62,41.7,82.9,0,0,0,8,4,3,42.17,-0.5500000000000043,2
2024-03-15 12:00:00,BIN_007,Lyari,Organic,24.8558,66.9922,42.45,32.2,84.7,0,0,0,12,4,3,41.62,0.8300000000000054,2
2024-03-15 16:00:00,BIN_007,Lyari,Organic,24.8558,66.9922,42.99,34.0,61.5,0,0,0,16,4,3,42.45,0.5399999999999991,2
2024-03-15 20:00:00,BIN_007,Lyari,Organic,24.8558,66.9922,46.25,29.6,80.3,0,0,0,20,4,3,42.99,3.259999999999998,2
2024-03-16 00:00:00,BIN_007,Lyari,Organic,24.8558,66.9922,49.67,41.9,57.7,1,0,0,0,5,3,46.25,3.4200000000000017,2
2024-03-16 04:00:00,BIN_007,Lyari,Organic,24.8558,66.9922,51.07,34.6,83.1,1,0,0,4,5,3,49.67,1.3999999999999986,2
2024-03-16 08:00:00,BIN_007,Lyari,Organic,24.8558,66.9922,54.33,32.9,70.9,1,0,0,8,5,3,51.07,3.259999999999998,2
2024-03-16 12:00:00,BIN_007,Lyari,Organic,24.8558,66.9922,57.7,36.3,89.1,1,0,0,12,5,3,54.33,3.3700000000000045,2
2024-03-16 16:00:00,BIN_007,Lyari,Organic,24.8558,66.9922,60.79,31.8,89.6,1,0,0,16,5,3,57.7,3.0899999999999963,2
2024-03-16 20:00:00,BIN_007,Lyari,Organic,24.8558,66.9922,62.7,37.4,71.2,1,0,0,20,5,3,60.79,1.9100000000000037,2
2024-03-17 00:00:00,BIN_007,Lyari,Organic,24.8558,66.9922,62.74,31.8,59.0,1,0,0,0,6,3,62.7,0.03999999999999915,2
2024-03-17 04:00:00,BIN_007,Lyari,Organic,24.8558,66.9922,66.09,29.6,67.2,1,0,0,4,6,3,62.74,3.3500000000000014,2
2024-03-17 08:00:00,BIN_007,Lyari,Organic,24.8558,66.9922,69.2,29.4,84.8,1,0,0,8,6,3,66.09,3.1099999999999994,2
2024-03-17 12:00:00,BIN_007,Lyari,Organic,24.8558,66.9922,73.54,36.4,88.6,1,0,0,12,6,3,69.2,4.340000000000003,2
2024-03-17 16:00:00,BIN_007,Lyari,Organic,24.8558,66.9922,74.31,34.6,77.7,1,0,0,16,6,3,73.54,0.769999999999996,2
2024-03-17 20:00:00,BIN_007,Lyari,Organic,24.8558,66.9922,77.34,28.4,55.5,1,1,0,20,6,3,74.31,3.030000000000001,2
2024-03-18 00:00:00,BIN_007,Lyari,Organic,24.8558,66.9922,78.51,34.0,72.1,0,1,0,0,0,3,77.34,1.1700000000000017,2
2024-03-18 04:00:00,BIN_007,Lyari,Organic,24.8558,66.9922,79.4,29.9,78.6,0,1,0,4,0,3,78.51,0.8900000000000006,2
2024-03-18 08:00:00,BIN_007,Lyari,Organic,24.8558,66.9922,78.71,28.2,57.7,0,1,0,8,0,3,79.4,-0.6900000000000119,2
2024-03-18 12:00:00,BIN_007,Lyari,Organic,24.8558,66.9922,81.57,33.5,60.4,0,1,0,12,0,3,78.71,2.8599999999999994,2
2024-03-18 16:00:00,BIN_007,Lyari,Organic,24.8558,66.9922,85.51,35.7,63.1,0,1,1,16,0,3,81.57,3.940000000000012,2
2024-03-18 20:00:00,BIN_007,Lyari,Organic,24.8558,66.9922,3.06,36.6,85.1,0,0,0,20,0,3,85.51,-82.45,2
2024-03-19 00:00:00,BIN_007,Lyari,Organic,24.8558,66.9922,5.29,33.1,67.8,0,0,0,0,1,3,3.06,2.23,2
2024-03-19 04:00:00,BIN_007,Lyari,Organic,24.8558,66.9922,9.41,40.3,56.4,0,0,0,4,1,3,5.29,4.12,2
2024-03-19 08:00:00,BIN_007,Lyari,Organic,24.8558,66.9922,10.89,36.5,72.0,0,0,0,8,1,3,9.41,1.4800000000000004,2
2024-03-19 12:00:00,BIN_007,Lyari,Organic,24.8558,66.9922,12.72,29.5,64.7,0,0,0,12,1,3,10.89,1.83,2
2024-03-19 16:00:00,BIN_007,Lyari,Organic,24.8558,66.9922,14.64,33.8,57.5,0,0,0,16,1,3,12.72,1.92,2
2024-03-19 20:00:00,BIN_007,Lyari,Organic,24.8558,66.9922,17.83,38.0,79.6,0,0,0,20,1,3,14.64,3.1899999999999977,2
2024-03-20 00:00:00,BIN_007,Lyari,Organic,24.8558,66.9922,19.89,34.1,75.8,0,0,0,0,2,3,17.83,2.0600000000000023,2
2024-03-20 04:00:00,BIN_007,Lyari,Organic,24.8558,66.9922,25.25,31.3,87.9,0,0,0,4,2,3,19.89,5.359999999999999,2
2024-03-20 08:00:00,BIN_007,Lyari,Organic,24.8558,66.9922,24.44,34.3,83.2,0,0,0,8,2,3,25.25,-0.8099999999999987,2
2024-03-20 12:00:00,BIN_007,Lyari,Organic,24.8558,66.9922,27.37,30.3,65.2,0,0,0,12,2,3,24.44,2.9299999999999997,2
2024-03-20 16:00:00,BIN_007,Lyari,Organic,24.8558,66.9922,27.35,39.1,59.6,0,0,0,16,2,3,27.37,-0.019999999999999574,2
2024-03-20 20:00:00,BIN_007,Lyari,Organic,24.8558,66.9922,30.78,38.7,57.4,0,0,0,20,2,3,27.35,3.4299999999999997,2
2024-03-21 00:00:00,BIN_007,Lyari,Organic,24.8558,66.9922,29.78,31.3,76.6,0,0,0,0,3,3,30.78,-1.0,2
2024-03-21 04:00:00,BIN_007,Lyari,Organic,24.8558,66.9922,33.01,35.1,89.7,0,0,0,4,3,3,29.78,3.229999999999997,2
2024-03-21 08:00:00,BIN_007,Lyari,Organic,24.8558,66.9922,34.07,37.6,58.6,0,0,0,8,3,3,33.01,1.0600000000000023,2
2024-03-21 12:00:00,BIN_007,Lyari,Organic,24.8558,66.9922,31.45,32.6,57.6,0,0,0,12,3,3,34.07,-2.620000000000001,2
2024-03-21 16:00:00,BIN_007,Lyari,Organic,24.8558,66.9922,35.42,34.8,66.7,0,0,0,16,3,3,31.45,3.9700000000000024,2
2024-03-21 20:00:00,BIN_007,Lyari,Organic,24.8558,66.9922,37.04,29.2,74.3,0,0,0,20,3,3,35.42,1.6199999999999974,2
2024-03-22 00:00:00,BIN_007,Lyari,Organic,24.8558,66.9922,39.87,41.7,58.9,0,0,0,0,4,3,37.04,2.8299999999999983,2
2024-03-22 04:00:00,BIN_007,Lyari,Organic,24.8558,66.9922,39.41,31.0,71.6,0,0,0,4,4,3,39.87,-0.46000000000000085,2
2024-03-22 08:00:00,BIN_007,Lyari,Organic,24.8558,66.9922,40.7,41.9,58.6,0,0,0,8,4,3,39.41,1.2900000000000063,2
2024-03-22 12:00:00,BIN_007,Lyari,Organic,24.8558,66.9922,43.49,28.7,84.9,0,0,0,12,4,3,40.7,2.789999999999999,2
2024-03-22 16:00:00,BIN_007,Lyari,Organic,24.8558,66.9922,44.98,41.6,78.4,0,0,0,16,4,3,43.49,1.4899999999999949,2
2024-03-22 20:00:00,BIN_007,Lyari,Organic,24.8558,66.9922,46.39,38.9,82.2,0,0,0,20,4,3,44.98,1.4100000000000037,2
2024-03-23 00:00:00,BIN_007,Lyari,Organic,24.8558,66.9922,50.77,36.3,66.0,1,0,0,0,5,3,46.39,4.380000000000003,2
2024-03-23 04:00:00,BIN_007,Lyari,Organic,24.8558,66.9922,53.27,35.9,73.7,1,0,0,4,5,3,50.77,2.5,2
2024-03-23 08:00:00,BIN_007,Lyari,Organic,24.8558,66.9922,57.7,29.4,82.2,1,0,0,8,5,3,53.27,4.43,2
2024-03-23 12:00:00,BIN_007,Lyari,Organic,24.8558,66.9922,59.22,33.2,56.4,1,0,0,12,5,3,57.7,1.519999999999996,2
2024-03-23 16:00:00,BIN_007,Lyari,Organic,24.8558,66.9922,63.4,29.7,87.3,1,0,0,16,5,3,59.22,4.18,2
2024-03-23 20:00:00,BIN_007,Lyari,Organic,24.8558,66.9922,63.27,29.1,87.6,1,0,0,20,5,3,63.4,-0.12999999999999545,2
2024-03-24 00:00:00,BIN_007,Lyari,Organic,24.8558,66.9922,64.01,33.5,80.9,1,0,0,0,6,3,63.27,0.740000000000002,2
2024-03-24 04:00:00,BIN_007,Lyari,Organic,24.8558,66.9922,68.09,36.4,78.5,1,0,0,4,6,3,64.01,4.079999999999998,2
2024-03-24 08:00:00,BIN_007,Lyari,Organic,24.8558,66.9922,69.94,41.9,62.5,1,0,0,8,6,3,68.09,1.8499999999999943,2
2024-03-24 12:00:00,BIN_007,Lyari,Organic,24.8558,66.9922,68.54,33.8,65.2,1,0,0,12,6,3,69.94,-1.3999999999999915,2
2024-03-24 16:00:00,BIN_007,Lyari,Organic,24.8558,66.9922,71.93,32.1,57.8,1,0,0,16,6,3,68.54,3.3900000000000006,2
2024-03-24 20:00:00,BIN_007,Lyari,Organic,24.8558,66.9922,75.33,28.2,70.0,1,1,0,20,6,3,71.93,3.3999999999999915,2
2024-03-25 00:00:00,BIN_007,Lyari,Organic,24.8558,66.9922,77.31,34.6,64.0,0,1,0,0,0,3,75.33,1.980000000000004,2
2024-03-25 04:00:00,BIN_007,Lyari,Organic,24.8558,66.9922,79.0,40.5,72.2,0,1,0,4,0,3,77.31,1.6899999999999977,2
2024-03-25 08:00:00,BIN_007,Lyari,Organic,24.8558,66.9922,79.48,33.4,88.0,0,1,0,8,0,3,79.0,0.480000000000004,2
2024-03-25 12:00:00,BIN_007,Lyari,Organic,24.8558,66.9922,81.52,36.3,67.1,0,1,0,12,0,3,79.48,2.039999999999992,2
2024-03-25 16:00:00,BIN_007,Lyari,Organic,24.8558,66.9922,84.37,31.8,72.7,0,1,0,16,0,3,81.52,2.8500000000000085,2
2024-03-25 20:00:00,BIN_007,Lyari,Organic,24.8558,66.9922,86.45,41.4,61.0,0,1,1,20,0,3,84.37,2.0799999999999983,2
2024-03-26 00:00:00,BIN_007,Lyari,Organic,24.8558,66.9922,11.27,32.9,66.0,0,0,0,0,1,3,86.45,-75.18,2
2024-03-26 04:00:00,BIN_007,Lyari,Organic,24.8558,66.9922,14.49,37.6,62.5,0,0,0,4,1,3,11.27,3.2200000000000006,2
2024-03-26 08:00:00,BIN_007,Lyari,Organic,24.8558,66.9922,14.29,28.1,89.0,0,0,0,8,1,3,14.49,-0.20000000000000107,2
2024-03-26 12:00:00,BIN_007,Lyari,Organic,24.8558,66.9922,15.53,34.0,88.9,0,0,0,12,1,3,14.29,1.2400000000000002,2
2024-03-26 16:00:00,BIN_007,Lyari,Organic,24.8558,66.9922,17.65,30.8,82.7,0,0,0,16,1,3,15.53,2.119999999999999,2
2024-03-26 20:00:00,BIN_007,Lyari,Organic,24.8558,66.9922,17.78,39.0,58.9,0,0,0,20,1,3,17.65,0.13000000000000256,2
2024-03-27 00:00:00,BIN_007,Lyari,Organic,24.8558,66.9922,19.67,40.4,88.5,0,0,0,0,2,3,17.78,1.8900000000000006,2
2024-03-27 04:00:00,BIN_007,Lyari,Organic,24.8558,66.9922,21.43,32.8,58.7,0,0,0,4,2,3,19.67,1.759999999999998,2
2024-03-27 08:00:00,BIN_007,Lyari,Organic,24.8558,66.9922,23.17,39.1,60.3,0,0,0,8,2,3,21.43,1.740000000000002,2
2024-03-27 12:00:00,BIN_007,Lyari,Organic,24.8558,66.9922,22.84,37.2,66.3,0,0,0,12,2,3,23.17,-0.33000000000000185,2
2024-03-27 16:00:00,BIN_007,Lyari,Organic,24.8558,66.9922,26.48,34.5,83.4,0,0,0,16,2,3,22.84,3.6400000000000006,2
2024-03-27 20:00:00,BIN_007,Lyari,Organic,24.8558,66.9922,26.34,30.2,82.6,0,0,0,20,2,3,26.48,-0.14000000000000057,2
2024-03-28 00:00:00,BIN_007,Lyari,Organic,24.8558,66.9922,29.46,31.5,66.5,0,0,0,0,3,3,26.34,3.120000000000001,2
2024-03-28 04:00:00,BIN_007,Lyari,Organic,24.8558,66.9922,31.8,35.5,62.4,0,0,0,4,3,3,29.46,2.34,2
2024-03-28 08:00:00,BIN_007,Lyari,Organic,24.8558,66.9922,34.39,30.0,71.2,0,0,0,8,3,3,31.8,2.59,2
2024-03-28 12:00:00,BIN_007,Lyari,Organic,24.8558,66.9922,37.1,38.8,66.8,0,0,0,12,3,3,34.39,2.710000000000001,2
2024-03-28 16:00:00,BIN_007,Lyari,Organic,24.8558,66.9922,38.1,36.5,60.3,0,0,0,16,3,3,37.1,1.0,2
2024-03-28 20:00:00,BIN_007,Lyari,Organic,24.8558,66.9922,40.05,39.6,67.4,0,0,0,20,3,3,38.1,1.9499999999999957,2
2024-03-29 00:00:00,BIN_007,Lyari,Organic,24.8558,66.9922,42.94,28.7,68.9,0,0,0,0,4,3,40.05,2.8900000000000006,2
2024-03-29 04:00:00,BIN_007,Lyari,Organic,24.8558,66.9922,43.93,33.2,65.0,0,0,0,4,4,3,42.94,0.990000000000002,2
2024-03-29 08:00:00,BIN_007,Lyari,Organic,24.8558,66.9922,45.96,28.9,80.0,0,0,0,8,4,3,43.93,2.030000000000001,2
2024-03-29 12:00:00,BIN_007,Lyari,Organic,24.8558,66.9922,48.18,35.4,86.5,0,0,0,12,4,3,45.96,2.219999999999999,2
2024-03-29 16:00:00,BIN_007,Lyari,Organic,24.8558,66.9922,50.97,35.0,72.1,0,0,0,16,4,3,48.18,2.789999999999999,2
2024-03-29 20:00:00,BIN_007,Lyari,Organic,24.8558,66.9922,50.04,34.4,62.2,0,0,0,20,4,3,50.97,-0.9299999999999997,2
2024-03-30 00:00:00,BIN_007,Lyari,Organic,24.8558,66.9922,51.84,41.4,64.1,1,0,0,0,5,3,50.04,1.8000000000000043,2
2024-03-30 04:00:00,BIN_007,Lyari,Organic,24.8558,66.9922,56.47,37.6,87.9,1,0,0,4,5,3,51.84,4.6299999999999955,2
2024-03-30 08:00:00,BIN_007,Lyari,Organic,24.8558,66.9922,59.98,39.6,67.6,1,0,0,8,5,3,56.47,3.509999999999998,2
2024-03-30 12:00:00,BIN_007,Lyari,Organic,24.8558,66.9922,62.78,36.4,60.5,1,0,0,12,5,3,59.98,2.8000000000000043,2
2024-03-30 16:00:00,BIN_007,Lyari,Organic,24.8558,66.9922,62.71,38.4,73.5,1,0,0,16,5,3,62.78,-0.07000000000000028,2
2024-03-30 20:00:00,BIN_007,Lyari,Organic,24.8558,66.9922,65.27,33.8,64.4,1,0,0,20,5,3,62.71,2.559999999999995,2
2024-01-01 04:00:00,BIN_008,DHA,General,24.7925,67.0601,23.65,29.4,58.9,0,0,0,4,0,1,21.34,2.3099999999999987,0
2024-01-01 08:00:00,BIN_008,DHA,General,24.7925,67.0601,27.56,33.1,89.2,0,0,0,8,0,1,23.65,3.91,0
2024-01-01 12:00:00,BIN_008,DHA,General,24.7925,67.0601,29.89,34.1,60.3,0,0,0,12,0,1,27.56,2.330000000000002,0
2024-01-01 16:00:00,BIN_008,DHA,General,24.7925,67.0601,34.62,39.7,71.1,0,0,0,16,0,1,29.89,4.729999999999997,0
2024-01-01 20:00:00,BIN_008,DHA,General,24.7925,67.0601,35.82,36.3,64.4,0,0,0,20,0,1,34.62,1.2000000000000028,0
2024-01-02 00:00:00,BIN_008,DHA,General,24.7925,67.0601,35.21,41.4,71.9,0,0,0,0,1,1,35.82,-0.6099999999999994,0
2024-01-02 04:00:00,BIN_008,DHA,General,24.7925,67.0601,37.58,32.6,61.4,0,0,0,4,1,1,35.21,2.3699999999999974,0
2024-01-02 08:00:00,BIN_008,DHA,General,24.7925,67.0601,40.35,36.6,87.0,0,0,0,8,1,1,37.58,2.770000000000003,0
2024-01-02 12:00:00,BIN_008,DHA,General,24.7925,67.0601,41.35,31.2,59.2,0,0,0,12,1,1,40.35,1.0,0
2024-01-02 16:00:00,BIN_008,DHA,General,24.7925,67.0601,43.13,42.0,79.3,0,0,0,16,1,1,41.35,1.7800000000000011,0
2024-01-02 20:00:00,BIN_008,DHA,General,24.7925,67.0601,44.57,32.3,85.7,0,0,0,20,1,1,43.13,1.4399999999999977,0
2024-01-03 00:00:00,BIN_008,DHA,General,24.7925,67.0601,45.48,30.1,62.9,0,0,0,0,2,1,44.57,0.9099999999999966,0
2024-01-03 04:00:00,BIN_008,DHA,General,24.7925,67.0601,48.61,34.6,69.9,0,0,0,4,2,1,45.48,3.1300000000000026,0
2024-01-03 08:00:00,BIN_008,DHA,General,24.7925,67.0601,49.13,38.7,89.7,0,0,0,8,2,1,48.61,0.5200000000000031,0
2024-01-03 12:00:00,BIN_008,DHA,General,24.7925,67.0601,50.09,38.9,65.4,0,0,0,12,2,1,49.13,0.9600000000000009,0
2024-01-03 16:00:00,BIN_008,DHA,General,24.7925,67.0601,50.69,29.9,74.3,0,0,0,16,2,1,50.09,0.5999999999999943,0
2024-01-03 20:00:00,BIN_008,DHA,General,24.7925,67.0601,51.41,36.5,79.7,0,0,0,20,2,1,50.69,0.7199999999999989,0
2024-01-04 00:00:00,BIN_008,DHA,General,24.7925,67.0601,51.43,32.6,78.9,0,0,0,0,3,1,51.41,0.020000000000003126,0
2024-01-04 04:00:00,BIN_008,DHA,General,24.7925,67.0601,54.72,32.9,62.4,0,0,0,4,3,1,51.43,3.289999999999999,0
2024-01-04 08:00:00,BIN_008,DHA,General,24.7925,67.0601,54.37,29.2,84.1,0,0,0,8,3,1,54.72,-0.3500000000000014,0
2024-01-04 12:00:00,BIN_008,DHA,General,24.7925,67.0601,54.97,39.9,62.7,0,0,0,12,3,1,54.37,0.6000000000000014,0
2024-01-04 16:00:00,BIN_008,DHA,General,24.7925,67.0601,56.86,31.0,68.8,0,0,0,16,3,1,54.97,1.8900000000000006,0
2024-01-04 20:00:00,BIN_008,DHA,General,24.7925,67.0601,58.41,28.9,62.9,0,0,0,20,3,1,56.86,1.5499999999999972,0
2024-01-05 00:00:00,BIN_008,DHA,General,24.7925,67.0601,61.07,30.9,66.8,0,0,0,0,4,1,58.41,2.6600000000000037,0
2024-01-05 04:00:00,BIN_008,DHA,General,24.7925,67.0601,63.69,29.9,57.6,0,0,0,4,4,1,61.07,2.6199999999999974,0
2024-01-05 08:00:00,BIN_008,DHA,General,24.7925,67.0601,67.8,39.8,83.2,0,0,0,8,4,1,63.69,4.109999999999999,0
2024-01-05 12:00:00,BIN_008,DHA,General,24.7925,67.0601,69.94,28.2,61.5,0,0,0,12,4,1,67.8,2.1400000000000006,0
2024-01-05 16:00:00,BIN_008,DHA,General,24.7925,67.0601,69.9,41.8,78.3,0,0,0,16,4,1,69.94,-0.03999999999999204,0
2024-01-05 20:00:00,BIN_008,DHA,General,24.7925,67.0601,73.92,41.4,62.1,0,0,0,20,4,1,69.9,4.019999999999996,0
2024-01-06 00:00:00,BIN_008,DHA,General,24.7925,67.0601,75.62,41.9,60.5,1,1,0,0,5,1,73.92,1.7000000000000028,0
2024-01-06 04:00:00,BIN_008,DHA,General,24.7925,67.0601,79.15,35.2,82.7,1,1,0,4,5,1,75.62,3.530000000000001,0
2024-01-06 08:00:00,BIN_008,DHA,General,24.7925,67.0601,79.68,41.8,69.9,1,1,0,8,5,1,79.15,0.5300000000000011,0
2024-01-06 12:00:00,BIN_008,DHA,General,24.7925,67.0601,78.24,36.5,56.9,1,1,0,12,5,1,79.68,-1.440000000000012,0
2024-01-06 16:00:00,BIN_008,DHA,General,24.7925,67.0601,81.19,33.7,55.6,1,1,0,16,5,1,78.24,2.950000000000003,0
2024-01-06 20:00:00,BIN_008,DHA,General,24.7925,67.0601,84.98,36.3,55.4,1,1,0,20,5,1,81.19,3.7900000000000063,0
2024-01-07 00:00:00,BIN_008,DHA,General,24.7925,67.0601,86.51,37.1,56.9,1,1,1,0,6,1,84.98,1.5300000000000011,0
2024-01-07 04:00:00,BIN_008,DHA,General,24.7925,67.0601,4.66,30.1,75.3,1,0,0,4,6,1,86.51,-81.85000000000001,0
2024-01-07 08:00:00,BIN_008,DHA,General,24.7925,67.0601,8.84,31.6,58.1,1,0,0,8,6,1,4.66,4.18,0
2024-01-07 12:00:00,BIN_008,DHA,General,24.7925,67.0601,12.51,29.1,69.9,1,0,0,12,6,1,8.84,3.67,0
2024-01-07 16:00:00,BIN_008,DHA,General,24.7925,67.0601,14.15,36.5,78.8,1,0,0,16,6,1,12.51,1.6400000000000006,0
2024-01-07 20:00:00,BIN_008,DHA,General,24.7925,67.0601,16.05,37.0,85.1,1,0,0,20,6,1,14.15,1.9000000000000004,0
2024-01-08 00:00:00,BIN_008,DHA,General,24.7925,67.0601,16.14,32.1,78.2,0,0,0,0,0,1,16.05,0.08999999999999986,0
2024-01-08 04:00:00,BIN_008,DHA,General,24.7925,67.0601,17.85,36.6,73.6,0,0,0,4,0,1,16.14,1.7100000000000009,0
2024-01-08 08:00:00,BIN_008,DHA,General,24.7925,67.0601,21.21,40.3,75.5,0,0,0,8,0,1,17.85,3.3599999999999994,0
2024-01-08 12:00:00,BIN_008,DHA,General,24.7925,67.0601,25.1,38.9,63.7,0,0,0,12,0,1,21.21,3.8900000000000006,0
2024-01-08 16:00:00,BIN_008,DHA,General,24.7925,67.0601,27.85,33.4,82.3,0,0,0,16,0,1,25.1,2.75,0
2024-01-08 20:00:00,BIN_008,DHA,General,24.7925,67.0601,30.06,38.1,57.1,0,0,0,20,0,1,27.85,2.2099999999999973,0
2024-01-09 00:00:00,BIN_008,DHA,General,24.7925,67.0601,30.28,41.5,83.4,0,0,0,0,1,1,30.06,0.22000000000000242,0
2024-01-09 04:00:00,BIN_008,DHA,General,24.7925,67.0601,32.4,29.5,59.3,0,0,0,4,1,1,30.28,2.1199999999999974,0
2024-01-09 08:00:00,BIN_008,DHA,General,24.7925,67.0601,31.59,28.5,74.0,0,0,0,8,1,1,32.4,-0.8099999999999987,0
2024-01-09 12:00:00,BIN_008,DHA,General,24.7925,67.0601,34.93,33.4,58.5,0,0,0,12,1,1,31.59,3.34,0
2024-01-09 16:00:00,BIN_008,DHA,General,24.7925,67.0601,37.73,31.0,64.2,0,0,0,16,1,1,34.93,2.799999999999997,0
2024-01-09 20:00:00,BIN_008,DHA,General,24.7925,67.0601,40.32,30.9,81.8,0,0,0,20,1,1,37.73,2.5900000000000034,0
2024-01-10 00:00:00,BIN_008,DHA,General,24.7925,67.0601,42.18,40.3,77.4,0,0,0,0,2,1,40.32,1.8599999999999994,0
2024-01-10 04:00:00,BIN_008,DHA,General,24.7925,67.0601,44.14,33.4,69.9,0,0,0,4,2,1,42.18,1.9600000000000009,0
2024-01-10 08:00:00,BIN_008,DHA,General,24.7925,67.0601,45.06,35.7,74.5,0,0,0,8,2,1,44.14,0.9200000000000017,0
2024-01-10 12:00:00,BIN_008,DHA,General,24.7925,67.0601,49.53,31.9,71.7,0,0,0,12,2,1,45.06,4.469999999999999,0
2024-01-10 16:00:00,BIN_008,DHA,General,24.7925,67.0601,47.79,39.5,70.8,0,0,0,16,2,1,49.53,-1.740000000000002,0
2024-01-10 20:00:00,BIN_008,DHA,General,24.7925,67.0601,48.64,36.5,86.3,0,0,0,20,2,1,47.79,0.8500000000000014,0
2024-01-11 00:00:00,BIN_008,DHA,General,24.7925,67.0601,49.07,40.7,77.7,0,0,0,0,3,1,48.64,0.4299999999999997,0
2024-01-11 04:00:00,BIN_008,DHA,General,24.7925,67.0601,49.4,29.1,59.7,0,0,0,4,3,1,49.07,0.3299999999999983,0
2024-01-11 08:00:00,BIN_008,DHA,General,24.7925,67.0601,51.76,38.3,85.1,0,0,0,8,3,1,49.4,2.3599999999999994,0
2024-01-11 12:00:00,BIN_008,DHA,General,24.7925,67.0601,51.98,41.2,62.1,0,0,0,12,3,1,51.76,0.21999999999999886,0
2024-01-11 16:00:00,BIN_008,DHA,General,24.7925,67.0601,52.14,33.0,87.0,0,0,0,16,3,1,51.98,0.1600000000000037,0
2024-01-11 20:00:00,BIN_008,DHA,General,24.7925,67.0601,52.73,36.1,80.8,0,0,0,20,3,1,52.14,0.5899999999999963,0
2024-01-12 00:00:00,BIN_008,DHA,General,24.7925,67.0601,53.78,28.9,73.8,0,0,0,0,4,1,52.73,1.0500000000000043,0
2024-01-12 04:00:00,BIN_008,DHA,General,24.7925,67.0601,55.53,38.1,62.5,0,0,0,4,4,1,53.78,1.75,0
2024-01-12 08:00:00,BIN_008,DHA,General,24.7925,67.0601,58.57,33.8,81.1,0,0,0,8,4,1,55.53,3.039999999999999,0
2024-01-12 12:00:00,BIN_008,DHA,General,24.7925,67.0601,61.24,33.7,78.7,0,0,0,12,4,1,58.57,2.6700000000000017,0
2024-01-12 16:00:00,BIN_008,DHA,General,24.7925,67.0601,61.5,30.3,62.1,0,0,0,16,4,1,61.24,0.259999999999998,0
2024-01-12 20:00:00,BIN_008,DHA,General,24.7925,67.0601,60.63,37.7,87.1,0,0,0,20,4,1,61.5,-0.8699999999999974,0
2024-01-13 00:00:00,BIN_008,DHA,General,24.7925,67.0601,61.14,32.0,70.9,1,0,0,0,5,1,60.63,0.509999999999998,0
2024-01-13 04:00:00,BIN_008,DHA,General,24.7925,67.0601,62.85,32.1,63.2,1,0,0,4,5,1,61.14,1.7100000000000009,0
2024-01-13 08:00:00,BIN_008,DHA,General,24.7925,67.0601,67.3,31.7,76.1,1,0,0,8,5,1,62.85,4.449999999999996,0
2024-01-13 12:00:00,BIN_008,DHA,General,24.7925,67.0601,69.89,37.4,77.9,1,0,0,12,5,1,67.3,2.5900000000000034,0
2024-01-13 16:00:00,BIN_008,DHA,General,24.7925,67.0601,69.19,39.7,81.5,1,0,0,16,5,1,69.89,-0.7000000000000028,0
2024-01-13 20:00:00,BIN_008,DHA,General,24.7925,67.0601,70.44,32.5,58.6,1,0,0,20,5,1,69.19,1.25,0
2024-01-14 00:00:00,BIN_008,DHA,General,24.7925,67.0601,71.84,32.7,81.4,1,0,0,0,6,1,70.44,1.4000000000000057,0
2024-01-14 04:00:00,BIN_008,DHA,General,24.7925,67.0601,74.31,32.1,81.7,1,0,0,4,6,1,71.84,2.469999999999999,0
2024-01-14 08:00:00,BIN_008,DHA,General,24.7925,67.0601,75.34,38.2,81.2,1,1,0,8,6,1,74.31,1.0300000000000011,0
2024-01-14 12:00:00,BIN_008,DHA,General,24.7925,67.0601,78.87,33.6,62.4,1,1,0,12,6,1,75.34,3.530000000000001,0
2024-01-14 16:00:00,BIN_008,DHA,General,24.7925,67.0601,82.41,37.0,61.1,1,1,0,16,6,1,78.87,3.539999999999992,0
2024-01-14 20:00:00,BIN_008,DHA,General,24.7925,67.0601,84.77,37.6,70.0,1,1,0,20,6,1,82.41,2.3599999999999994,0
2024-01-15 00:00:00,BIN_008,DHA,General,24.7925,67.0601,88.86,35.2,83.5,0,1,1,0,0,1,84.77,4.090000000000003,0
2024-01-15 04:00:00,BIN_008,DHA,General,24.7925,67.0601,9.9,36.6,60.3,0,0,0,4,0,1,88.86,-78.96,0
2024-01-15 08:00:00,BIN_008,DHA,General,24.7925,67.0601,11.61,31.6,81.4,0,0,0,8,0,1,9.9,1.709999999999999,0
2024-01-15 12:00:00,BIN_008,DHA,General,24.7925,67.0601,11.69,38.1,59.9,0,0,0,12,0,1,11.61,0.08000000000000007,0
2024-01-15 16:00:00,BIN_008,DHA,General,24.7925,67.0601,13.24,39.2,71.0,0,0,0,16,0,1,11.69,1.5500000000000007,0
2024-01-15 20:00:00,BIN_008,DHA,General,24.7925,67.0601,15.27,32.6,60.5,0,0,0,20,0,1,13.24,2.0299999999999994,0
2024-01-16 00:00:00,BIN_008,DHA,General,24.7925,67.0601,17.76,35.7,59.3,0,0,0,0,1,1,15.27,2.490000000000002,0
2024-01-16 04:00:00,BIN_008,DHA,General,24.7925,67.0601,18.05,29.6,57.5,0,0,0,4,1,1,17.76,0.28999999999999915,0
2024-01-16 08:00:00,BIN_008,DHA,General,24.7925,67.0601,21.12,28.8,74.6,0,0,0,8,1,1,18.05,3.0700000000000003,0
2024-01-16 12:00:00,BIN_008,DHA,General,24.7925,67.0601,24.39,29.2,86.6,0,0,0,12,1,1,21.12,3.2699999999999996,0
2024-01-16 16:00:00,BIN_008,DHA,General,24.7925,67.0601,26.57,41.0,83.4,0,0,0,16,1,1,24.39,2.1799999999999997,0
2024-01-16 20:00:00,BIN_008,DHA,General,24.7925,67.0601,29.19,39.6,74.9,0,0,0,20,1,1,26.57,2.620000000000001,0
2024-01-17 00:00:00,BIN_008,DHA,General,24.7925,67.0601,29.44,32.6,77.0,0,0,0,0,2,1,29.19,0.25,0
2024-01-17 04:00:00,BIN_008,DHA,General,24.7925,67.0601,30.16,30.4,64.1,0,0,0,4,2,1,29.44,0.7199999999999989,0
2024-01-17 08:00:00,BIN_008,DHA,General,24.7925,67.0601,29.59,36.2,87.3,0,0,0,8,2,1,30.16,-0.5700000000000003,0
2024-01-17 12:00:00,BIN_008,DHA,General,24.7925,67.0601,31.08,38.5,78.3,0,0,0,12,2,1,29.59,1.4899999999999984,0
2024-01-17 16:00:00,BIN_008,DHA,General,24.7925,67.0601,32.27,30.6,86.3,0,0,0,16,2,1,31.08,1.1900000000000048,0
2024-01-17 20:00:00,BIN_008,DHA,General,24.7925,67.0601,38.01,31.5,58.2,0,0,0,20,2,1,32.27,5.739999999999995,0
2024-01-18 00:00:00,BIN_008,DHA,General,24.7925,67.0601,38.72,33.2,56.0,0,0,0,0,3,1,38.01,0.7100000000000009,0
2024-01-18 04:00:00,BIN_008,DHA,General,24.7925,67.0601,41.31,29.9,61.1,0,0,0,4,3,1,38.72,2.5900000000000034,0
2024-01-18 08:00:00,BIN_008,DHA,General,24.7925,67.0601,43.32,39.7,68.1,0,0,0,8,3,1,41.31,2.009999999999998,0
2024-01-18 12:00:00,BIN_008,DHA,General,24.7925,67.0601,44.41,40.2,62.5,0,0,0,12,3,1,43.32,1.0899999999999963,0
2024-01-18 16:00:00,BIN_008,DHA,General,24.7925,67.0601,44.85,36.7,69.7,0,0,0,16,3,1,44.41,0.44000000000000483,0
2024-01-18 20:00:00,BIN_008,DHA,General,24.7925,67.0601,45.95,36.6,81.7,0,0,0,20,3,1,44.85,1.1000000000000014,0
2024-01-19 00:00:00,BIN_008,DHA,General,24.7925,67.0601,50.95,41.1,65.5,0,0,0,0,4,1,45.95,5.0,0
2024-01-19 04:00:00,BIN_008,DHA,General,24.7925,67.0601,53.87,33.0,80.1,0,0,0,4,4,1,50.95,2.9199999999999946,0
2024-01-19 08:00:00,BIN_008,DHA,General,24.7925,67.0601,53.88,33.3,71.4,0,0,0,8,4,1,53.87,0.010000000000005116,0
2024-01-19 12:00:00,BIN_008,DHA,General,24.7925,67.0601,56.26,33.9,61.2,0,0,0,12,4,1,53.88,2.3799999999999955,0
2024-01-19 16:00:00,BIN_008,DHA,General,24.7925,67.0601,58.11,34.7,78.8,0,0,0,16,4,1,56.26,1.8500000000000014,0
2024-01-19 20:00:00,BIN_008,DHA,General,24.7925,67.0601,59.99,40.6,59.8,0,0,0,20,4,1,58.11,1.8800000000000026,0
2024-01-20 00:00:00,BIN_008,DHA,General,24.7925,67.0601,62.71,39.2,56.3,1,0,0,0,5,1,59.99,2.719999999999999,0
2024-01-20 04:00:00,BIN_008,DHA,General,24.7925,67.0601,62.57,41.8,70.9,1,0,0,4,5,1,62.71,-0.14000000000000057,0
2024-01-20 08:00:00,BIN_008,DHA,General,24.7925,67.0601,62.81,30.4,82.7,1,0,0,8,5,1,62.57,0.240000000000002,0
2024-01-20 12:00:00,BIN_008,DHA,General,24.7925,67.0601,63.71,41.4,69.5,1,0,0,12,5,1,62.81,0.8999999999999986,0
2024-01-20 16:00:00,BIN_008,DHA,General,24.7925,67.0601,69.07,34.1,74.6,1,0,0,16,5,1,63.71,5.359999999999992,0
2024-01-20 20:00:00,BIN_008,DHA,General,24.7925,67.0601,71.04,28.8,79.4,1,0,0,20,5,1,69.07,1.970000000000013,0
2024-01-21 00:00:00,BIN_008,DHA,General,24.7925,67.0601,72.54,32.5,71.8,1,0,0,0,6,1,71.04,1.5,0
2024-01-21 04:00:00,BIN_008,DHA,General,24.7925,67.0601,75.83,36.4,65.1,1,1,0,4,6,1,72.54,3.289999999999992,0
2024-01-21 08:00:00,BIN_008,DHA,General,24.7925,67.0601,75.67,28.8,55.1,1,1,0,8,6,1,75.83,-0.1599999999999966,0
2024-01-21 12:00:00,BIN_008,DHA,General,24.7925,67.0601,79.1,29.4,82.7,1,1,0,12,6,1,75.67,3.4299999999999926,0
2024-01-21 16:00:00,BIN_008,DHA,General,24.7925,67.0601,81.28,35.2,60.1,1,1,0,16,6,1,79.1,2.180000000000007,0
2024-01-21 20:00:00,BIN_008,DHA,General,24.7925,67.0601,84.35,35.7,60.1,1,1,0,20,6,1,81.28,3.069999999999993,0
2024-01-22 00:00:00,BIN_008,DHA,General,24.7925,67.0601,87.09,30.7,81.8,0,1,1,0,0,1,84.35,2.740000000000009,0
2024-01-22 04:00:00,BIN_008,DHA,General,24.7925,67.0601,2.25,33.3,58.9,0,0,0,4,0,1,87.09,-84.84,0
2024-01-22 08:00:00,BIN_008,DHA,General,24.7925,67.0601,2.45,33.2,69.6,0,0,0,8,0,1,2.25,0.20000000000000018,0
2024-01-22 12:00:00,BIN_008,DHA,General,24.7925,67.0601,3.5,32.2,78.0,0,0,0,12,0,1,2.45,1.0499999999999998,0
2024-01-22 16:00:00,BIN_008,DHA,General,24.7925,67.0601,5.01,30.7,64.5,0,0,0,16,0,1,3.5,1.5099999999999998,0
2024-01-22 20:00:00,BIN_008,DHA,General,24.7925,67.0601,7.9,40.0,75.0,0,0,0,20,0,1,5.01,2.8900000000000006,0
2024-01-23 00:00:00,BIN_008,DHA,General,24.7925,67.0601,7.92,34.3,64.7,0,0,0,0,1,1,7.9,0.019999999999999574,0
2024-01-23 04:00:00,BIN_008,DHA,General,24.7925,67.0601,9.47,41.2,85.9,0,0,0,4,1,1,7.92,1.5500000000000007,0
2024-01-23 08:00:00,BIN_008,DHA,General,24.7925,67.0601,11.29,31.2,69.4,0,0,0,8,1,1,9.47,1.8199999999999985,0
2024-01-23 12:00:00,BIN_008,DHA,General,24.7925,67.0601,11.78,40.3,73.5,0,0,0,12,1,1,11.29,0.4900000000000002,0
2024-01-23 16:00:00,BIN_008,DHA,General,24.7925,67.0601,11.9,39.2,76.9,0,0,0,16,1,1,11.78,0.120000000000001,0
2024-01-23 20:00:00,BIN_008,DHA,General,24.7925,67.0601,12.74,34.6,62.6,0,0,0,20,1,1,11.9,0.8399999999999999,0
2024-01-24 00:00:00,BIN_008,DHA,General,24.7925,67.0601,14.93,35.3,69.0,0,0,0,0,2,1,12.74,2.1899999999999995,0
2024-01-24 04:00:00,BIN_008,DHA,General,24.7925,67.0601,16.55,35.3,82.3,0,0,0,4,2,1,14.93,1.620000000000001,0
2024-01-24 08:00:00,BIN_008,DHA,General,24.7925,67.0601,16.77,36.2,78.3,0,0,0,8,2,1,16.55,0.21999999999999886,0
2024-01-24 12:00:00,BIN_008,DHA,General,24.7925,67.0601,17.77,38.0,85.9,0,0,0,12,2,1,16.77,1.0,0
2024-01-24 16:00:00,BIN_008,DHA,General,24.7925,67.0601,18.55,41.4,70.2,0,0,0,16,2,1,17.77,0.7800000000000011,0
2024-01-24 20:00:00,BIN_008,DHA,General,24.7925,67.0601,20.02,36.7,78.3,0,0,0,20,2,1,18.55,1.4699999999999989,0
2024-01-25 00:00:00,BIN_008,DHA,General,24.7925,67.0601,19.66,38.6,83.1,0,0,0,0,3,1,20.02,-0.35999999999999943,0
2024-01-25 04:00:00,BIN_008,DHA,General,24.7925,67.0601,21.77,35.7,72.1,0,0,0,4,3,1,19.66,2.1099999999999994,0
2024-01-25 08:00:00,BIN_008,DHA,General,24.7925,67.0601,21.62,41.4,82.4,0,0,0,8,3,1,21.77,-0.14999999999999858,0
2024-01-25 12:00:00,BIN_008,DHA,General,24.7925,67.0601,21.77,37.2,73.1,0,0,0,12,3,1,21.62,0.14999999999999858,0
2024-01-25 16:00:00,BIN_008,DHA,General,24.7925,67.0601,22.29,34.9,85.6,0,0,0,16,3,1,21.77,0.5199999999999996,0
2024-01-25 20:00:00,BIN_008,DHA,General,24.7925,67.0601,23.66,40.4,55.4,0,0,0,20,3,1,22.29,1.370000000000001,0
2024-01-26 00:00:00,BIN_008,DHA,General,24.7925,67.0601,24.93,28.5,84.7,0,0,0,0,4,1,23.66,1.2699999999999996,0
2024-01-26 04:00:00,BIN_008,DHA,General,24.7925,67.0601,27.54,40.1,75.9,0,0,0,4,4,1,24.93,2.6099999999999994,0
2024-01-26 08:00:00,BIN_008,DHA,General,24.7925,67.0601,31.25,39.0,86.2,0,0,0,8,4,1,27.54,3.710000000000001,0
2024-01-26 12:00:00,BIN_008,DHA,General,24.7925,67.0601,33.48,35.7,88.9,0,0,0,12,4,1,31.25,2.229999999999997,0
2024-01-26 16:00:00,BIN_008,DHA,General,24.7925,67.0601,35.25,33.4,76.5,0,0,0,16,4,1,33.48,1.7700000000000031,0
2024-01-26 20:00:00,BIN_008,DHA,General,24.7925,67.0601,38.82,28.8,72.7,0,0,0,20,4,1,35.25,3.5700000000000003,0
2024-01-27 00:00:00,BIN_008,DHA,General,24.7925,67.0601,40.65,34.0,87.9,1,0,0,0,5,1,38.82,1.8299999999999983,0
2024-01-27 04:00:00,BIN_008,DHA,General,24.7925,67.0601,43.56,34.0,67.5,1,0,0,4,5,1,40.65,2.9100000000000037,0
2024-01-27 08:00:00,BIN_008,DHA,General,24.7925,67.0601,47.2,36.8,83.0,1,0,0,8,5,1,43.56,3.6400000000000006,0
2024-01-27 12:00:00,BIN_008,DHA,General,24.7925,67.0601,45.39,34.3,83.6,1,0,0,12,5,1,47.2,-1.8100000000000023,0
2024-01-27 16:00:00,BIN_008,DHA,General,24.7925,67.0601,44.6,37.2,80.1,1,0,0,16,5,1,45.39,-0.7899999999999991,0
2024-01-27 20:00:00,BIN_008,DHA,General,24.7925,67.0601,47.55,35.8,57.0,1,0,0,20,5,1,44.6,2.9499999999999957,0
2024-01-28 00:00:00,BIN_008,DHA,General,24.7925,67.0601,49.05,32.0,78.6,1,0,0,0,6,1,47.55,1.5,0
2024-01-28 04:00:00,BIN_008,DHA,General,24.7925,67.0601,50.12,28.3,81.4,1,0,0,4,6,1,49.05,1.0700000000000003,0
2024-01-28 08:00:00,BIN_008,DHA,General,24.7925,67.0601,51.09,35.4,62.6,1,0,0,8,6,1,50.12,0.970000000000006,0
2024-01-28 12:00:00,BIN_008,DHA,General,24.7925,67.0601,51.73,40.4,58.0,1,0,0,12,6,1,51.09,0.6399999999999935,0
2024-01-28 16:00:00,BIN_008,DHA,General,24.7925,67.0601,55.77,36.6,65.2,1,0,0,16,6,1,51.73,4.040000000000006,0
2024-01-28 20:00:00,BIN_008,DHA,General,24.7925,67.0601,57.8,33.9,79.7,1,0,0,20,6,1,55.77,2.029999999999994,0
2024-01-29 00:00:00,BIN_008,DHA,General,24.7925,67.0601,58.85,28.9,63.3,0,0,0,0,0,1,57.8,1.0500000000000043,0
2024-01-29 04:00:00,BIN_008,DHA,General,24.7925,67.0601,61.39,34.0,80.6,0,0,0,4,0,1,58.85,2.539999999999999,0
2024-01-29 08:00:00,BIN_008,DHA,General,24.7925,67.0601,61.17,35.0,87.4,0,0,0,8,0,1,61.39,-0.21999999999999886,0
2024-01-29 12:00:00,BIN_008,DHA,General,24.7925,67.0601,63.88,39.4,66.3,0,0,0,12,0,1,61.17,2.710000000000001,0
2024-01-29 16:00:00,BIN_008,DHA,General,24.7925,67.0601,66.45,30.6,72.9,0,0,0,16,0,1,63.88,2.5700000000000003,0
2024-01-29 20:00:00,BIN_008,DHA,General,24.7925,67.0601,67.06,29.3,87.2,0,0,0,20,0,1,66.45,0.6099999999999994,0
2024-01-30 00:00:00,BIN_008,DHA,General,24.7925,67.0601,69.86,41.2,55.2,0,0,0,0,1,1,67.06,2.799999999999997,0
2024-01-30 04:00:00,BIN_008,DHA,General,24.7925,67.0601,71.24,34.5,55.9,0,0,0,4,1,1,69.86,1.3799999999999955,0
2024-01-30 08:00:00,BIN_008,DHA,General,24.7925,67.0601,73.07,29.0,58.9,0,0,0,8,1,1,71.24,1.8299999999999983,0
2024-01-30 12:00:00,BIN_008,DHA,General,24.7925,67.0601,76.18,33.4,87.9,0,1,0,12,1,1,73.07,3.1100000000000136,0
2024-01-30 16:00:00,BIN_008,DHA,General,24.7925,67.0601,79.1,33.1,56.5,0,1,0,16,1,1,76.18,2.9199999999999875,0
2024-01-30 20:00:00,BIN_008,DHA,General,24.7925,67.0601,81.47,41.6,55.6,0,1,0,20,1,1,79.1,2.3700000000000045,0
2024-01-31 00:00:00,BIN_008,DHA,General,24.7925,67.0601,83.02,28.1,79.1,0,1,0,0,2,1,81.47,1.5499999999999972,0
2024-01-31 04:00:00,BIN_008,DHA,General,24.7925,67.0601,85.55,41.7,88.8,0,1,1,4,2,1,83.02,2.530000000000001,0
2024-01-31 08:00:00,BIN_008,DHA,General,24.7925,67.0601,3.78,36.9,80.9,0,0,0,8,2,1,85.55,-81.77,0
2024-01-31 12:00:00,BIN_008,DHA,General,24.7925,67.0601,3.62,30.5,88.6,0,0,0,12,2,1,3.78,-0.1599999999999997,0
2024-01-31 16:00:00,BIN_008,DHA,General,24.7925,67.0601,6.89,35.6,69.5,0,0,0,16,2,1,3.62,3.2699999999999996,0
2024-01-31 20:00:00,BIN_008,DHA,General,24.7925,67.0601,9.26,41.7,75.4,0,0,0,20,2,1,6.89,2.37,0
2024-02-01 00:00:00,BIN_008,DHA,General,24.7925,67.0601,11.85,28.0,56.4,0,0,0,0,3,2,9.26,2.59,0
2024-02-01 04:00:00,BIN_008,DHA,General,24.7925,67.0601,16.52,30.8,61.5,0,0,0,4,3,2,11.85,4.67,0
2024-02-01 08:00:00,BIN_008,DHA,General,24.7925,67.0601,17.01,33.0,69.7,0,0,0,8,3,2,16.52,0.490000000000002,0
2024-02-01 12:00:00,BIN_008,DHA,General,24.7925,67.0601,17.18,29.4,56.5,0,0,0,12,3,2,17.01,0.16999999999999815,0
2024-02-01 16:00:00,BIN_008,DHA,General,24.7925,67.0601,19.59,34.2,77.2,0,0,0,16,3,2,17.18,2.41,0
2024-02-01 20:00:00,BIN_008,DHA,General,24.7925,67.0601,24.34,39.6,70.0,0,0,0,20,3,2,19.59,4.75,0
2024-02-02 00:00:00,BIN_008,DHA,General,24.7925,67.0601,26.76,39.8,69.9,0,0,0,0,4,2,24.34,2.4200000000000017,0
2024-02-02 04:00:00,BIN_008,DHA,General,24.7925,67.0601,28.73,37.0,61.2,0,0,0,4,4,2,26.76,1.9699999999999989,0
2024-02-02 08:00:00,BIN_008,DHA,General,24.7925,67.0601,31.02,35.3,87.5,0,0,0,8,4,2,28.73,2.289999999999999,0
2024-02-02 12:00:00,BIN_008,DHA,General,24.7925,67.0601,32.86,33.7,90.0,0,0,0,12,4,2,31.02,1.8399999999999999,0
2024-02-02 16:00:00,BIN_008,DHA,General,24.7925,67.0601,33.82,36.2,64.6,0,0,0,16,4,2,32.86,0.9600000000000009,0
2024-02-02 20:00:00,BIN_008,DHA,General,24.7925,67.0601,35.73,28.5,83.7,0,0,0,20,4,2,33.82,1.9099999999999966,0
2024-02-03 00:00:00,BIN_008,DHA,General,24.7925,67.0601,39.34,32.0,61.8,1,0,0,0,5,2,35.73,3.6100000000000065,0
2024-02-03 04:00:00,BIN_008,DHA,General,24.7925,67.0601,40.65,41.6,67.7,1,0,0,4,5,2,39.34,1.3099999999999952,0
2024-02-03 08:00:00,BIN_008,DHA,General,24.7925,67.0601,45.38,35.8,87.0,1,0,0,8,5,2,40.65,4.730000000000004,0
2024-02-03 12:00:00,BIN_008,DHA,General,24.7925,67.0601,49.91,37.4,69.1,1,0,0,12,5,2,45.38,4.529999999999994,0
2024-02-03 16:00:00,BIN_008,DHA,General,24.7925,67.0601,51.84,35.6,88.3,1,0,0,16,5,2,49.91,1.9300000000000068,0
2024-02-03 20:00:00,BIN_008,DHA,General,24.7925,67.0601,54.57,36.8,83.6,1,0,0,20,5,2,51.84,2.729999999999997,0
2024-02-04 00:00:00,BIN_008,DHA,General,24.7925,67.0601,58.35,41.2,64.6,1,0,0,0,6,2,54.57,3.780000000000001,0
2024-02-04 04:00:00,BIN_008,DHA,General,24.7925,67.0601,61.32,30.4,71.9,1,0,0,4,6,2,58.35,2.969999999999999,0
2024-02-04 08:00:00,BIN_008,DHA,General,24.7925,67.0601,62.12,28.1,67.0,1,0,0,8,6,2,61.32,0.7999999999999972,0
2024-02-04 12:00:00,BIN_008,DHA,General,24.7925,67.0601,65.54,41.6,79.3,1,0,0,12,6,2,62.12,3.420000000000009,0
2024-02-04 16:00:00,BIN_008,DHA,General,24.7925,67.0601,65.95,33.0,60.9,1,0,0,16,6,2,65.54,0.4099999999999966,0
2024-02-04 20:00:00,BIN_008,DHA,General,24.7925,67.0601,67.64,29.5,86.7,1,0,0,20,6,2,65.95,1.6899999999999977,0
2024-02-05 00:00:00,BIN_008,DHA,General,24.7925,67.0601,69.18,34.5,62.2,0,0,0,0,0,2,67.64,1.5400000000000063,0
2024-02-05 04:00:00,BIN_008,DHA,General,24.7925,67.0601,70.34,32.2,62.0,0,0,0,4,0,2,69.18,1.1599999999999966,0
2024-02-05 08:00:00,BIN_008,DHA,General,24.7925,67.0601,73.22,36.9,68.6,0,0,0,8,0,2,70.34,2.8799999999999955,0
2024-02-05 12:00:00,BIN_008,DHA,General,24.7925,67.0601,76.43,40.7,88.9,0,1,0,12,0,2,73.22,3.210000000000008,0
2024-02-05 16:00:00,BIN_008,DHA,General,24.7925,67.0601,77.43,35.4,58.2,0,1,0,16,0,2,76.43,1.0,0
2024-02-05 20:00:00,BIN_008,DHA,General,24.7925,67.0601,78.3,34.1,75.4,0,1,0,20,0,2,77.43,0.8699999999999903,0
2024-02-06 00:00:00,BIN_008,DHA,General,24.7925,67.0601,76.98,35.6,88.6,0,1,0,0,1,2,78.3,-1.3199999999999932,0
2024-02-06 04:00:00,BIN_008,DHA,General,24.7925,67.0601,79.16,30.9,77.9,0,1,0,4,1,2,76.98,2.1799999999999926,0
2024-02-06 08:00:00,BIN_008,DHA,General,24.7925,67.0601,79.51,28.3,61.0,0,1,0,8,1,2,79.16,0.3500000000000085,0
2024-02-06 12:00:00,BIN_008,DHA,General,24.7925,67.0601,81.47,35.9,79.6,0,1,0,12,1,2,79.51,1.9599999999999937,0
2024-02-06 16:00:00,BIN_008,DHA,General,24.7925,67.0601,84.15,30.6,76.5,0,1,0,16,1,2,81.47,2.680000000000007,0
2024-02-06 20:00:00,BIN_008,DHA,General,24.7925,67.0601,84.31,33.8,77.9,0,1,0,20,1,2,84.15,0.1599999999999966,0
2024-02-07 00:00:00,BIN_008,DHA,General,24.7925,67.0601,84.88,29.3,58.9,0,1,0,0,2,2,84.31,0.5699999999999932,0
2024-02-07 04:00:00,BIN_008,DHA,General,24.7925,67.0601,84.44,38.2,88.1,0,1,0,4,2,2,84.88,-0.4399999999999977,0
2024-02-07 08:00:00,BIN_008,DHA,General,24.7925,67.0601,88.48,38.7,64.2,0,1,1,8,2,2,84.44,4.040000000000006,0
2024-02-07 12:00:00,BIN_008,DHA,General,24.7925,67.0601,3.39,28.0,67.3,0,0,0,12,2,2,88.48,-85.09,0
2024-02-07 16:00:00,BIN_008,DHA,General,24.7925,67.0601,4.9,40.8,59.9,0,0,0,16,2,2,3.39,1.5100000000000002,0
2024-02-07 20:00:00,BIN_008,DHA,General,24.7925,67.0601,6.45,35.5,75.8,0,0,0,20,2,2,4.9,1.5499999999999998,0
2024-02-08 00:00:00,BIN_008,DHA,General,24.7925,67.0601,6.84,32.5,56.8,0,0,0,0,3,2,6.45,0.3899999999999997,0
2024-02-08 04:00:00,BIN_008,DHA,General,24.7925,67.0601,8.76,33.5,61.6,0,0,0,4,3,2,6.84,1.92,0
2024-02-08 08:00:00,BIN_008,DHA,General,24.7925,67.0601,13.25,35.4,70.2,0,0,0,8,3,2,8.76,4.49,0
2024-02-08 12:00:00,BIN_008,DHA,General,24.7925,67.0601,15.88,33.4,84.5,0,0,0,12,3,2,13.25,2.630000000000001,0
2024-02-08 16:00:00,BIN_008,DHA,General,24.7925,67.0601,18.73,38.6,69.7,0,0,0,16,3,2,15.88,2.8499999999999996,0
2024-02-08 20:00:00,BIN_008,DHA,General,24.7925,67.0601,19.21,32.2,71.5,0,0,0,20,3,2,18.73,0.4800000000000004,0
2024-02-09 00:00:00,BIN_008,DHA,General,24.7925,67.0601,20.89,35.1,84.7,0,0,0,0,4,2,19.21,1.6799999999999997,0
2024-02-09 04:00:00,BIN_008,DHA,General,24.7925,67.0601,22.54,31.3,87.7,0,0,0,4,4,2,20.89,1.6499999999999986,0
2024-02-09 08:00:00,BIN_008,DHA,General,24.7925,67.0601,23.68,29.0,74.9,0,0,0,8,4,2,22.54,1.1400000000000006,0
2024-02-09 12:00:00,BIN_008,DHA,General,24.7925,67.0601,27.02,35.8,84.7,0,0,0,12,4,2,23.68,3.34,0
2024-02-09 16:00:00,BIN_008,DHA,General,24.7925,67.0601,28.79,32.8,61.5,0,0,0,16,4,2,27.02,1.7699999999999996,0
2024-02-09 20:00:00,BIN_008,DHA,General,24.7925,67.0601,30.83,28.1,72.8,0,0,0,20,4,2,28.79,2.039999999999999,0
2024-02-10 00:00:00,BIN_008,DHA,General,24.7925,67.0601,35.04,35.1,87.1,1,0,0,0,5,2,30.83,4.210000000000001,0
2024-02-10 04:00:00,BIN_008,DHA,General,24.7925,67.0601,37.66,36.8,84.4,1,0,0,4,5,2,35.04,2.6199999999999974,0
2024-02-10 08:00:00,BIN_008,DHA,General,24.7925,67.0601,39.99,37.5,61.0,1,0,0,8,5,2,37.66,2.3300000000000054,0
2024-02-10 12:00:00,BIN_008,DHA,General,24.7925,67.0601,42.27,30.7,87.4,1,0,0,12,5,2,39.99,2.280000000000001,0
2024-02-10 16:00:00,BIN_008,DHA,General,24.7925,67.0601,44.51,32.4,78.3,1,0,0,16,5,2,42.27,2.239999999999995,0
2024-02-10 20:00:00,BIN_008,DHA,General,24.7925,67.0601,46.06,39.8,67.6,1,0,0,20,5,2,44.51,1.5500000000000043,0
2024-02-11 00:00:00,BIN_008,DHA,General,24.7925,67.0601,48.83,39.0,86.4,1,0,0,0,6,2,46.06,2.769999999999996,0
2024-02-11 04:00:00,BIN_008,DHA,General,24.7925,67.0601,51.06,34.1,63.2,1,0,0,4,6,2,48.83,2.230000000000004,0
2024-02-11 08:00:00,BIN_008,DHA,General,24.7925,67.0601,55.79,29.5,64.5,1,0,0,8,6,2,51.06,4.729999999999997,0
2024-02-11 12:00:00,BIN_008,DHA,General,24.7925,67.0601,57.1,28.7,70.1,1,0,0,12,6,2,55.79,1.3100000000000023,0
2024-02-11 16:00:00,BIN_008,DHA,General,24.7925,67.0601,60.13,31.3,79.3,1,0,0,16,6,2,57.1,3.030000000000001,0
2024-02-11 20:00:00,BIN_008,DHA,General,24.7925,67.0601,62.73,41.7,88.7,1,0,0,20,6,2,60.13,2.5999999999999943,0
2024-02-12 00:00:00,BIN_008,DHA,General,24.7925,67.0601,63.99,30.1,79.6,0,0,0,0,0,2,62.73,1.2600000000000051,0
2024-02-12 04:00:00,BIN_008,DHA,General,24.7925,67.0601,65.42,38.2,78.6,0,0,0,4,0,2,63.99,1.4299999999999997,0
2024-02-12 08:00:00,BIN_008,DHA,General,24.7925,67.0601,65.71,36.1,71.9,0,0,0,8,0,2,65.42,0.28999999999999204,0
2024-02-12 12:00:00,BIN_008,DHA,General,24.7925,67.0601,66.74,38.2,70.4,0,0,0,12,0,2,65.71,1.0300000000000011,0
2024-02-12 16:00:00,BIN_008,DHA,General,24.7925,67.0601,66.61,31.0,64.3,0,0,0,16,0,2,66.74,-0.12999999999999545,0
2024-02-12 20:00:00,BIN_008,DHA,General,24.7925,67.0601,66.9,29.3,67.1,0,0,0,20,0,2,66.61,0.29000000000000625,0
2024-02-13 00:00:00,BIN_008,DHA,General,24.7925,67.0601,67.44,37.4,80.1,0,0,0,0,1,2,66.9,0.539999999999992,0
2024-02-13 04:00:00,BIN_008,DHA,General,24.7925,67.0601,70.95,36.1,88.6,0,0,0,4,1,2,67.44,3.510000000000005,0
2024-02-13 08:00:00,BIN_008,DHA,General,24.7925,67.0601,71.97,30.4,76.0,0,0,0,8,1,2,70.95,1.019999999999996,0
2024-02-13 12:00:00,BIN_008,DHA,General,24.7925,67.0601,72.31,38.0,66.1,0,0,0,12,1,2,71.97,0.3400000000000034,0
2024-02-13 16:00:00,BIN_008,DHA,General,24.7925,67.0601,76.93,33.9,84.9,0,1,0,16,1,2,72.31,4.6200000000000045,0
2024-02-13 20:00:00,BIN_008,DHA,General,24.7925,67.0601,79.29,38.8,57.3,0,1,0,20,1,2,76.93,2.3599999999999994,0
2024-02-14 00:00:00,BIN_008,DHA,General,24.7925,67.0601,79.06,35.8,88.5,0,1,0,0,2,2,79.29,-0.23000000000000398,0
2024-02-14 04:00:00,BIN_008,DHA,General,24.7925,67.0601,81.75,40.3,69.2,0,1,0,4,2,2,79.06,2.6899999999999977,0
2024-02-14 08:00:00,BIN_008,DHA,General,24.7925,67.0601,82.04,35.5,59.0,0,1,0,8,2,2,81.75,0.29000000000000625,0
2024-02-14 12:00:00,BIN_008,DHA,General,24.7925,67.0601,82.65,35.7,55.0,0,1,0,12,2,2,82.04,0.6099999999999994,0
2024-02-14 16:00:00,BIN_008,DHA,General,24.7925,67.0601,82.79,41.6,80.5,0,1,0,16,2,2,82.65,0.14000000000000057,0
2024-02-14 20:00:00,BIN_008,DHA,General,24.7925,67.0601,83.53,32.9,58.2,0,1,0,20,2,2,82.79,0.7399999999999949,0
2024-02-15 00:00:00,BIN_008,DHA,General,24.7925,67.0601,83.07,35.5,84.2,0,1,0,0,3,2,83.53,-0.46000000000000796,0
2024-02-15 04:00:00,BIN_008,DHA,General,24.7925,67.0601,84.97,36.6,77.2,0,1,0,4,3,2,83.07,1.9000000000000057,0
2024-02-15 08:00:00,BIN_008,DHA,General,24.7925,67.0601,87.91,41.0,72.9,0,1,1,8,3,2,84.97,2.9399999999999977,0
2024-02-15 12:00:00,BIN_008,DHA,General,24.7925,67.0601,4.94,34.4,61.5,0,0,0,12,3,2,87.91,-82.97,0
2024-02-15 16:00:00,BIN_008,DHA,General,24.7925,67.0601,6.71,29.4,61.9,0,0,0,16,3,2,4.94,1.7699999999999996,0
2024-02-15 20:00:00,BIN_008,DHA,General,24.7925,67.0601,11.9,34.7,86.1,0,0,0,20,3,2,6.71,5.19,0
2024-02-16 00:00:00,BIN_008,DHA,General,24.7925,67.0601,16.42,32.7,75.0,0,0,0,0,4,2,11.9,4.520000000000001,0
2024-02-16 04:00:00,BIN_008,DHA,General,24.7925,67.0601,19.19,34.3,78.1,0,0,0,4,4,2,16.42,2.7699999999999996,0
2024-02-16 08:00:00,BIN_008,DHA,General,24.7925,67.0601,20.95,32.1,66.4,0,0,0,8,4,2,19.19,1.759999999999998,0
2024-02-16 12:00:00,BIN_008,DHA,General,24.7925,67.0601,21.74,41.5,61.4,0,0,0,12,4,2,20.95,0.7899999999999991,0
2024-02-16 16:00:00,BIN_008,DHA,General,24.7925,67.0601,23.67,40.1,69.6,0,0,0,16,4,2,21.74,1.9300000000000033,0
2024-02-16 20:00:00,BIN_008,DHA,General,24.7925,67.0601,22.48,38.4,85.0,0,0,0,20,4,2,23.67,-1.1900000000000013,0
2024-02-17 00:00:00,BIN_008,DHA,General,24.7925,67.0601,23.44,33.0,84.1,1,0,0,0,5,2,22.48,0.9600000000000009,0
2024-02-17 04:00:00,BIN_008,DHA,General,24.7925,67.0601,23.36,28.6,65.8,1,0,0,4,5,2,23.44,-0.08000000000000185,0
2024-02-17 08:00:00,BIN_008,DHA,General,24.7925,67.0601,26.67,34.1,73.9,1,0,0,8,5,2,23.36,3.3100000000000023,0
2024-02-17 12:00:00,BIN_008,DHA,General,24.7925,67.0601,31.74,30.8,70.1,1,0,0,12,5,2,26.67,5.069999999999997,0
2024-02-17 16:00:00,BIN_008,DHA,General,24.7925,67.0601,35.45,31.7,85.4,1,0,0,16,5,2,31.74,3.7100000000000044,0
2024-02-17 20:00:00,BIN_008,DHA,General,24.7925,67.0601,37.76,37.0,55.7,1,0,0,20,5,2,35.45,2.309999999999995,0
2024-02-18 00:00:00,BIN_008,DHA,General,24.7925,67.0601,38.5,33.3,67.5,1,0,0,0,6,2,37.76,0.740000000000002,0
2024-02-18 04:00:00,BIN_008,DHA,General,24.7925,67.0601,39.5,33.2,66.1,1,0,0,4,6,2,38.5,1.0,0
2024-02-18 08:00:00,BIN_008,DHA,General,24.7925,67.0601,40.16,39.8,83.4,1,0,0,8,6,2,39.5,0.6599999999999966,0
2024-02-18 12:00:00,BIN_008,DHA,General,24.7925,67.0601,43.05,34.7,84.8,1,0,0,12,6,2,40.16,2.8900000000000006,0
2024-02-18 16:00:00,BIN_008,DHA,General,24.7925,67.0601,44.18,35.9,86.5,1,0,0,16,6,2,43.05,1.1300000000000026,0
2024-02-18 20:00:00,BIN_008,DHA,General,24.7925,67.0601,49.8,41.6,77.2,1,0,0,20,6,2,44.18,5.619999999999997,0
2024-02-19 00:00:00,BIN_008,DHA,General,24.7925,67.0601,51.27,30.3,80.7,0,0,0,0,0,2,49.8,1.470000000000006,0
2024-02-19 04:00:00,BIN_008,DHA,General,24.7925,67.0601,53.23,34.0,70.6,0,0,0,4,0,2,51.27,1.9599999999999937,0
2024-02-19 08:00:00,BIN_008,DHA,General,24.7925,67.0601,56.33,30.6,76.9,0,0,0,8,0,2,53.23,3.1000000000000014,0
2024-02-19 12:00:00,BIN_008,DHA,General,24.7925,67.0601,55.73,30.4,57.2,0,0,0,12,0,2,56.33,-0.6000000000000014,0
2024-02-19 16:00:00,BIN_008,DHA,General,24.7925,67.0601,55.79,40.4,56.9,0,0,0,16,0,2,55.73,0.060000000000002274,0
2024-02-19 20:00:00,BIN_008,DHA,General,24.7925,67.0601,56.48,30.5,74.2,0,0,0,20,0,2,55.79,0.6899999999999977,0
2024-02-20 00:00:00,BIN_008,DHA,General,24.7925,67.0601,57.33,28.1,89.6,0,0,0,0,1,2,56.48,0.8500000000000014,0
2024-02-20 04:00:00,BIN_008,DHA,General,24.7925,67.0601,59.06,37.2,67.8,0,0,0,4,1,2,57.33,1.730000000000004,0
2024-02-20 08:00:00,BIN_008,DHA,General,24.7925,67.0601,58.25,32.8,77.7,0,0,0,8,1,2,59.06,-0.8100000000000023,0
2024-02-20 12:00:00,BIN_008,DHA,General,24.7925,67.0601,59.69,40.4,61.4,0,0,0,12,1,2,58.25,1.4399999999999977,0
2024-02-20 16:00:00,BIN_008,DHA,General,24.7925,67.0601,60.25,41.4,85.8,0,0,0,16,1,2,59.69,0.5600000000000023,0
2024-02-20 20:00:00,BIN_008,DHA,General,24.7925,67.0601,61.9,38.6,87.7,0,0,0,20,1,2,60.25,1.6499999999999986,0
2024-02-21 00:00:00,BIN_008,DHA,General,24.7925,67.0601,64.52,37.7,85.4,0,0,0,0,2,2,61.9,2.6199999999999974,0
2024-02-21 04:00:00,BIN_008,DHA,General,24.7925,67.0601,65.59,39.2,67.1,0,0,0,4,2,2,64.52,1.0700000000000074,0
2024-02-21 08:00:00,BIN_008,DHA,General,24.7925,67.0601,66.25,32.6,58.8,0,0,0,8,2,2,65.59,0.6599999999999966,0
2024-02-21 12:00:00,BIN_008,DHA,General,24.7925,67.0601,69.3,41.1,65.2,0,0,0,12,2,2,66.25,3.049999999999997,0
2024-02-21 16:00:00,BIN_008,DHA,General,24.7925,67.0601,67.45,41.4,66.7,0,0,0,16,2,2,69.3,-1.8499999999999943,0
2024-02-21 20:00:00,BIN_008,DHA,General,24.7925,67.0601,69.91,38.9,84.9,0,0,0,20,2,2,67.45,2.4599999999999937,0
2024-02-22 00:00:00,BIN_008,DHA,General,24.7925,67.0601,68.67,38.5,87.0,0,0,0,0,3,2,69.91,-1.2399999999999949,0
2024-02-22 04:00:00,BIN_008,DHA,General,24.7925,67.0601,68.85,38.6,62.9,0,0,0,4,3,2,68.67,0.1799999999999926,0
2024-02-22 08:00:00,BIN_008,DHA,General,24.7925,67.0601,70.23,36.1,84.1,0,0,0,8,3,2,68.85,1.3800000000000097,0
2024-02-22 12:00:00,BIN_008,DHA,General,24.7925,67.0601,73.33,30.6,82.5,0,0,0,12,3,2,70.23,3.0999999999999943,0
2024-02-22 16:00:00,BIN_008,DHA,General,24.7925,67.0601,76.44,30.4,69.7,0,1,0,16,3,2,73.33,3.1099999999999994,0
2024-02-22 20:00:00,BIN_008,DHA,General,24.7925,67.0601,78.54,39.7,55.7,0,1,0,20,3,2,76.44,2.1000000000000085,0
2024-02-23 00:00:00,BIN_008,DHA,General,24.7925,67.0601,79.58,38.5,78.0,0,1,0,0,4,2,78.54,1.039999999999992,0
2024-02-23 04:00:00,BIN_008,DHA,General,24.7925,67.0601,79.68,36.1,73.5,0,1,0,4,4,2,79.58,0.10000000000000853,0
2024-02-23 08:00:00,BIN_008,DHA,General,24.7925,67.0601,80.76,34.2,60.4,0,1,0,8,4,2,79.68,1.0799999999999983,0
2024-02-23 12:00:00,BIN_008,DHA,General,24.7925,67.0601,83.43,36.3,63.8,0,1,0,12,4,2,80.76,2.6700000000000017,0
2024-02-23 16:00:00,BIN_008,DHA,General,24.7925,67.0601,84.67,28.4,58.2,0,1,0,16,4,2,83.43,1.2399999999999949,0
2024-02-23 20:00:00,BIN_008,DHA,General,24.7925,67.0601,83.35,37.6,70.0,0,1,0,20,4,2,84.67,-1.3200000000000074,0
2024-02-24 00:00:00,BIN_008,DHA,General,24.7925,67.0601,86.27,28.1,76.6,1,1,1,0,5,2,83.35,2.9200000000000017,0
2024-02-24 04:00:00,BIN_008,DHA,General,24.7925,67.0601,4.39,38.9,89.7,1,0,0,4,5,2,86.27,-81.88,0
2024-02-24 08:00:00,BIN_008,DHA,General,24.7925,67.0601,9.64,31.3,70.3,1,0,0,8,5,2,4.39,5.250000000000001,0
2024-02-24 12:00:00,BIN_008,DHA,General,24.7925,67.0601,12.44,40.0,60.9,1,0,0,12,5,2,9.64,2.799999999999999,0
2024-02-24 16:00:00,BIN_008,DHA,General,24.7925,67.0601,14.16,38.0,68.2,1,0,0,16,5,2,12.44,1.7200000000000006,0
2024-02-24 20:00:00,BIN_008,DHA,General,24.7925,67.0601,13.97,41.0,58.3,1,0,0,20,5,2,14.16,-0.1899999999999995,0
2024-02-25 00:00:00,BIN_008,DHA,General,24.7925,67.0601,18.42,31.2,78.0,1,0,0,0,6,2,13.97,4.450000000000001,0
2024-02-25 04:00:00,BIN_008,DHA,General,24.7925,67.0601,19.39,30.3,57.0,1,0,0,4,6,2,18.42,0.9699999999999989,0
2024-02-25 08:00:00,BIN_008,DHA,General,24.7925,67.0601,23.8,32.7,75.7,1,0,0,8,6,2,19.39,4.41,0
2024-02-25 12:00:00,BIN_008,DHA,General,24.7925,67.0601,26.47,34.9,88.1,1,0,0,12,6,2,23.8,2.669999999999998,0
2024-02-25 16:00:00,BIN_008,DHA,General,24.7925,67.0601,30.05,28.6,74.2,1,0,0,16,6,2,26.47,3.580000000000002,0
2024-02-25 20:00:00,BIN_008,DHA,General,24.7925,67.0601,33.72,34.5,87.5,1,0,0,20,6,2,30.05,3.669999999999998,0
2024-02-26 00:00:00,BIN_008,DHA,General,24.7925,67.0601,34.18,33.8,63.5,0,0,0,0,0,2,33.72,0.46000000000000085,0
2024-02-26 04:00:00,BIN_008,DHA,General,24.7925,67.0601,34.57,29.8,85.0,0,0,0,4,0,2,34.18,0.39000000000000057,0
2024-02-26 08:00:00,BIN_008,DHA,General,24.7925,67.0601,38.0,39.6,64.9,0,0,0,8,0,2,34.57,3.4299999999999997,0
2024-02-26 12:00:00,BIN_008,DHA,General,24.7925,67.0601,40.03,35.7,57.9,0,0,0,12,0,2,38.0,2.030000000000001,0
2024-02-26 16:00:00,BIN_008,DHA,General,24.7925,67.0601,41.53,33.5,65.6,0,0,0,16,0,2,40.03,1.5,0
2024-02-26 20:00:00,BIN_008,DHA,General,24.7925,67.0601,44.47,34.4,63.8,0,0,0,20,0,2,41.53,2.9399999999999977,0
2024-02-27 00:00:00,BIN_008,DHA,General,24.7925,67.0601,48.06,39.7,65.6,0,0,0,0,1,2,44.47,3.5900000000000034,0
2024-02-27 04:00:00,BIN_008,DHA,General,24.7925,67.0601,49.07,34.6,85.6,0,0,0,4,1,2,48.06,1.009999999999998,0
2024-02-27 08:00:00,BIN_008,DHA,General,24.7925,67.0601,51.87,36.2,74.4,0,0,0,8,1,2,49.07,2.799999999999997,0
2024-02-27 12:00:00,BIN_008,DHA,General,24.7925,67.0601,52.02,40.0,58.6,0,0,0,12,1,2,51.87,0.15000000000000568,0
2024-02-27 16:00:00,BIN_008,DHA,General,24.7925,67.0601,54.58,39.4,62.6,0,0,0,16,1,2,52.02,2.559999999999995,0
2024-02-27 20:00:00,BIN_008,DHA,General,24.7925,67.0601,53.22,39.2,69.0,0,0,0,20,1,2,54.58,-1.3599999999999994,0
2024-02-28 00:00:00,BIN_008,DHA,General,24.7925,67.0601,55.87,29.3,73.0,0,0,0,0,2,2,53.22,2.6499999999999986,0
2024-02-28 04:00:00,BIN_008,DHA,General,24.7925,67.0601,56.58,28.9,67.5,0,0,0,4,2,2,55.87,0.7100000000000009,0
2024-02-28 08:00:00,BIN_008,DHA,General,24.7925,67.0601,60.12,33.7,70.0,0,0,0,8,2,2,56.58,3.539999999999999,0
2024-02-28 12:00:00,BIN_008,DHA,General,24.7925,67.0601,65.06,31.2,71.0,0,0,0,12,2,2,60.12,4.940000000000005,0
2024-02-28 16:00:00,BIN_008,DHA,General,24.7925,67.0601,66.9,35.5,82.3,0,0,0,16,2,2,65.06,1.8400000000000034,0
2024-02-28 20:00:00,BIN_008,DHA,General,24.7925,67.0601,69.79,32.4,71.9,0,0,0,20,2,2,66.9,2.8900000000000006,0
2024-02-29 00:00:00,BIN_008,DHA,General,24.7925,67.0601,71.6,30.2,59.7,0,0,0,0,3,2,69.79,1.809999999999988,0
2024-02-29 04:00:00,BIN_008,DHA,General,24.7925,67.0601,73.48,30.9,81.8,0,0,0,4,3,2,71.6,1.8800000000000097,0
2024-02-29 08:00:00,BIN_008,DHA,General,24.7925,67.0601,74.6,40.9,85.8,0,0,0,8,3,2,73.48,1.1199999999999903,0
2024-02-29 12:00:00,BIN_008,DHA,General,24.7925,67.0601,74.15,34.4,69.4,0,0,0,12,3,2,74.6,-0.44999999999998863,0
2024-02-29 16:00:00,BIN_008,DHA,General,24.7925,67.0601,73.57,28.7,87.9,0,0,0,16,3,2,74.15,-0.5800000000000125,0
2024-02-29 20:00:00,BIN_008,DHA,General,24.7925,67.0601,75.84,30.6,61.9,0,1,0,20,3,2,73.57,2.2700000000000102,0
2024-03-01 00:00:00,BIN_008,DHA,General,24.7925,67.0601,76.14,28.3,60.2,0,1,0,0,4,3,75.84,0.29999999999999716,0
2024-03-01 04:00:00,BIN_008,DHA,General,24.7925,67.0601,73.06,33.3,78.9,0,0,0,4,4,3,76.14,-3.0799999999999983,0
2024-03-01 08:00:00,BIN_008,DHA,General,24.7925,67.0601,74.21,35.8,86.1,0,0,0,8,4,3,73.06,1.1499999999999915,0
2024-03-01 12:00:00,BIN_008,DHA,General,24.7925,67.0601,73.8,32.6,59.7,0,0,0,12,4,3,74.21,-0.4099999999999966,0
2024-03-01 16:00:00,BIN_008,DHA,General,24.7925,67.0601,78.08,29.5,69.9,0,1,0,16,4,3,73.8,4.280000000000001,0
2024-03-01 20:00:00,BIN_008,DHA,General,24.7925,67.0601,79.74,28.2,56.2,0,1,0,20,4,3,78.08,1.6599999999999966,0
2024-03-02 00:00:00,BIN_008,DHA,General,24.7925,67.0601,79.2,39.8,76.1,1,1,0,0,5,3,79.74,-0.539999999999992,0
2024-03-02 04:00:00,BIN_008,DHA,General,24.7925,67.0601,81.27,34.4,69.3,1,1,0,4,5,3,79.2,2.069999999999993,0
2024-03-02 08:00:00,BIN_008,DHA,General,24.7925,67.0601,82.7,40.5,89.9,1,1,0,8,5,3,81.27,1.4300000000000068,0
2024-03-02 12:00:00,BIN_008,DHA,General,24.7925,67.0601,84.99,30.5,59.2,1,1,0,12,5,3,82.7,2.289999999999992,0
2024-03-02 16:00:00,BIN_008,DHA,General,24.7925,67.0601,87.91,37.3,84.7,1,1,1,16,5,3,84.99,2.9200000000000017,0
2024-03-02 20:00:00,BIN_008,DHA,General,24.7925,67.0601,8.46,34.3,76.4,1,0,0,20,5,3,87.91,-79.44999999999999,0
2024-03-03 00:00:00,BIN_008,DHA,General,24.7925,67.0601,10.97,34.7,77.6,1,0,0,0,6,3,8.46,2.51,0
2024-03-03 04:00:00,BIN_008,DHA,General,24.7925,67.0601,16.22,35.8,77.5,1,0,0,4,6,3,10.97,5.249999999999998,0
2024-03-03 08:00:00,BIN_008,DHA,General,24.7925,67.0601,20.77,37.0,73.2,1,0,0,8,6,3,16.22,4.550000000000001,0
2024-03-03 12:00:00,BIN_008,DHA,General,24.7925,67.0601,24.22,37.5,70.7,1,0,0,12,6,3,20.77,3.4499999999999993,0
2024-03-03 16:00:00,BIN_008,DHA,General,24.7925,67.0601,29.61,41.6,67.7,1,0,0,16,6,3,24.22,5.390000000000001,0
2024-03-03 20:00:00,BIN_008,DHA,General,24.7925,67.0601,33.96,33.5,62.1,1,0,0,20,6,3,29.61,4.350000000000001,0
2024-03-04 00:00:00,BIN_008,DHA,General,24.7925,67.0601,36.66,37.6,71.5,0,0,0,0,0,3,33.96,2.6999999999999957,0
2024-03-04 04:00:00,BIN_008,DHA,General,24.7925,67.0601,36.29,40.3,70.5,0,0,0,4,0,3,36.66,-0.36999999999999744,0
2024-03-04 08:00:00,BIN_008,DHA,General,24.7925,67.0601,38.91,40.1,60.7,0,0,0,8,0,3,36.29,2.6199999999999974,0
2024-03-04 12:00:00,BIN_008,DHA,General,24.7925,67.0601,40.22,28.4,58.1,0,0,0,12,0,3,38.91,1.3100000000000023,0
2024-03-04 16:00:00,BIN_008,DHA,General,24.7925,67.0601,38.91,40.4,70.9,0,0,0,16,0,3,40.22,-1.3100000000000023,0
2024-03-04 20:00:00,BIN_008,DHA,General,24.7925,67.0601,42.11,32.4,87.9,0,0,0,20,0,3,38.91,3.200000000000003,0
2024-03-05 00:00:00,BIN_008,DHA,General,24.7925,67.0601,44.17,35.2,82.6,0,0,0,0,1,3,42.11,2.0600000000000023,0
2024-03-05 04:00:00,BIN_008,DHA,General,24.7925,67.0601,46.24,30.5,75.1,0,0,0,4,1,3,44.17,2.0700000000000003,0
2024-03-05 08:00:00,BIN_008,DHA,General,24.7925,67.0601,47.94,28.6,81.7,0,0,0,8,1,3,46.24,1.6999999999999957,0
2024-03-05 12:00:00,BIN_008,DHA,General,24.7925,67.0601,51.9,30.4,77.1,0,0,0,12,1,3,47.94,3.960000000000001,0
2024-03-05 16:00:00,BIN_008,DHA,General,24.7925,67.0601,52.2,29.8,88.1,0,0,0,16,1,3,51.9,0.30000000000000426,0
2024-03-05 20:00:00,BIN_008,DHA,General,24.7925,67.0601,52.86,38.0,81.0,0,0,0,20,1,3,52.2,0.6599999999999966,0
2024-03-06 00:00:00,BIN_008,DHA,General,24.7925,67.0601,49.45,29.5,74.6,0,0,0,0,2,3,52.86,-3.4099999999999966,0
2024-03-06 04:00:00,BIN_008,DHA,General,24.7925,67.0601,51.1,31.5,89.2,0,0,0,4,2,3,49.45,1.6499999999999986,0
2024-03-06 08:00:00,BIN_008,DHA,General,24.7925,67.0601,52.28,30.1,82.5,0,0,0,8,2,3,51.1,1.1799999999999997,0
2024-03-06 12:00:00,BIN_008,DHA,General,24.7925,67.0601,56.05,29.7,61.6,0,0,0,12,2,3,52.28,3.769999999999996,0
2024-03-06 16:00:00,BIN_008,DHA,General,24.7925,67.0601,58.24,39.0,66.0,0,0,0,16,2,3,56.05,2.190000000000005,0
2024-03-06 20:00:00,BIN_008,DHA,General,24.7925,67.0601,57.87,29.2,71.3,0,0,0,20,2,3,58.24,-0.37000000000000455,0
2024-03-07 00:00:00,BIN_008,DHA,General,24.7925,67.0601,58.43,31.1,88.2,0,0,0,0,3,3,57.87,0.5600000000000023,0
2024-03-07 04:00:00,BIN_008,DHA,General,24.7925,67.0601,61.28,41.4,89.7,0,0,0,4,3,3,58.43,2.8500000000000014,0
2024-03-07 08:00:00,BIN_008,DHA,General,24.7925,67.0601,62.27,31.0,66.9,0,0,0,8,3,3,61.28,0.990000000000002,0
2024-03-07 12:00:00,BIN_008,DHA,General,24.7925,67.0601,64.81,32.5,88.5,0,0,0,12,3,3,62.27,2.539999999999999,0
2024-03-07 16:00:00,BIN_008,DHA,General,24.7925,67.0601,67.61,30.6,86.8,0,0,0,16,3,3,64.81,2.799999999999997,0
2024-03-07 20:00:00,BIN_008,DHA,General,24.7925,67.0601,70.7,39.6,60.7,0,0,0,20,3,3,67.61,3.0900000000000034,0
2024-03-08 00:00:00,BIN_008,DHA,General,24.7925,67.0601,71.89,29.1,78.0,0,0,0,0,4,3,70.7,1.1899999999999977,0
2024-03-08 04:00:00,BIN_008,DHA,General,24.7925,67.0601,74.61,37.2,58.3,0,0,0,4,4,3,71.89,2.719999999999999,0
2024-03-08 08:00:00,BIN_008,DHA,General,24.7925,67.0601,78.13,31.0,57.8,0,1,0,8,4,3,74.61,3.519999999999996,0
2024-03-08 12:00:00,BIN_008,DHA,General,24.7925,67.0601,81.25,31.9,63.7,0,1,0,12,4,3,78.13,3.1200000000000045,0
2024-03-08 16:00:00,BIN_008,DHA,General,24.7925,67.0601,81.98,36.0,66.5,0,1,0,16,4,3,81.25,0.730000000000004,0
2024-03-08 20:00:00,BIN_008,DHA,General,24.7925,67.0601,82.86,39.5,61.4,0,1,0,20,4,3,81.98,0.8799999999999955,0
2024-03-09 00:00:00,BIN_008,DHA,General,24.7925,67.0601,84.69,34.7,57.0,1,1,0,0,5,3,82.86,1.8299999999999983,0
2024-03-09 04:00:00,BIN_008,DHA,General,24.7925,67.0601,86.95,41.7,82.7,1,1,1,4,5,3,84.69,2.260000000000005,0
2024-03-09 08:00:00,BIN_008,DHA,General,24.7925,67.0601,7.47,38.6,61.7,1,0,0,8,5,3,86.95,-79.48,0
2024-03-09 12:00:00,BIN_008,DHA,General,24.7925,67.0601,8.58,36.0,83.5,1,0,0,12,5,3,7.47,1.1100000000000003,0
2024-03-09 16:00:00,BIN_008,DHA,General,24.7925,67.0601,11.91,40.3,87.8,1,0,0,16,5,3,8.58,3.33,0
2024-03-09 20:00:00,BIN_008,DHA,General,24.7925,67.0601,15.13,33.7,74.9,1,0,0,20,5,3,11.91,3.2200000000000006,0
2024-03-10 00:00:00,BIN_008,DHA,General,24.7925,67.0601,18.43,41.9,55.5,1,0,0,0,6,3,15.13,3.299999999999999,0
2024-03-10 04:00:00,BIN_008,DHA,General,24.7925,67.0601,22.21,33.0,64.8,1,0,0,4,6,3,18.43,3.780000000000001,0
2024-03-10 08:00:00,BIN_008,DHA,General,24.7925,67.0601,23.23,37.9,58.0,1,0,0,8,6,3,22.21,1.0199999999999996,0
2024-03-10 12:00:00,BIN_008,DHA,General,24.7925,67.0601,24.44,38.4,79.3,1,0,0,12,6,3,23.23,1.2100000000000009,0
2024-03-10 16:00:00,BIN_008,DHA,General,24.7925,67.0601,25.49,36.8,81.7,1,0,0,16,6,3,24.44,1.0499999999999972,0
2024-03-10 20:00:00,BIN_008,DHA,General,24.7925,67.0601,26.52,40.3,84.8,1,0,0,20,6,3,25.49,1.0300000000000011,0
2024-03-11 00:00:00,BIN_008,DHA,General,24.7925,67.0601,28.42,40.7,83.3,0,0,0,0,0,3,26.52,1.9000000000000021,0
2024-03-11 04:00:00,BIN_008,DHA,General,24.7925,67.0601,30.9,40.5,55.4,0,0,0,4,0,3,28.42,2.479999999999997,0
2024-03-11 08:00:00,BIN_008,DHA,General,24.7925,67.0601,32.62,39.2,59.5,0,0,0,8,0,3,30.9,1.7199999999999989,0
2024-03-11 12:00:00,BIN_008,DHA,General,24.7925,67.0601,35.18,33.5,64.5,0,0,0,12,0,3,32.62,2.5600000000000023,0
2024-03-11 16:00:00,BIN_008,DHA,General,24.7925,67.0601,35.93,39.3,55.3,0,0,0,16,0,3,35.18,0.75,0
2024-03-11 20:00:00,BIN_008,DHA,General,24.7925,67.0601,37.14,32.4,61.1,0,0,0,20,0,3,35.93,1.2100000000000009,0
2024-03-12 00:00:00,BIN_008,DHA,General,24.7925,67.0601,36.64,31.6,72.1,0,0,0,0,1,3,37.14,-0.5,0
2024-03-12 04:00:00,BIN_008,DHA,General,24.7925,67.0601,39.23,37.1,59.2,0,0,0,4,1,3,36.64,2.5899999999999963,0
2024-03-12 08:00:00,BIN_008,DHA,General,24.7925,67.0601,40.19,41.6,68.9,0,0,0,8,1,3,39.23,0.9600000000000009,0
2024-03-12 12:00:00,BIN_008,DHA,General,24.7925,67.0601,40.91,36.4,63.5,0,0,0,12,1,3,40.19,0.7199999999999989,0
2024-03-12 16:00:00,BIN_008,DHA,General,24.7925,67.0601,41.48,28.5,71.4,0,0,0,16,1,3,40.91,0.5700000000000003,0
2024-03-12 20:00:00,BIN_008,DHA,General,24.7925,67.0601,43.23,33.6,59.8,0,0,0,20,1,3,41.48,1.75,0
2024-03-13 00:00:00,BIN_008,DHA,General,24.7925,67.0601,47.44,41.5,84.1,0,0,0,0,2,3,43.23,4.210000000000001,0
2024-03-13 04:00:00,BIN_008,DHA,General,24.7925,67.0601,47.16,34.5,80.8,0,0,0,4,2,3,47.44,-0.28000000000000114,0
2024-03-13 08:00:00,BIN_008,DHA,General,24.7925,67.0601,48.99,31.9,60.6,0,0,0,8,2,3,47.16,1.8300000000000054,0
2024-03-13 12:00:00,BIN_008,DHA,General,24.7925,67.0601,49.13,34.0,59.6,0,0,0,12,2,3,48.99,0.14000000000000057,0
2024-03-13 16:00:00,BIN_008,DHA,General,24.7925,67.0601,50.29,35.4,60.1,0,0,0,16,2,3,49.13,1.1599999999999966,0
2024-03-13 20:00:00,BIN_008,DHA,General,24.7925,67.0601,54.83,30.0,75.4,0,0,0,20,2,3,50.29,4.539999999999999,0
2024-03-14 00:00:00,BIN_008,DHA,General,24.7925,67.0601,57.63,29.0,85.7,0,0,0,0,3,3,54.83,2.8000000000000043,0
2024-03-14 04:00:00,BIN_008,DHA,General,24.7925,67.0601,58.81,35.3,69.3,0,0,0,4,3,3,57.63,1.1799999999999997,0
2024-03-14 08:00:00,BIN_008,DHA,General,24.7925,67.0601,58.9,32.3,86.0,0,0,0,8,3,3,58.81,0.0899999999999963,0
2024-03-14 12:00:00,BIN_008,DHA,General,24.7925,67.0601,59.1,38.1,78.4,0,0,0,12,3,3,58.9,0.20000000000000284,0
2024-03-14 16:00:00,BIN_008,DHA,General,24.7925,67.0601,59.9,36.7,71.1,0,0,0,16,3,3,59.1,0.7999999999999972,0
2024-03-14 20:00:00,BIN_008,DHA,General,24.7925,67.0601,62.86,39.0,65.8,0,0,0,20,3,3,59.9,2.960000000000001,0
2024-03-15 00:00:00,BIN_008,DHA,General,24.7925,67.0601,65.9,33.6,57.3,0,0,0,0,4,3,62.86,3.0400000000000063,0
2024-03-15 04:00:00,BIN_008,DHA,General,24.7925,67.0601,68.14,35.2,67.1,0,0,0,4,4,3,65.9,2.239999999999995,0
2024-03-15 08:00:00,BIN_008,DHA,General,24.7925,67.0601,70.44,34.8,71.3,0,0,0,8,4,3,68.14,2.299999999999997,0
2024-03-15 12:00:00,BIN_008,DHA,General,24.7925,67.0601,72.41,37.2,58.6,0,0,0,12,4,3,70.44,1.9699999999999989,0
2024-03-15 16:00:00,BIN_008,DHA,General,24.7925,67.0601,74.61,37.4,55.5,0,0,0,16,4,3,72.41,2.200000000000003,0
2024-03-15 20:00:00,BIN_008,DHA,General,24.7925,67.0601,76.13,30.9,78.9,0,1,0,20,4,3,74.61,1.519999999999996,0
2024-03-16 00:00:00,BIN_008,DHA,General,24.7925,67.0601,79.35,32.1,87.6,1,1,0,0,5,3,76.13,3.219999999999999,0
2024-03-16 04:00:00,BIN_008,DHA,General,24.7925,67.0601,82.36,35.7,79.4,1,1,0,4,5,3,79.35,3.010000000000005,0
2024-03-16 08:00:00,BIN_008,DHA,General,24.7925,67.0601,83.21,41.5,59.3,1,1,0,8,5,3,82.36,0.8499999999999943,0
2024-03-16 12:00:00,BIN_008,DHA,General,24.7925,67.0601,85.88,31.6,83.5,1,1,1,12,5,3,83.21,2.6700000000000017,0
2024-03-16 16:00:00,BIN_008,DHA,General,24.7925,67.0601,8.57,33.3,87.3,1,0,0,16,5,3,85.88,-77.31,0
2024-03-16 20:00:00,BIN_008,DHA,General,24.7925,67.0601,12.75,28.5,85.0,1,0,0,20,5,3,8.57,4.18,0
2024-03-17 00:00:00,BIN_008,DHA,General,24.7925,67.0601,15.89,29.9,75.3,1,0,0,0,6,3,12.75,3.1400000000000006,0
2024-03-17 04:00:00,BIN_008,DHA,General,24.7925,67.0601,17.54,40.4,71.6,1,0,0,4,6,3,15.89,1.6499999999999986,0
2024-03-17 08:00:00,BIN_008,DHA,General,24.7925,67.0601,21.0,38.3,87.4,1,0,0,8,6,3,17.54,3.460000000000001,0
2024-03-17 12:00:00,BIN_008,DHA,General,24.7925,67.0601,24.23,34.3,61.1,1,0,0,12,6,3,21.0,3.2300000000000004,0
2024-03-17 16:00:00,BIN_008,DHA,General,24.7925,67.0601,26.8,30.6,56.4,1,0,0,16,6,3,24.23,2.5700000000000003,0
2024-03-17 20:00:00,BIN_008,DHA,General,24.7925,67.0601,27.42,28.5,84.1,1,0,0,20,6,3,26.8,0.620000000000001,0
2024-03-18 00:00:00,BIN_008,DHA,General,24.7925,67.0601,26.56,40.5,57.5,0,0,0,0,0,3,27.42,-0.860000000000003,0
2024-03-18 04:00:00,BIN_008,DHA,General,24.7925,67.0601,30.02,41.7,76.6,0,0,0,4,0,3,26.56,3.460000000000001,0
2024-03-18 08:00:00,BIN_008,DHA,General,24.7925,67.0601,32.63,38.7,70.0,0,0,0,8,0,3,30.02,2.610000000000003,0
2024-03-18 12:00:00,BIN_008,DHA,General,24.7925,67.0601,32.92,40.1,60.3,0,0,0,12,0,3,32.63,0.28999999999999915,0
2024-03-18 16:00:00,BIN_008,DHA,General,24.7925,67.0601,33.96,31.0,63.4,0,0,0,16,0,3,32.92,1.0399999999999991,0
2024-03-18 20:00:00,BIN_008,DHA,General,24.7925,67.0601,35.33,40.8,57.7,0,0,0,20,0,3,33.96,1.3699999999999974,0
2024-03-19 00:00:00,BIN_008,DHA,General,24.7925,67.0601,38.76,40.6,89.9,0,0,0,0,1,3,35.33,3.4299999999999997,0
2024-03-19 04:00:00,BIN_008,DHA,General,24.7925,67.0601,36.82,38.5,89.0,0,0,0,4,1,3,38.76,-1.9399999999999977,0
2024-03-19 08:00:00,BIN_008,DHA,General,24.7925,67.0601,37.9,33.6,77.6,0,0,0,8,1,3,36.82,1.0799999999999983,0
2024-03-19 12:00:00,BIN_008,DHA,General,24.7925,67.0601,40.01,32.9,64.6,0,0,0,12,1,3,37.9,2.1099999999999994,0
2024-03-19 16:00:00,BIN_008,DHA,General,24.7925,67.0601,42.83,28.5,81.9,0,0,0,16,1,3,40.01,2.8200000000000003,0
2024-03-19 20:00:00,BIN_008,DHA,General,24.7925,67.0601,44.79,38.1,88.7,0,0,0,20,1,3,42.83,1.9600000000000009,0
2024-03-20 00:00:00,BIN_008,DHA,General,24.7925,67.0601,44.4,35.6,81.8,0,0,0,0,2,3,44.79,-0.39000000000000057,0
2024-03-20 04:00:00,BIN_008,DHA,General,24.7925,67.0601,46.32,40.5,82.6,0,0,0,4,2,3,44.4,1.9200000000000017,0
2024-03-20 08:00:00,BIN_008,DHA,General,24.7925,67.0601,48.71,32.7,55.3,0,0,0,8,2,3,46.32,2.3900000000000006,0
2024-03-20 12:00:00,BIN_008,DHA,General,24.7925,67.0601,48.58,30.8,59.0,0,0,0,12,2,3,48.71,-0.13000000000000256,0
2024-03-20 16:00:00,BIN_008,DHA,General,24.7925,67.0601,49.62,32.0,88.6,0,0,0,16,2,3,48.58,1.0399999999999991,0
2024-03-20 20:00:00,BIN_008,DHA,General,24.7925,67.0601,52.42,33.3,55.3,0,0,0,20,2,3,49.62,2.8000000000000043,0
2024-03-21 00:00:00,BIN_008,DHA,General,24.7925,67.0601,53.24,29.4,57.7,0,0,0,0,3,3,52.42,0.8200000000000003,0
2024-03-21 04:00:00,BIN_008,DHA,General,24.7925,67.0601,54.47,36.3,61.6,0,0,0,4,3,3,53.24,1.2299999999999969,0
2024-03-21 08:00:00,BIN_008,DHA,General,24.7925,67.0601,57.66,33.9,87.0,0,0,0,8,3,3,54.47,3.1899999999999977,0
2024-03-21 12:00:00,BIN_008,DHA,General,24.7925,67.0601,58.89,35.0,69.0,0,0,0,12,3,3,57.66,1.230000000000004,0
2024-03-21 16:00:00,BIN_008,DHA,General,24.7925,67.0601,60.39,29.3,77.8,0,0,0,16,3,3,58.89,1.5,0
2024-03-21 20:00:00,BIN_008,DHA,General,24.7925,67.0601,62.32,34.8,82.7,0,0,0,20,3,3,60.39,1.9299999999999997,0
2024-03-22 00:00:00,BIN_008,DHA,General,24.7925,67.0601,63.79,36.3,72.5,0,0,0,0,4,3,62.32,1.4699999999999989,0
2024-03-22 04:00:00,BIN_008,DHA,General,24.7925,67.0601,66.68,41.7,84.1,0,0,0,4,4,3,63.79,2.8900000000000077,0
2024-03-22 08:00:00,BIN_008,DHA,General,24.7925,67.0601,68.13,38.8,64.3,0,0,0,8,4,3,66.68,1.4499999999999886,0
2024-03-22 12:00:00,BIN_008,DHA,General,24.7925,67.0601,70.43,30.9,88.0,0,0,0,12,4,3,68.13,2.3000000000000114,0
2024-03-22 16:00:00,BIN_008,DHA,General,24.7925,67.0601,72.66,31.9,67.3,0,0,0,16,4,3,70.43,2.2299999999999898,0
2024-03-22 20:00:00,BIN_008,DHA,General,24.7925,67.0601,73.92,31.0,75.5,0,0,0,20,4,3,72.66,1.2600000000000051,0
2024-03-23 00:00:00,BIN_008,DHA,General,24.7925,67.0601,78.19,28.2,57.3,1,1,0,0,5,3,73.92,4.269999999999996,0
2024-03-23 04:00:00,BIN_008,DHA,General,24.7925,67.0601,78.59,29.4,69.7,1,1,0,4,5,3,78.19,0.4000000000000057,0
2024-03-23 08:00:00,BIN_008,DHA,General,24.7925,67.0601,80.95,31.4,75.1,1,1,0,8,5,3,78.59,2.3599999999999994,0
2024-03-23 12:00:00,BIN_008,DHA,General,24.7925,67.0601,83.29,38.8,65.1,1,1,0,12,5,3,80.95,2.3400000000000034,0
2024-03-23 16:00:00,BIN_008,DHA,General,24.7925,67.0601,86.58,29.9,55.9,1,1,1,16,5,3,83.29,3.289999999999992,0
2024-03-23 20:00:00,BIN_008,DHA,General,24.7925,67.0601,0.08,36.8,57.6,1,0,0,20,5,3,86.58,-86.5,0
2024-03-24 00:00:00,BIN_008,DHA,General,24.7925,67.0601,1.55,29.1,61.7,1,0,0,0,6,3,0.08,1.47,0
2024-03-24 04:00:00,BIN_008,DHA,General,24.7925,67.0601,2.27,40.8,55.7,1,0,0,4,6,3,1.55,0.72,0
2024-03-24 08:00:00,BIN_008,DHA,General,24.7925,67.0601,2.8,37.4,75.6,1,0,0,8,6,3,2.27,0.5299999999999998,0
2024-03-24 12:00:00,BIN_008,DHA,General,24.7925,67.0601,7.45,31.1,84.7,1,0,0,12,6,3,2.8,4.65,0
2024-03-24 16:00:00,BIN_008,DHA,General,24.7925,67.0601,11.73,33.7,89.5,1,0,0,16,6,3,7.45,4.28,0
2024-03-24 20:00:00,BIN_008,DHA,General,24.7925,67.0601,13.99,38.8,88.8,1,0,0,20,6,3,11.73,2.26,0
2024-03-25 00:00:00,BIN_008,DHA,General,24.7925,67.0601,11.34,38.6,85.8,0,0,0,0,0,3,13.99,-2.6500000000000004,0
2024-03-25 04:00:00,BIN_008,DHA,General,24.7925,67.0601,15.51,41.5,66.4,0,0,0,4,0,3,11.34,4.17,0
2024-03-25 08:00:00,BIN_008,DHA,General,24.7925,67.0601,16.39,35.6,61.3,0,0,0,8,0,3,15.51,0.8800000000000008,0
2024-03-25 12:00:00,BIN_008,DHA,General,24.7925,67.0601,19.08,32.9,87.6,0,0,0,12,0,3,16.39,2.6899999999999977,0
2024-03-25 16:00:00,BIN_008,DHA,General,24.7925,67.0601,21.41,36.3,59.2,0,0,0,16,0,3,19.08,2.330000000000002,0
2024-03-25 20:00:00,BIN_008,DHA,General,24.7925,67.0601,21.69,32.6,74.7,0,0,0,20,0,3,21.41,0.28000000000000114,0
2024-03-26 00:00:00,BIN_008,DHA,General,24.7925,67.0601,24.25,41.6,62.5,0,0,0,0,1,3,21.69,2.5599999999999987,0
2024-03-26 04:00:00,BIN_008,DHA,General,24.7925,67.0601,25.2,30.6,70.9,0,0,0,4,1,3,24.25,0.9499999999999993,0
2024-03-26 08:00:00,BIN_008,DHA,General,24.7925,67.0601,25.69,28.3,73.9,0,0,0,8,1,3,25.2,0.490000000000002,0
2024-03-26 12:00:00,BIN_008,DHA,General,24.7925,67.0601,28.91,41.4,68.7,0,0,0,12,1,3,25.69,3.219999999999999,0
2024-03-26 16:00:00,BIN_008,DHA,General,24.7925,67.0601,31.34,37.7,80.2,0,0,0,16,1,3,28.91,2.4299999999999997,0
2024-03-26 20:00:00,BIN_008,DHA,General,24.7925,67.0601,33.0,35.9,89.1,0,0,0,20,1,3,31.34,1.6600000000000001,0
2024-03-27 00:00:00,BIN_008,DHA,General,24.7925,67.0601,35.76,37.8,80.7,0,0,0,0,2,3,33.0,2.759999999999998,0
2024-03-27 04:00:00,BIN_008,DHA,General,24.7925,67.0601,38.0,32.1,65.6,0,0,0,4,2,3,35.76,2.240000000000002,0
2024-03-27 08:00:00,BIN_008,DHA,General,24.7925,67.0601,38.72,35.9,63.7,0,0,0,8,2,3,38.0,0.7199999999999989,0
2024-03-27 12:00:00,BIN_008,DHA,General,24.7925,67.0601,41.95,39.4,58.9,0,0,0,12,2,3,38.72,3.230000000000004,0
2024-03-27 16:00:00,BIN_008,DHA,General,24.7925,67.0601,44.27,30.6,74.0,0,0,0,16,2,3,41.95,2.3200000000000003,0
2024-03-27 20:00:00,BIN_008,DHA,General,24.7925,67.0601,47.78,32.0,66.3,0,0,0,20,2,3,44.27,3.509999999999998,0
2024-03-28 00:00:00,BIN_008,DHA,General,24.7925,67.0601,48.74,41.8,56.1,0,0,0,0,3,3,47.78,0.9600000000000009,0
2024-03-28 04:00:00,BIN_008,DHA,General,24.7925,67.0601,50.24,37.3,68.0,0,0,0,4,3,3,48.74,1.5,0
2024-03-28 08:00:00,BIN_008,DHA,General,24.7925,67.0601,50.02,37.4,80.5,0,0,0,8,3,3,50.24,-0.21999999999999886,0
2024-03-28 12:00:00,BIN_008,DHA,General,24.7925,67.0601,53.81,37.7,59.0,0,0,0,12,3,3,50.02,3.789999999999999,0
2024-03-28 16:00:00,BIN_008,DHA,General,24.7925,67.0601,53.67,28.4,69.5,0,0,0,16,3,3,53.81,-0.14000000000000057,0
2024-03-28 20:00:00,BIN_008,DHA,General,24.7925,67.0601,56.8,34.1,71.4,0,0,0,20,3,3,53.67,3.1299999999999955,0
2024-03-29 00:00:00,BIN_008,DHA,General,24.7925,67.0601,57.02,32.4,57.1,0,0,0,0,4,3,56.8,0.22000000000000597,0
2024-03-29 04:00:00,BIN_008,DHA,General,24.7925,67.0601,60.46,37.6,74.9,0,0,0,4,4,3,57.02,3.4399999999999977,0
2024-03-29 08:00:00,BIN_008,DHA,General,24.7925,67.0601,64.21,35.5,71.4,0,0,0,8,4,3,60.46,3.749999999999993,0
2024-03-29 12:00:00,BIN_008,DHA,General,24.7925,67.0601,64.52,35.2,77.3,0,0,0,12,4,3,64.21,0.3100000000000023,0
2024-03-29 16:00:00,BIN_008,DHA,General,24.7925,67.0601,64.39,30.0,60.5,0,0,0,16,4,3,64.52,-0.12999999999999545,0
2024-03-29 20:00:00,BIN_008,DHA,General,24.7925,67.0601,67.6,37.0,85.6,0,0,0,20,4,3,64.39,3.2099999999999937,0
2024-03-30 00:00:00,BIN_008,DHA,General,24.7925,67.0601,68.13,38.6,84.1,1,0,0,0,5,3,67.6,0.5300000000000011,0
2024-03-30 04:00:00,BIN_008,DHA,General,24.7925,67.0601,69.94,40.3,76.2,1,0,0,4,5,3,68.13,1.8100000000000023,0
2024-03-30 08:00:00,BIN_008,DHA,General,24.7925,67.0601,71.7,34.9,71.5,1,0,0,8,5,3,69.94,1.7600000000000051,0
2024-03-30 12:00:00,BIN_008,DHA,General,24.7925,67.0601,74.27,32.3,85.5,1,0,0,12,5,3,71.7,2.569999999999993,0
2024-03-30 16:00:00,BIN_008,DHA,General,24.7925,67.0601,75.87,38.8,56.1,1,1,0,16,5,3,74.27,1.6000000000000085,0
2024-03-30 20:00:00,BIN_008,DHA,General,24.7925,67.0601,76.61,37.4,83.6,1,1,0,20,5,3,75.87,0.7399999999999949,0
2024-01-01 04:00:00,BIN_009,Landhi,Recyclable,24.856,67.19,22.16,31.6,58.3,0,0,0,4,0,1,19.55,2.6099999999999994,1
2024-01-01 08:00:00,BIN_009,Landhi,Recyclable,24.856,67.19,24.76,32.9,74.7,0,0,0,8,0,1,22.16,2.6000000000000014,1
2024-01-01 12:00:00,BIN_009,Landhi,Recyclable,24.856,67.19,25.66,34.1,71.1,0,0,0,12,0,1,24.76,0.8999999999999986,1
2024-01-01 16:00:00,BIN_009,Landhi,Recyclable,24.856,67.19,25.37,28.9,72.1,0,0,0,16,0,1,25.66,-0.28999999999999915,1
2024-01-01 20:00:00,BIN_009,Landhi,Recyclable,24.856,67.19,29.61,39.4,58.5,0,0,0,20,0,1,25.37,4.239999999999998,1
2024-01-02 00:00:00,BIN_009,Landhi,Recyclable,24.856,67.19,32.24,35.9,71.4,0,0,0,0,1,1,29.61,2.6300000000000026,1
2024-01-02 04:00:00,BIN_009,Landhi,Recyclable,24.856,67.19,35.09,40.4,81.8,0,0,0,4,1,1,32.24,2.8500000000000014,1
2024-01-02 08:00:00,BIN_009,Landhi,Recyclable,24.856,67.19,37.29,37.0,71.0,0,0,0,8,1,1,35.09,2.1999999999999957,1
2024-01-02 12:00:00,BIN_009,Landhi,Recyclable,24.856,67.19,39.49,40.1,87.4,0,0,0,12,1,1,37.29,2.200000000000003,1
2024-01-02 16:00:00,BIN_009,Landhi,Recyclable,24.856,67.19,40.53,29.7,57.8,0,0,0,16,1,1,39.49,1.0399999999999991,1
2024-01-02 20:00:00,BIN_009,Landhi,Recyclable,24.856,67.19,43.42,30.2,63.7,0,0,0,20,1,1,40.53,2.8900000000000006,1
2024-01-03 00:00:00,BIN_009,Landhi,Recyclable,24.856,67.19,47.73,41.8,70.5,0,0,0,0,2,1,43.42,4.309999999999995,1
2024-01-03 04:00:00,BIN_009,Landhi,Recyclable,24.856,67.19,49.03,35.3,73.3,0,0,0,4,2,1,47.73,1.3000000000000043,1
2024-01-03 08:00:00,BIN_009,Landhi,Recyclable,24.856,67.19,52.41,28.1,55.1,0,0,0,8,2,1,49.03,3.3799999999999955,1
2024-01-03 12:00:00,BIN_009,Landhi,Recyclable,24.856,67.19,58.15,29.4,58.6,0,0,0,12,2,1,52.41,5.740000000000002,1
2024-01-03 16:00:00,BIN_009,Landhi,Recyclable,24.856,67.19,58.2,40.5,87.5,0,0,0,16,2,1,58.15,0.05000000000000426,1
2024-01-03 20:00:00,BIN_009,Landhi,Recyclable,24.856,67.19,60.64,41.7,87.9,0,0,0,20,2,1,58.2,2.4399999999999977,1
2024-01-04 00:00:00,BIN_009,Landhi,Recyclable,24.856,67.19,62.21,30.5,83.2,0,0,0,0,3,1,60.64,1.5700000000000003,1
2024-01-04 04:00:00,BIN_009,Landhi,Recyclable,24.856,67.19,61.02,40.4,84.8,0,0,0,4,3,1,62.21,-1.1899999999999977,1
2024-01-04 08:00:00,BIN_009,Landhi,Recyclable,24.856,67.19,64.78,29.4,56.4,0,0,0,8,3,1,61.02,3.759999999999998,1
2024-01-04 12:00:00,BIN_009,Landhi,Recyclable,24.856,67.19,65.64,38.5,69.9,0,0,0,12,3,1,64.78,0.8599999999999994,1
2024-01-04 16:00:00,BIN_009,Landhi,Recyclable,24.856,67.19,67.0,39.6,83.6,0,0,0,16,3,1,65.64,1.3599999999999994,1
2024-01-04 20:00:00,BIN_009,Landhi,Recyclable,24.856,67.19,70.21,40.8,65.4,0,0,0,20,3,1,67.0,3.2099999999999937,1
2024-01-05 00:00:00,BIN_009,Landhi,Recyclable,24.856,67.19,71.47,39.6,71.6,0,0,0,0,4,1,70.21,1.2600000000000051,1
2024-01-05 04:00:00,BIN_009,Landhi,Recyclable,24.856,67.19,71.72,39.6,80.5,0,0,0,4,4,1,71.47,0.25,1
2024-01-05 08:00:00,BIN_009,Landhi,Recyclable,24.856,67.19,73.18,33.9,61.0,0,0,0,8,4,1,71.72,1.460000000000008,1
2024-01-05 12:00:00,BIN_009,Landhi,Recyclable,24.856,67.19,71.73,33.0,61.8,0,0,0,12,4,1,73.18,-1.4500000000000028,1
2024-01-05 16:00:00,BIN_009,Landhi,Recyclable,24.856,67.19,72.35,34.8,82.9,0,0,0,16,4,1,71.73,0.6199999999999903,1
2024-01-05 20:00:00,BIN_009,Landhi,Recyclable,24.856,67.19,73.02,36.0,86.3,0,0,0,20,4,1,72.35,0.6700000000000017,1
2024-01-06 00:00:00,BIN_009,Landhi,Recyclable,24.856,67.19,77.04,37.3,70.7,1,1,0,0,5,1,73.02,4.02000000000001,1
2024-01-06 04:00:00,BIN_009,Landhi,Recyclable,24.856,67.19,80.46,37.7,57.4,1,1,0,4,5,1,77.04,3.4199999999999875,1
2024-01-06 08:00:00,BIN_009,Landhi,Recyclable,24.856,67.19,82.93,31.4,81.9,1,1,0,8,5,1,80.46,2.470000000000013,1
2024-01-06 12:00:00,BIN_009,Landhi,Recyclable,24.856,67.19,85.55,28.2,62.6,1,1,1,12,5,1,82.93,2.6199999999999903,1
2024-01-06 16:00:00,BIN_009,Landhi,Recyclable,24.856,67.19,3.61,39.4,55.2,1,0,0,16,5,1,85.55,-81.94,1
2024-01-06 20:00:00,BIN_009,Landhi,Recyclable,24.856,67.19,6.67,35.0,79.7,1,0,0,20,5,1,3.61,3.06,1
2024-01-07 00:00:00,BIN_009,Landhi,Recyclable,24.856,67.19,9.21,29.2,61.3,1,0,0,0,6,1,6.67,2.540000000000001,1
2024-01-07 04:00:00,BIN_009,Landhi,Recyclable,24.856,67.19,9.63,34.7,77.9,1,0,0,4,6,1,9.21,0.41999999999999993,1
2024-01-07 08:00:00,BIN_009,Landhi,Recyclable,24.856,67.19,11.07,30.9,63.4,1,0,0,8,6,1,9.63,1.4399999999999995,1
2024-01-07 12:00:00,BIN_009,Landhi,Recyclable,24.856,67.19,12.44,31.2,68.8,1,0,0,12,6,1,11.07,1.3699999999999992,1
2024-01-07 16:00:00,BIN_009,Landhi,Recyclable,24.856,67.19,13.16,38.9,80.2,1,0,0,16,6,1,12.44,0.7200000000000006,1
2024-01-07 20:00:00,BIN_009,Landhi,Recyclable,24.856,67.19,17.98,29.8,56.7,1,0,0,20,6,1,13.16,4.82,1
2024-01-08 00:00:00,BIN_009,Landhi,Recyclable,24.856,67.19,21.21,41.8,86.0,0,0,0,0,0,1,17.98,3.2300000000000004,1
2024-01-08 04:00:00,BIN_009,Landhi,Recyclable,24.856,67.19,25.42,33.8,68.0,0,0,0,4,0,1,21.21,4.210000000000001,1
2024-01-08 08:00:00,BIN_009,Landhi,Recyclable,24.856,67.19,25.67,29.9,59.6,0,0,0,8,0,1,25.42,0.25,1
2024-01-08 12:00:00,BIN_009,Landhi,Recyclable,24.856,67.19,26.42,29.6,63.4,0,0,0,12,0,1,25.67,0.75,1
2024-01-08 16:00:00,BIN_009,Landhi,Recyclable,24.856,67.19,28.21,33.2,71.0,0,0,0,16,0,1,26.42,1.7899999999999991,1
2024-01-08 20:00:00,BIN_009,Landhi,Recyclable,24.856,67.19,29.72,32.5,61.4,0,0,0,20,0,1,28.21,1.509999999999998,1
2024-01-09 00:00:00,BIN_009,Landhi,Recyclable,24.856,67.19,30.81,30.6,67.7,0,0,0,0,1,1,29.72,1.0899999999999999,1
2024-01-09 04:00:00,BIN_009,Landhi,Recyclable,24.856,67.19,30.58,29.8,71.0,0,0,0,4,1,1,30.81,-0.23000000000000043,1
2024-01-09 08:00:00,BIN_009,Landhi,Recyclable,24.856,67.19,30.76,29.3,70.0,0,0,0,8,1,1,30.58,0.18000000000000327,1
2024-01-09 12:00:00,BIN_009,Landhi,Recyclable,24.856,67.19,30.26,41.8,66.5,0,0,0,12,1,1,30.76,-0.5,1
2024-01-09 16:00:00,BIN_009,Landhi,Recyclable,24.856,67.19,33.08,29.1,71.2,0,0,0,16,1,1,30.26,2.8199999999999967,1
2024-01-09 20:00:00,BIN_009,Landhi,Recyclable,24.856,67.19,35.15,41.8,81.9,0,0,0,20,1,1,33.08,2.0700000000000003,1
2024-01-10 00:00:00,BIN_009,Landhi,Recyclable,24.856,67.19,37.17,38.6,73.3,0,0,0,0,2,1,35.15,2.020000000000003,1
2024-01-10 04:00:00,BIN_009,Landhi,Recyclable,24.856,67.19,39.67,40.9,83.9,0,0,0,4,2,1,37.17,2.5,1
2024-01-10 08:00:00,BIN_009,Landhi,Recyclable,24.856,67.19,41.82,32.3,56.2,0,0,0,8,2,1,39.67,2.1499999999999986,1
2024-01-10 12:00:00,BIN_009,Landhi,Recyclable,24.856,67.19,44.65,41.1,75.5,0,0,0,12,2,1,41.82,2.8299999999999983,1
2024-01-10 16:00:00,BIN_009,Landhi,Recyclable,24.856,67.19,44.91,39.6,84.3,0,0,0,16,2,1,44.65,0.259999999999998,1
2024-01-10 20:00:00,BIN_009,Landhi,Recyclable,24.856,67.19,45.68,39.4,77.6,0,0,0,20,2,1,44.91,0.7700000000000031,1
2024-01-11 00:00:00,BIN_009,Landhi,Recyclable,24.856,67.19,45.0,28.1,84.2,0,0,0,0,3,1,45.68,-0.6799999999999997,1
2024-01-11 04:00:00,BIN_009,Landhi,Recyclable,24.856,67.19,45.0,29.2,77.1,0,0,0,4,3,1,45.0,0.0,1
2024-01-11 08:00:00,BIN_009,Landhi,Recyclable,24.856,67.19,51.53,41.0,56.1,0,0,0,8,3,1,45.0,6.530000000000001,1
2024-01-11 12:00:00,BIN_009,Landhi,Recyclable,24.856,67.19,53.76,38.8,56.8,0,0,0,12,3,1,51.53,2.229999999999997,1
2024-01-11 16:00:00,BIN_009,Landhi,Recyclable,24.856,67.19,55.1,28.9,82.6,0,0,0,16,3,1,53.76,1.3400000000000034,1
2024-01-11 20:00:00,BIN_009,Landhi,Recyclable,24.856,67.19,55.79,35.4,56.0,0,0,0,20,3,1,55.1,0.6899999999999977,1
2024-01-12 00:00:00,BIN_009,Landhi,Recyclable,24.856,67.19,57.41,39.3,70.3,0,0,0,0,4,1,55.79,1.6199999999999974,1
2024-01-12 04:00:00,BIN_009,Landhi,Recyclable,24.856,67.19,58.19,35.8,83.0,0,0,0,4,4,1,57.41,0.7800000000000011,1
2024-01-12 08:00:00,BIN_009,Landhi,Recyclable,24.856,67.19,57.63,36.6,77.0,0,0,0,8,4,1,58.19,-0.5599999999999952,1
2024-01-12 12:00:00,BIN_009,Landhi,Recyclable,24.856,67.19,59.9,38.3,76.7,0,0,0,12,4,1,57.63,2.269999999999996,1
2024-01-12 16:00:00,BIN_009,Landhi,Recyclable,24.856,67.19,61.44,37.4,58.5,0,0,0,16,4,1,59.9,1.5399999999999991,1
2024-01-12 20:00:00,BIN_009,Landhi,Recyclable,24.856,67.19,63.84,33.3,81.9,0,0,0,20,4,1,61.44,2.4000000000000057,1
2024-01-13 00:00:00,BIN_009,Landhi,Recyclable,24.856,67.19,64.45,41.9,86.4,1,0,0,0,5,1,63.84,0.6099999999999994,1
2024-01-13 04:00:00,BIN_009,Landhi,Recyclable,24.856,67.19,66.49,28.3,85.1,1,0,0,4,5,1,64.45,2.039999999999992,1
2024-01-13 08:00:00,BIN_009,Landhi,Recyclable,24.856,67.19,68.05,38.1,70.5,1,0,0,8,5,1,66.49,1.5600000000000023,1
2024-01-13 12:00:00,BIN_009,Landhi,Recyclable,24.856,67.19,70.92,37.2,66.9,1,0,0,12,5,1,68.05,2.8700000000000045,1
2024-01-13 16:00:00,BIN_009,Landhi,Recyclable,24.856,67.19,71.66,30.0,84.1,1,0,0,16,5,1,70.92,0.7399999999999949,1
2024-01-13 20:00:00,BIN_009,Landhi,Recyclable,24.856,67.19,70.87,32.9,69.0,1,0,0,20,5,1,71.66,-0.789999999999992,1
2024-01-14 00:00:00,BIN_009,Landhi,Recyclable,24.856,67.19,72.75,35.6,88.5,1,0,0,0,6,1,70.87,1.8799999999999955,1
2024-01-14 04:00:00,BIN_009,Landhi,Recyclable,24.856,67.19,76.11,40.4,60.9,1,1,0,4,6,1,72.75,3.3599999999999994,1
2024-01-14 08:00:00,BIN_009,Landhi,Recyclable,24.856,67.19,78.73,33.2,68.0,1,1,0,8,6,1,76.11,2.6200000000000045,1
2024-01-14 12:00:00,BIN_009,Landhi,Recyclable,24.856,67.19,80.58,30.7,59.0,1,1,0,12,6,1,78.73,1.8499999999999943,1
2024-01-14 16:00:00,BIN_009,Landhi,Recyclable,24.856,67.19,83.76,41.6,82.1,1,1,0,16,6,1,80.58,3.180000000000007,1
2024-01-14 20:00:00,BIN_009,Landhi,Recyclable,24.856,67.19,86.79,31.4,56.4,1,1,1,20,6,1,83.76,3.030000000000001,1
2024-01-15 00:00:00,BIN_009,Landhi,Recyclable,24.856,67.19,9.39,40.7,75.5,0,0,0,0,0,1,86.79,-77.4,1
2024-01-15 04:00:00,BIN_009,Landhi,Recyclable,24.856,67.19,9.22,31.0,86.1,0,0,0,4,0,1,9.39,-0.16999999999999993,1
2024-01-15 08:00:00,BIN_009,Landhi,Recyclable,24.856,67.19,10.22,35.3,87.0,0,0,0,8,0,1,9.22,1.0,1
2024-01-15 12:00:00,BIN_009,Landhi,Recyclable,24.856,67.19,13.19,41.6,64.2,0,0,0,12,0,1,10.22,2.969999999999999,1
2024-01-15 16:00:00,BIN_009,Landhi,Recyclable,24.856,67.19,14.24,33.8,57.6,0,0,0,16,0,1,13.19,1.0500000000000007,1
2024-01-15 20:00:00,BIN_009,Landhi,Recyclable,24.856,67.19,15.75,33.7,56.4,0,0,0,20,0,1,14.24,1.5099999999999998,1
2024-01-16 00:00:00,BIN_009,Landhi,Recyclable,24.856,67.19,16.53,32.6,85.5,0,0,0,0,1,1,15.75,0.7800000000000011,1
2024-01-16 04:00:00,BIN_009,Landhi,Recyclable,24.856,67.19,18.77,38.4,62.7,0,0,0,4,1,1,16.53,2.2399999999999984,1
2024-01-16 08:00:00,BIN_009,Landhi,Recyclable,24.856,67.19,20.51,33.5,81.8,0,0,0,8,1,1,18.77,1.740000000000002,1
2024-01-16 12:00:00,BIN_009,Landhi,Recyclable,24.856,67.19,21.42,34.2,67.1,0,0,0,12,1,1,20.51,0.9100000000000001,1
2024-01-16 16:00:00,BIN_009,Landhi,Recyclable,24.856,67.19,25.3,40.6,56.7,0,0,0,16,1,1,21.42,3.879999999999999,1
2024-01-16 20:00:00,BIN_009,Landhi,Recyclable,24.856,67.19,26.28,35.3,56.1,0,0,0,20,1,1,25.3,0.9800000000000004,1
2024-01-17 00:00:00,BIN_009,Landhi,Recyclable,24.856,67.19,29.26,33.1,87.6,0,0,0,0,2,1,26.28,2.9800000000000004,1
2024-01-17 04:00:00,BIN_009,Landhi,Recyclable,24.856,67.19,30.59,36.8,87.7,0,0,0,4,2,1,29.26,1.3299999999999983,1
2024-01-17 08:00:00,BIN_009,Landhi,Recyclable,24.856,67.19,31.46,31.2,68.8,0,0,0,8,2,1,30.59,0.870000000000001,1
2024-01-17 12:00:00,BIN_009,Landhi,Recyclable,24.856,67.19,33.3,30.4,72.3,0,0,0,12,2,1,31.46,1.8399999999999963,1
2024-01-17 16:00:00,BIN_009,Landhi,Recyclable,24.856,67.19,35.66,34.1,82.5,0,0,0,16,2,1,33.3,2.3599999999999994,1
2024-01-17 20:00:00,BIN_009,Landhi,Recyclable,24.856,67.19,37.06,41.2,85.7,0,0,0,20,2,1,35.66,1.4000000000000057,1
2024-01-18 00:00:00,BIN_009,Landhi,Recyclable,24.856,67.19,38.49,32.9,69.0,0,0,0,0,3,1,37.06,1.4299999999999997,1
2024-01-18 04:00:00,BIN_009,Landhi,Recyclable,24.856,67.19,37.74,33.1,83.9,0,0,0,4,3,1,38.49,-0.75,1
2024-01-18 08:00:00,BIN_009,Landhi,Recyclable,24.856,67.19,41.19,41.8,57.1,0,0,0,8,3,1,37.74,3.4499999999999957,1
2024-01-18 12:00:00,BIN_009,Landhi,Recyclable,24.856,67.19,38.63,34.8,82.1,0,0,0,12,3,1,41.19,-2.559999999999995,1
2024-01-18 16:00:00,BIN_009,Landhi,Recyclable,24.856,67.19,40.6,31.4,85.4,0,0,0,16,3,1,38.63,1.9699999999999989,1
2024-01-18 20:00:00,BIN_009,Landhi,Recyclable,24.856,67.19,40.46,32.6,66.5,0,0,0,20,3,1,40.6,-0.14000000000000057,1
2024-01-19 00:00:00,BIN_009,Landhi,Recyclable,24.856,67.19,40.08,32.0,69.6,0,0,0,0,4,1,40.46,-0.38000000000000256,1
2024-01-19 04:00:00,BIN_009,Landhi,Recyclable,24.856,67.19,42.11,33.0,73.4,0,0,0,4,4,1,40.08,2.030000000000001,1
2024-01-19 08:00:00,BIN_009,Landhi,Recyclable,24.856,67.19,45.57,37.2,65.8,0,0,0,8,4,1,42.11,3.460000000000001,1
2024-01-19 12:00:00,BIN_009,Landhi,Recyclable,24.856,67.19,50.01,29.8,81.6,0,0,0,12,4,1,45.57,4.439999999999998,1
2024-01-19 16:00:00,BIN_009,Landhi,Recyclable,24.856,67.19,50.78,33.7,72.4,0,0,0,16,4,1,50.01,0.7700000000000031,1
2024-01-19 20:00:00,BIN_009,Landhi,Recyclable,24.856,67.19,53.22,35.5,78.1,0,0,0,20,4,1,50.78,2.4399999999999977,1
2024-01-20 00:00:00,BIN_009,Landhi,Recyclable,24.856,67.19,55.04,39.6,70.8,1,0,0,0,5,1,53.22,1.8200000000000003,1
2024-01-20 04:00:00,BIN_009,Landhi,Recyclable,24.856,67.19,55.86,30.1,89.5,1,0,0,4,5,1,55.04,0.8200000000000003,1
2024-01-20 08:00:00,BIN_009,Landhi,Recyclable,24.856,67.19,58.15,33.8,61.4,1,0,0,8,5,1,55.86,2.289999999999999,1
2024-01-20 12:00:00,BIN_009,Landhi,Recyclable,24.856,67.19,60.61,41.2,73.6,1,0,0,12,5,1,58.15,2.460000000000001,1
2024-01-20 16:00:00,BIN_009,Landhi,Recyclable,24.856,67.19,61.88,32.7,89.5,1,0,0,16,5,1,60.61,1.2700000000000031,1
2024-01-20 20:00:00,BIN_009,Landhi,Recyclable,24.856,67.19,65.17,35.3,59.9,1,0,0,20,5,1,61.88,3.289999999999999,1
2024-01-21 00:00:00,BIN_009,Landhi,Recyclable,24.856,67.19,66.92,28.6,71.2,1,0,0,0,6,1,65.17,1.75,1
2024-01-21 04:00:00,BIN_009,Landhi,Recyclable,24.856,67.19,66.55,33.9,82.3,1,0,0,4,6,1,66.92,-0.37000000000000455,1
2024-01-21 08:00:00,BIN_009,Landhi,Recyclable,24.856,67.19,68.97,29.3,80.7,1,0,0,8,6,1,66.55,2.4200000000000017,1
2024-01-21 12:00:00,BIN_009,Landhi,Recyclable,24.856,67.19,69.02,41.9,83.7,1,0,0,12,6,1,68.97,0.04999999999999716,1
2024-01-21 16:00:00,BIN_009,Landhi,Recyclable,24.856,67.19,69.75,39.7,87.8,1,0,0,16,6,1,69.02,0.730000000000004,1
2024-01-21 20:00:00,BIN_009,Landhi,Recyclable,24.856,67.19,75.9,41.8,68.9,1,1,0,20,6,1,69.75,6.150000000000006,1
2024-01-22 00:00:00,BIN_009,Landhi,Recyclable,24.856,67.19,76.83,31.8,81.9,0,1,0,0,0,1,75.9,0.9299999999999926,1
2024-01-22 04:00:00,BIN_009,Landhi,Recyclable,24.856,67.19,77.97,39.9,82.3,0,1,0,4,0,1,76.83,1.1400000000000006,1
2024-01-22 08:00:00,BIN_009,Landhi,Recyclable,24.856,67.19,79.79,37.9,68.7,0,1,0,8,0,1,77.97,1.8200000000000074,1
2024-01-22 12:00:00,BIN_009,Landhi,Recyclable,24.856,67.19,84.7,39.8,78.7,0,1,0,12,0,1,79.79,4.909999999999997,1
2024-01-22 16:00:00,BIN_009,Landhi,Recyclable,24.856,67.19,86.67,40.4,63.8,0,1,1,16,0,1,84.7,1.9699999999999989,1
2024-01-22 20:00:00,BIN_009,Landhi,Recyclable,24.856,67.19,8.09,38.9,72.2,0,0,0,20,0,1,86.67,-78.58,1
2024-01-23 00:00:00,BIN_009,Landhi,Recyclable,24.856,67.19,9.08,33.2,86.1,0,0,0,0,1,1,8.09,0.9900000000000002,1
2024-01-23 04:00:00,BIN_009,Landhi,Recyclable,24.856,67.19,11.72,34.5,73.1,0,0,0,4,1,1,9.08,2.6400000000000006,1
2024-01-23 08:00:00,BIN_009,Landhi,Recyclable,24.856,67.19,11.34,37.2,59.2,0,0,0,8,1,1,11.72,-0.3800000000000008,1
2024-01-23 12:00:00,BIN_009,Landhi,Recyclable,24.856,67.19,11.43,40.3,82.3,0,0,0,12,1,1,11.34,0.08999999999999986,1
2024-01-23 16:00:00,BIN_009,Landhi,Recyclable,24.856,67.19,13.78,36.4,61.5,0,0,0,16,1,1,11.43,2.3499999999999996,1
2024-01-23 20:00:00,BIN_009,Landhi,Recyclable,24.856,67.19,13.82,31.8,69.3,0,0,0,20,1,1,13.78,0.040000000000000924,1
2024-01-24 00:00:00,BIN_009,Landhi,Recyclable,24.856,67.19,16.73,35.5,81.9,0,0,0,0,2,1,13.82,2.91,1
2024-01-24 04:00:00,BIN_009,Landhi,Recyclable,24.856,67.19,20.28,38.6,76.6,0,0,0,4,2,1,16.73,3.5500000000000007,1
2024-01-24 08:00:00,BIN_009,Landhi,Recyclable,24.856,67.19,20.78,40.3,76.5,0,0,0,8,2,1,20.28,0.5,1
2024-01-24 12:00:00,BIN_009,Landhi,Recyclable,24.856,67.19,23.9,39.5,74.1,0,0,0,12,2,1,20.78,3.1199999999999974,1
2024-01-24 16:00:00,BIN_009,Landhi,Recyclable,24.856,67.19,25.7,33.2,79.4,0,0,0,16,2,1,23.9,1.8000000000000007,1
2024-01-24 20:00:00,BIN_009,Landhi,Recyclable,24.856,67.19,24.93,34.7,84.3,0,0,0,20,2,1,25.7,-0.7699999999999996,1
2024-01-25 00:00:00,BIN_009,Landhi,Recyclable,24.856,67.19,28.16,31.0,89.4,0,0,0,0,3,1,24.93,3.2300000000000004,1
2024-01-25 04:00:00,BIN_009,Landhi,Recyclable,24.856,67.19,31.32,39.8,82.6,0,0,0,4,3,1,28.16,3.16,1
2024-01-25 08:00:00,BIN_009,Landhi,Recyclable,24.856,67.19,33.41,29.9,73.8,0,0,0,8,3,1,31.32,2.0899999999999963,1
2024-01-25 12:00:00,BIN_009,Landhi,Recyclable,24.856,67.19,31.85,30.0,74.4,0,0,0,12,3,1,33.41,-1.5599999999999952,1
2024-01-25 16:00:00,BIN_009,Landhi,Recyclable,24.856,67.19,31.53,35.0,85.6,0,0,0,16,3,1,31.85,-0.3200000000000003,1
2024-01-25 20:00:00,BIN_009,Landhi,Recyclable,24.856,67.19,35.4,29.5,82.7,0,0,0,20,3,1,31.53,3.8699999999999974,1
2024-01-26 00:00:00,BIN_009,Landhi,Recyclable,24.856,67.19,37.71,33.7,85.5,0,0,0,0,4,1,35.4,2.3100000000000023,1
2024-01-26 04:00:00,BIN_009,Landhi,Recyclable,24.856,67.19,38.15,35.3,55.8,0,0,0,4,4,1,37.71,0.4399999999999977,1
2024-01-26 08:00:00,BIN_009,Landhi,Recyclable,24.856,67.19,38.73,39.1,60.9,0,0,0,8,4,1,38.15,0.5799999999999983,1
2024-01-26 12:00:00,BIN_009,Landhi,Recyclable,24.856,67.19,40.68,32.8,81.6,0,0,0,12,4,1,38.73,1.9500000000000028,1
2024-01-26 16:00:00,BIN_009,Landhi,Recyclable,24.856,67.19,41.94,39.6,61.7,0,0,0,16,4,1,40.68,1.259999999999998,1
2024-01-26 20:00:00,BIN_009,Landhi,Recyclable,24.856,67.19,44.09,39.3,78.0,0,0,0,20,4,1,41.94,2.1500000000000057,1
2024-01-27 00:00:00,BIN_009,Landhi,Recyclable,24.856,67.19,45.08,29.8,68.4,1,0,0,0,5,1,44.09,0.9899999999999949,1
2024-01-27 04:00:00,BIN_009,Landhi,Recyclable,24.856,67.19,45.56,30.9,77.5,1,0,0,4,5,1,45.08,0.480000000000004,1
2024-01-27 08:00:00,BIN_009,Landhi,Recyclable,24.856,67.19,50.96,40.8,72.7,1,0,0,8,5,1,45.56,5.399999999999999,1
2024-01-27 12:00:00,BIN_009,Landhi,Recyclable,24.856,67.19,54.8,35.6,71.5,1,0,0,12,5,1,50.96,3.8399999999999963,1
2024-01-27 16:00:00,BIN_009,Landhi,Recyclable,24.856,67.19,55.81,35.7,65.8,1,0,0,16,5,1,54.8,1.0100000000000051,1
2024-01-27 20:00:00,BIN_009,Landhi,Recyclable,24.856,67.19,57.53,35.5,59.7,1,0,0,20,5,1,55.81,1.7199999999999989,1
2024-01-28 00:00:00,BIN_009,Landhi,Recyclable,24.856,67.19,58.61,36.6,58.3,1,0,0,0,6,1,57.53,1.0799999999999983,1
2024-01-28 04:00:00,BIN_009,Landhi,Recyclable,24.856,67.19,58.89,33.0,63.8,1,0,0,4,6,1,58.61,0.28000000000000114,1
2024-01-28 08:00:00,BIN_009,Landhi,Recyclable,24.856,67.19,61.78,41.0,87.6,1,0,0,8,6,1,58.89,2.8900000000000006,1
2024-01-28 12:00:00,BIN_009,Landhi,Recyclable,24.856,67.19,67.58,41.6,59.4,1,0,0,12,6,1,61.78,5.799999999999997,1
2024-01-28 16:00:00,BIN_009,Landhi,Recyclable,24.856,67.19,70.19,35.6,55.6,1,0,0,16,6,1,67.58,2.6099999999999994,1
2024-01-28 20:00:00,BIN_009,Landhi,Recyclable,24.856,67.19,70.71,28.9,86.1,1,0,0,20,6,1,70.19,0.519999999999996,1
2024-01-29 00:00:00,BIN_009,Landhi,Recyclable,24.856,67.19,71.65,40.5,75.8,0,0,0,0,0,1,70.71,0.9400000000000119,1
2024-01-29 04:00:00,BIN_009,Landhi,Recyclable,24.856,67.19,74.46,39.3,70.0,0,0,0,4,0,1,71.65,2.809999999999988,1
2024-01-29 08:00:00,BIN_009,Landhi,Recyclable,24.856,67.19,75.67,34.4,74.3,0,1,0,8,0,1,74.46,1.210000000000008,1
2024-01-29 12:00:00,BIN_009,Landhi,Recyclable,24.856,67.19,75.67,29.5,89.7,0,1,0,12,0,1,75.67,0.0,1
2024-01-29 16:00:00,BIN_009,Landhi,Recyclable,24.856,67.19,76.02,35.4,73.8,0,1,0,16,0,1,75.67,0.3499999999999943,1
2024-01-29 20:00:00,BIN_009,Landhi,Recyclable,24.856,67.19,76.54,34.2,82.0,0,1,0,20,0,1,76.02,0.5200000000000102,1
2024-01-30 00:00:00,BIN_009,Landhi,Recyclable,24.856,67.19,81.64,38.1,55.9,0,1,0,0,1,1,76.54,5.099999999999994,1
2024-01-30 04:00:00,BIN_009,Landhi,Recyclable,24.856,67.19,83.65,36.0,85.9,0,1,0,4,1,1,81.64,2.010000000000005,1
2024-01-30 08:00:00,BIN_009,Landhi,Recyclable,24.856,67.19,85.03,41.0,67.4,0,1,1,8,1,1,83.65,1.3799999999999955,1
2024-01-30 12:00:00,BIN_009,Landhi,Recyclable,24.856,67.19,5.67,41.7,62.0,0,0,0,12,1,1,85.03,-79.36,1
2024-01-30 16:00:00,BIN_009,Landhi,Recyclable,24.856,67.19,7.0,35.2,84.3,0,0,0,16,1,1,5.67,1.33,1
2024-01-30 20:00:00,BIN_009,Landhi,Recyclable,24.856,67.19,10.11,38.3,64.3,0,0,0,20,1,1,7.0,3.1099999999999994,1
2024-01-31 00:00:00,BIN_009,Landhi,Recyclable,24.856,67.19,11.54,40.0,86.4,0,0,0,0,2,1,10.11,1.4299999999999997,1
2024-01-31 04:00:00,BIN_009,Landhi,Recyclable,24.856,67.19,12.45,41.4,85.8,0,0,0,4,2,1,11.54,0.9100000000000001,1
2024-01-31 08:00:00,BIN_009,Landhi,Recyclable,24.856,67.19,11.73,38.8,80.9,0,0,0,8,2,1,12.45,-0.7199999999999989,1
2024-01-31 12:00:00,BIN_009,Landhi,Recyclable,24.856,67.19,16.34,35.5,58.1,0,0,0,12,2,1,11.73,4.609999999999999,1
2024-01-31 16:00:00,BIN_009,Landhi,Recyclable,24.856,67.19,17.68,33.1,77.0,0,0,0,16,2,1,16.34,1.3399999999999999,1
2024-01-31 20:00:00,BIN_009,Landhi,Recyclable,24.856,67.19,20.31,37.4,62.4,0,0,0,20,2,1,17.68,2.629999999999999,1
2024-02-01 00:00:00,BIN_009,Landhi,Recyclable,24.856,67.19,21.01,30.6,69.2,0,0,0,0,3,2,20.31,0.7000000000000028,1
2024-02-01 04:00:00,BIN_009,Landhi,Recyclable,24.856,67.19,23.69,38.2,88.8,0,0,0,4,3,2,21.01,2.6799999999999997,1
2024-02-01 08:00:00,BIN_009,Landhi,Recyclable,24.856,67.19,22.51,39.6,78.5,0,0,0,8,3,2,23.69,-1.1799999999999997,1
2024-02-01 12:00:00,BIN_009,Landhi,Recyclable,24.856,67.19,24.69,41.6,63.9,0,0,0,12,3,2,22.51,2.1799999999999997,1
2024-02-01 16:00:00,BIN_009,Landhi,Recyclable,24.856,67.19,26.65,31.3,75.7,0,0,0,16,3,2,24.69,1.9599999999999973,1
2024-02-01 20:00:00,BIN_009,Landhi,Recyclable,24.856,67.19,22.47,34.2,70.6,0,0,0,20,3,2,26.65,-4.18,1
2024-02-02 00:00:00,BIN_009,Landhi,Recyclable,24.856,67.19,20.81,28.0,65.8,0,0,0,0,4,2,22.47,-1.6600000000000001,1
2024-02-02 04:00:00,BIN_009,Landhi,Recyclable,24.856,67.19,22.68,31.9,68.8,0,0,0,4,4,2,20.81,1.870000000000001,1
2024-02-02 08:00:00,BIN_009,Landhi,Recyclable,24.856,67.19,24.18,37.7,77.1,0,0,0,8,4,2,22.68,1.5,1
2024-02-02 12:00:00,BIN_009,Landhi,Recyclable,24.856,67.19,23.98,39.3,70.8,0,0,0,12,4,2,24.18,-0.1999999999999993,1
2024-02-02 16:00:00,BIN_009,Landhi,Recyclable,24.856,67.19,27.5,34.0,79.6,0,0,0,16,4,2,23.98,3.5199999999999996,1
2024-02-02 20:00:00,BIN_009,Landhi,Recyclable,24.856,67.19,29.09,34.1,69.6,0,0,0,20,4,2,27.5,1.5899999999999999,1
2024-02-03 00:00:00,BIN_009,Landhi,Recyclable,24.856,67.19,29.98,32.7,62.8,1,0,0,0,5,2,29.09,0.8900000000000006,1
2024-02-03 04:00:00,BIN_009,Landhi,Recyclable,24.856,67.19,32.68,33.0,63.1,1,0,0,4,5,2,29.98,2.6999999999999993,1
2024-02-03 08:00:00,BIN_009,Landhi,Recyclable,24.856,67.19,36.59,39.0,67.8,1,0,0,8,5,2,32.68,3.9100000000000037,1
2024-02-03 12:00:00,BIN_009,Landhi,Recyclable,24.856,67.19,39.02,41.8,75.8,1,0,0,12,5,2,36.59,2.4299999999999997,1
2024-02-03 16:00:00,BIN_009,Landhi,Recyclable,24.856,67.19,42.63,38.2,81.2,1,0,0,16,5,2,39.02,3.6099999999999994,1
2024-02-03 20:00:00,BIN_009,Landhi,Recyclable,24.856,67.19,44.02,30.7,71.4,1,0,0,20,5,2,42.63,1.3900000000000006,1
2024-02-04 00:00:00,BIN_009,Landhi,Recyclable,24.856,67.19,45.93,37.6,75.6,1,0,0,0,6,2,44.02,1.9099999999999966,1
2024-02-04 04:00:00,BIN_009,Landhi,Recyclable,24.856,67.19,49.53,39.8,65.0,1,0,0,4,6,2,45.93,3.6000000000000014,1
2024-02-04 08:00:00,BIN_009,Landhi,Recyclable,24.856,67.19,49.92,37.7,80.6,1,0,0,8,6,2,49.53,0.39000000000000057,1
2024-02-04 12:00:00,BIN_009,Landhi,Recyclable,24.856,67.19,52.12,28.6,78.7,1,0,0,12,6,2,49.92,2.1999999999999957,1
2024-02-04 16:00:00,BIN_009,Landhi,Recyclable,24.856,67.19,52.52,33.9,61.8,1,0,0,16,6,2,52.12,0.4000000000000057,1
2024-02-04 20:00:00,BIN_009,Landhi,Recyclable,24.856,67.19,54.08,33.8,68.5,1,0,0,20,6,2,52.52,1.5599999999999952,1
2024-02-05 00:00:00,BIN_009,Landhi,Recyclable,24.856,67.19,56.82,36.5,55.8,0,0,0,0,0,2,54.08,2.740000000000002,1
2024-02-05 04:00:00,BIN_009,Landhi,Recyclable,24.856,67.19,59.39,41.0,79.0,0,0,0,4,0,2,56.82,2.5700000000000003,1
2024-02-05 08:00:00,BIN_009,Landhi,Recyclable,24.856,67.19,61.38,34.5,69.7,0,0,0,8,0,2,59.39,1.990000000000002,1
2024-02-05 12:00:00,BIN_009,Landhi,Recyclable,24.856,67.19,60.83,40.5,70.3,0,0,0,12,0,2,61.38,-0.5500000000000043,1
2024-02-05 16:00:00,BIN_009,Landhi,Recyclable,24.856,67.19,62.64,34.6,58.3,0,0,0,16,0,2,60.83,1.8100000000000023,1
2024-02-05 20:00:00,BIN_009,Landhi,Recyclable,24.856,67.19,64.91,39.1,57.6,0,0,0,20,0,2,62.64,2.269999999999996,1
2024-02-06 00:00:00,BIN_009,Landhi,Recyclable,24.856,67.19,66.46,30.2,55.3,0,0,0,0,1,2,64.91,1.5499999999999972,1
2024-02-06 04:00:00,BIN_009,Landhi,Recyclable,24.856,67.19,66.79,33.9,59.8,0,0,0,4,1,2,66.46,0.3300000000000125,1
2024-02-06 08:00:00,BIN_009,Landhi,Recyclable,24.856,67.19,69.24,39.3,70.8,0,0,0,8,1,2,66.79,2.4499999999999886,1
2024-02-06 12:00:00,BIN_009,Landhi,Recyclable,24.856,67.19,69.34,35.1,56.1,0,0,0,12,1,2,69.24,0.10000000000000853,1
2024-02-06 16:00:00,BIN_009,Landhi,Recyclable,24.856,67.19,70.64,35.6,80.9,0,0,0,16,1,2,69.34,1.2999999999999972,1
2024-02-06 20:00:00,BIN_009,Landhi,Recyclable,24.856,67.19,71.82,36.5,68.7,0,0,0,20,1,2,70.64,1.1799999999999926,1
2024-02-07 00:00:00,BIN_009,Landhi,Recyclable,24.856,67.19,73.69,33.1,80.8,0,0,0,0,2,2,71.82,1.8700000000000045,1
2024-02-07 04:00:00,BIN_009,Landhi,Recyclable,24.856,67.19,74.59,35.2,80.9,0,0,0,4,2,2,73.69,0.9000000000000057,1
2024-02-07 08:00:00,BIN_009,Landhi,Recyclable,24.856,67.19,77.55,31.7,87.8,0,1,0,8,2,2,74.59,2.9599999999999937,1
2024-02-07 12:00:00,BIN_009,Landhi,Recyclable,24.856,67.19,83.62,34.4,59.5,0,1,0,12,2,2,77.55,6.070000000000007,1
2024-02-07 16:00:00,BIN_009,Landhi,Recyclable,24.856,67.19,83.52,35.0,74.6,0,1,0,16,2,2,83.62,-0.10000000000000853,1
2024-02-07 20:00:00,BIN_009,Landhi,Recyclable,24.856,67.19,84.7,32.7,57.5,0,1,0,20,2,2,83.52,1.1800000000000068,1
2024-02-08 00:00:00,BIN_009,Landhi,Recyclable,24.856,67.19,85.54,38.7,72.0,0,1,1,0,3,2,84.7,0.8400000000000034,1
2024-02-08 04:00:00,BIN_009,Landhi,Recyclable,24.856,67.19,5.04,29.7,67.1,0,0,0,4,3,2,85.54,-80.5,1
2024-02-08 08:00:00,BIN_009,Landhi,Recyclable,24.856,67.19,6.38,34.3,65.5,0,0,0,8,3,2,5.04,1.3399999999999999,1
2024-02-08 12:00:00,BIN_009,Landhi,Recyclable,24.856,67.19,6.92,36.0,60.2,0,0,0,12,3,2,6.38,0.54,1
2024-02-08 16:00:00,BIN_009,Landhi,Recyclable,24.856,67.19,7.4,36.3,80.0,0,0,0,16,3,2,6.92,0.4800000000000004,1
2024-02-08 20:00:00,BIN_009,Landhi,Recyclable,24.856,67.19,10.52,40.4,84.3,0,0,0,20,3,2,7.4,3.119999999999999,1
2024-02-09 00:00:00,BIN_009,Landhi,Recyclable,24.856,67.19,9.66,35.0,81.9,0,0,0,0,4,2,10.52,-0.8599999999999994,1
2024-02-09 04:00:00,BIN_009,Landhi,Recyclable,24.856,67.19,13.37,40.3,58.6,0,0,0,4,4,2,9.66,3.709999999999999,1
2024-02-09 08:00:00,BIN_009,Landhi,Recyclable,24.856,67.19,16.82,34.0,66.6,0,0,0,8,4,2,13.37,3.450000000000001,1
2024-02-09 12:00:00,BIN_009,Landhi,Recyclable,24.856,67.19,17.45,33.8,76.1,0,0,0,12,4,2,16.82,0.629999999999999,1
2024-02-09 16:00:00,BIN_009,Landhi,Recyclable,24.856,67.19,18.91,30.9,60.7,0,0,0,16,4,2,17.45,1.4600000000000009,1
2024-02-09 20:00:00,BIN_009,Landhi,Recyclable,24.856,67.19,20.42,28.6,74.6,0,0,0,20,4,2,18.91,1.5100000000000016,1
2024-02-10 00:00:00,BIN_009,Landhi,Recyclable,24.856,67.19,20.18,37.7,80.9,1,0,0,0,5,2,20.42,-0.240000000000002,1
2024-02-10 04:00:00,BIN_009,Landhi,Recyclable,24.856,67.19,22.4,31.6,67.0,1,0,0,4,5,2,20.18,2.219999999999999,1
2024-02-10 08:00:00,BIN_009,Landhi,Recyclable,24.856,67.19,23.87,39.1,81.9,1,0,0,8,5,2,22.4,1.4700000000000024,1
2024-02-10 12:00:00,BIN_009,Landhi,Recyclable,24.856,67.19,28.12,37.3,84.9,1,0,0,12,5,2,23.87,4.25,1
2024-02-10 16:00:00,BIN_009,Landhi,Recyclable,24.856,67.19,30.2,31.3,69.0,1,0,0,16,5,2,28.12,2.0799999999999983,1
2024-02-10 20:00:00,BIN_009,Landhi,Recyclable,24.856,67.19,33.09,38.6,77.8,1,0,0,20,5,2,30.2,2.890000000000004,1
2024-02-11 00:00:00,BIN_009,Landhi,Recyclable,24.856,67.19,33.3,35.0,81.1,1,0,0,0,6,2,33.09,0.20999999999999375,1
2024-02-11 04:00:00,BIN_009,Landhi,Recyclable,24.856,67.19,36.43,35.9,57.9,1,0,0,4,6,2,33.3,3.1300000000000026,1
2024-02-11 08:00:00,BIN_009,Landhi,Recyclable,24.856,67.19,37.5,31.6,74.8,1,0,0,8,6,2,36.43,1.0700000000000003,1
2024-02-11 12:00:00,BIN_009,Landhi,Recyclable,24.856,67.19,38.48,35.1,62.1,1,0,0,12,6,2,37.5,0.9799999999999969,1
2024-02-11 16:00:00,BIN_009,Landhi,Recyclable,24.856,67.19,40.34,40.1,84.7,1,0,0,16,6,2,38.48,1.8600000000000065,1
2024-02-11 20:00:00,BIN_009,Landhi,Recyclable,24.856,67.19,42.75,35.2,79.7,1,0,0,20,6,2,40.34,2.4099999999999966,1
2024-02-12 00:00:00,BIN_009,Landhi,Recyclable,24.856,67.19,45.11,31.8,84.1,0,0,0,0,0,2,42.75,2.3599999999999994,1
2024-02-12 04:00:00,BIN_009,Landhi,Recyclable,24.856,67.19,45.1,29.2,82.1,0,0,0,4,0,2,45.11,-0.00999999999999801,1
2024-02-12 08:00:00,BIN_009,Landhi,Recyclable,24.856,67.19,48.11,34.8,67.8,0,0,0,8,0,2,45.1,3.009999999999998,1
2024-02-12 12:00:00,BIN_009,Landhi,Recyclable,24.856,67.19,47.61,37.0,88.2,0,0,0,12,0,2,48.11,-0.5,1
2024-02-12 16:00:00,BIN_009,Landhi,Recyclable,24.856,67.19,50.91,33.4,71.5,0,0,0,16,0,2,47.61,3.299999999999997,1
2024-02-12 20:00:00,BIN_009,Landhi,Recyclable,24.856,67.19,53.03,40.2,69.5,0,0,0,20,0,2,50.91,2.1200000000000045,1
2024-02-13 00:00:00,BIN_009,Landhi,Recyclable,24.856,67.19,53.9,30.2,77.5,0,0,0,0,1,2,53.03,0.8699999999999974,1
2024-02-13 04:00:00,BIN_009,Landhi,Recyclable,24.856,67.19,55.4,38.0,75.4,0,0,0,4,1,2,53.9,1.5,1
2024-02-13 08:00:00,BIN_009,Landhi,Recyclable,24.856,67.19,56.6,33.0,72.3,0,0,0,8,1,2,55.4,1.2000000000000028,1
2024-02-13 12:00:00,BIN_009,Landhi,Recyclable,24.856,67.19,56.37,40.2,82.2,0,0,0,12,1,2,56.6,-0.23000000000000398,1
2024-02-13 16:00:00,BIN_009,Landhi,Recyclable,24.856,67.19,60.34,30.0,78.5,0,0,0,16,1,2,56.37,3.970000000000006,1
2024-02-13 20:00:00,BIN_009,Landhi,Recyclable,24.856,67.19,61.51,31.3,70.3,0,0,0,20,1,2,60.34,1.1699999999999946,1
2024-02-14 00:00:00,BIN_009,Landhi,Recyclable,24.856,67.19,62.67,29.4,79.2,0,0,0,0,2,2,61.51,1.1600000000000037,1
2024-02-14 04:00:00,BIN_009,Landhi,Recyclable,24.856,67.19,63.67,28.4,76.6,0,0,0,4,2,2,62.67,1.0,1
2024-02-14 08:00:00,BIN_009,Landhi,Recyclable,24.856,67.19,64.63,41.0,73.3,0,0,0,8,2,2,63.67,0.9599999999999937,1
2024-02-14 12:00:00,BIN_009,Landhi,Recyclable,24.856,67.19,66.21,28.6,67.0,0,0,0,12,2,2,64.63,1.5799999999999983,1
2024-02-14 16:00:00,BIN_009,Landhi,Recyclable,24.856,67.19,67.4,37.4,71.4,0,0,0,16,2,2,66.21,1.190000000000012,1
2024-02-14 20:00:00,BIN_009,Landhi,Recyclable,24.856,67.19,67.79,33.4,59.2,0,0,0,20,2,2,67.4,0.39000000000000057,1
2024-02-15 00:00:00,BIN_009,Landhi,Recyclable,24.856,67.19,68.67,39.3,59.7,0,0,0,0,3,2,67.79,0.8799999999999955,1
2024-02-15 04:00:00,BIN_009,Landhi,Recyclable,24.856,67.19,69.75,36.3,67.0,0,0,0,4,3,2,68.67,1.0799999999999983,1
2024-02-15 08:00:00,BIN_009,Landhi,Recyclable,24.856,67.19,72.16,34.4,69.0,0,0,0,8,3,2,69.75,2.4099999999999966,1
2024-02-15 12:00:00,BIN_009,Landhi,Recyclable,24.856,67.19,71.76,36.3,72.2,0,0,0,12,3,2,72.16,-0.3999999999999915,1
2024-02-15 16:00:00,BIN_009,Landhi,Recyclable,24.856,67.19,74.03,37.4,55.9,0,0,0,16,3,2,71.76,2.269999999999996,1
2024-02-15 20:00:00,BIN_009,Landhi,Recyclable,24.856,67.19,72.78,34.5,57.0,0,0,0,20,3,2,74.03,-1.25,1
2024-02-16 00:00:00,BIN_009,Landhi,Recyclable,24.856,67.19,74.62,40.1,85.9,0,0,0,0,4,2,72.78,1.8400000000000034,1
2024-02-16 04:00:00,BIN_009,Landhi,Recyclable,24.856,67.19,74.1,29.0,69.7,0,0,0,4,4,2,74.62,-0.5200000000000102,1
2024-02-16 08:00:00,BIN_009,Landhi,Recyclable,24.856,67.19,73.91,38.7,81.0,0,0,0,8,4,2,74.1,-0.18999999999999773,1
2024-02-16 12:00:00,BIN_009,Landhi,Recyclable,24.856,67.19,75.76,40.6,55.3,0,1,0,12,4,2,73.91,1.8500000000000085,1
2024-02-16 16:00:00,BIN_009,Landhi,Recyclable,24.856,67.19,78.08,37.4,86.3,0,1,0,16,4,2,75.76,2.319999999999993,1
2024-02-16 20:00:00,BIN_009,Landhi,Recyclable,24.856,67.19,78.79,28.8,75.9,0,1,0,20,4,2,78.08,0.710000000000008,1
2024-02-17 00:00:00,BIN_009,Landhi,Recyclable,24.856,67.19,79.94,35.2,76.3,1,1,0,0,5,2,78.79,1.1499999999999915,1
2024-02-17 04:00:00,BIN_009,Landhi,Recyclable,24.856,67.19,81.95,30.7,64.6,1,1,0,4,5,2,79.94,2.010000000000005,1
2024-02-17 08:00:00,BIN_009,Landhi,Recyclable,24.856,67.19,83.11,40.0,67.0,1,1,0,8,5,2,81.95,1.1599999999999966,1
2024-02-17 12:00:00,BIN_009,Landhi,Recyclable,24.856,67.19,88.27,31.7,89.5,1,1,1,12,5,2,83.11,5.159999999999997,1
2024-02-17 16:00:00,BIN_009,Landhi,Recyclable,24.856,67.19,9.59,39.5,79.9,1,0,0,16,5,2,88.27,-78.67999999999999,1
2024-02-17 20:00:00,BIN_009,Landhi,Recyclable,24.856,67.19,10.1,41.7,79.9,1,0,0,20,5,2,9.59,0.5099999999999998,1
2024-02-18 00:00:00,BIN_009,Landhi,Recyclable,24.856,67.19,14.55,42.0,79.9,1,0,0,0,6,2,10.1,4.450000000000001,1
2024-02-18 04:00:00,BIN_009,Landhi,Recyclable,24.856,67.19,15.4,38.7,87.8,1,0,0,4,6,2,14.55,0.8499999999999996,1
2024-02-18 08:00:00,BIN_009,Landhi,Recyclable,24.856,67.19,17.81,39.9,88.4,1,0,0,8,6,2,15.4,2.4099999999999984,1
2024-02-18 12:00:00,BIN_009,Landhi,Recyclable,24.856,67.19,18.73,31.0,72.6,1,0,0,12,6,2,17.81,0.9200000000000017,1
2024-02-18 16:00:00,BIN_009,Landhi,Recyclable,24.856,67.19,18.95,36.4,64.0,1,0,0,16,6,2,18.73,0.21999999999999886,1
2024-02-18 20:00:00,BIN_009,Landhi,Recyclable,24.856,67.19,22.05,32.7,70.5,1,0,0,20,6,2,18.95,3.1000000000000014,1
2024-02-19 00:00:00,BIN_009,Landhi,Recyclable,24.856,67.19,19.7,34.9,65.5,0,0,0,0,0,2,22.05,-2.3500000000000014,1
2024-02-19 04:00:00,BIN_009,Landhi,Recyclable,24.856,67.19,23.35,30.2,56.7,0,0,0,4,0,2,19.7,3.650000000000002,1
2024-02-19 08:00:00,BIN_009,Landhi,Recyclable,24.856,67.19,25.34,39.0,60.9,0,0,0,8,0,2,23.35,1.9899999999999984,1
2024-02-19 12:00:00,BIN_009,Landhi,Recyclable,24.856,67.19,24.83,29.5,81.2,0,0,0,12,0,2,25.34,-0.5100000000000016,1
2024-02-19 16:00:00,BIN_009,Landhi,Recyclable,24.856,67.19,26.64,38.0,66.4,0,0,0,16,0,2,24.83,1.8100000000000023,1
2024-02-19 20:00:00,BIN_009,Landhi,Recyclable,24.856,67.19,27.95,32.1,73.3,0,0,0,20,0,2,26.64,1.3099999999999987,1
2024-02-20 00:00:00,BIN_009,Landhi,Recyclable,24.856,67.19,30.19,35.2,55.4,0,0,0,0,1,2,27.95,2.240000000000002,1
2024-02-20 04:00:00,BIN_009,Landhi,Recyclable,24.856,67.19,30.73,37.4,69.8,0,0,0,4,1,2,30.19,0.5399999999999991,1
2024-02-20 08:00:00,BIN_009,Landhi,Recyclable,24.856,67.19,29.95,35.7,89.3,0,0,0,8,1,2,30.73,-0.7800000000000011,1
2024-02-20 12:00:00,BIN_009,Landhi,Recyclable,24.856,67.19,31.49,29.0,64.9,0,0,0,12,1,2,29.95,1.5399999999999991,1
2024-02-20 16:00:00,BIN_009,Landhi,Recyclable,24.856,67.19,31.74,33.3,83.6,0,0,0,16,1,2,31.49,0.25,1
2024-02-20 20:00:00,BIN_009,Landhi,Recyclable,24.856,67.19,31.97,40.8,62.1,0,0,0,20,1,2,31.74,0.23000000000000043,1
2024-02-21 00:00:00,BIN_009,Landhi,Recyclable,24.856,67.19,36.63,35.3,70.2,0,0,0,0,2,2,31.97,4.660000000000004,1
2024-02-21 04:00:00,BIN_009,Landhi,Recyclable,24.856,67.19,39.09,30.7,72.1,0,0,0,4,2,2,36.63,2.460000000000001,1
2024-02-21 08:00:00,BIN_009,Landhi,Recyclable,24.856,67.19,42.51,38.7,59.7,0,0,0,8,2,2,39.09,3.4199999999999946,1
2024-02-21 12:00:00,BIN_009,Landhi,Recyclable,24.856,67.19,43.31,29.2,86.8,0,0,0,12,2,2,42.51,0.8000000000000043,1
2024-02-21 16:00:00,BIN_009,Landhi,Recyclable,24.856,67.19,46.49,28.8,73.4,0,0,0,16,2,2,43.31,3.1799999999999997,1
2024-02-21 20:00:00,BIN_009,Landhi,Recyclable,24.856,67.19,48.11,35.6,85.1,0,0,0,20,2,2,46.49,1.6199999999999974,1
2024-02-22 00:00:00,BIN_009,Landhi,Recyclable,24.856,67.19,49.23,33.7,85.3,0,0,0,0,3,2,48.11,1.1199999999999974,1
2024-02-22 04:00:00,BIN_009,Landhi,Recyclable,24.856,67.19,50.17,41.1,89.7,0,0,0,4,3,2,49.23,0.9400000000000048,1
2024-02-22 08:00:00,BIN_009,Landhi,Recyclable,24.856,67.19,53.17,40.5,61.5,0,0,0,8,3,2,50.17,3.0,1
2024-02-22 12:00:00,BIN_009,Landhi,Recyclable,24.856,67.19,53.92,36.7,87.1,0,0,0,12,3,2,53.17,0.75,1
2024-02-22 16:00:00,BIN_009,Landhi,Recyclable,24.856,67.19,53.96,34.4,68.2,0,0,0,16,3,2,53.92,0.03999999999999915,1
2024-02-22 20:00:00,BIN_009,Landhi,Recyclable,24.856,67.19,55.29,36.1,70.4,0,0,0,20,3,2,53.96,1.3299999999999983,1
2024-02-23 00:00:00,BIN_009,Landhi,Recyclable,24.856,67.19,54.4,41.4,60.5,0,0,0,0,4,2,55.29,-0.8900000000000006,1
2024-02-23 04:00:00,BIN_009,Landhi,Recyclable,24.856,67.19,59.73,30.6,83.3,0,0,0,4,4,2,54.4,5.329999999999998,1
2024-02-23 08:00:00,BIN_009,Landhi,Recyclable,24.856,67.19,62.4,31.8,56.2,0,0,0,8,4,2,59.73,2.6700000000000017,1
2024-02-23 12:00:00,BIN_009,Landhi,Recyclable,24.856,67.19,62.89,35.2,61.9,0,0,0,12,4,2,62.4,0.490000000000002,1
2024-02-23 16:00:00,BIN_009,Landhi,Recyclable,24.856,67.19,65.4,40.9,82.4,0,0,0,16,4,2,62.89,2.510000000000005,1
2024-02-23 20:00:00,BIN_009,Landhi,Recyclable,24.856,67.19,68.78,30.5,83.0,0,0,0,20,4,2,65.4,3.3799999999999955,1
2024-02-24 00:00:00,BIN_009,Landhi,Recyclable,24.856,67.19,72.76,39.7,75.1,1,0,0,0,5,2,68.78,3.980000000000004,1
2024-02-24 04:00:00,BIN_009,Landhi,Recyclable,24.856,67.19,76.4,34.5,77.3,1,1,0,4,5,2,72.76,3.6400000000000006,1
2024-02-24 08:00:00,BIN_009,Landhi,Recyclable,24.856,67.19,76.94,36.6,63.2,1,1,0,8,5,2,76.4,0.539999999999992,1
2024-02-24 12:00:00,BIN_009,Landhi,Recyclable,24.856,67.19,77.98,29.1,55.0,1,1,0,12,5,2,76.94,1.0400000000000063,1
2024-02-24 16:00:00,BIN_009,Landhi,Recyclable,24.856,67.19,77.46,38.5,68.1,1,1,0,16,5,2,77.98,-0.5200000000000102,1
2024-02-24 20:00:00,BIN_009,Landhi,Recyclable,24.856,67.19,81.26,34.8,69.2,1,1,0,20,5,2,77.46,3.8000000000000114,1
2024-02-25 00:00:00,BIN_009,Landhi,Recyclable,24.856,67.19,81.21,41.5,87.8,1,1,0,0,6,2,81.26,-0.05000000000001137,1
2024-02-25 04:00:00,BIN_009,Landhi,Recyclable,24.856,67.19,85.14,39.9,87.2,1,1,1,4,6,2,81.21,3.930000000000007,1
2024-02-25 08:00:00,BIN_009,Landhi,Recyclable,24.856,67.19,8.89,37.7,86.2,1,0,0,8,6,2,85.14,-76.25,1
2024-02-25 12:00:00,BIN_009,Landhi,Recyclable,24.856,67.19,11.17,38.0,89.9,1,0,0,12,6,2,8.89,2.2799999999999994,1
2024-02-25 16:00:00,BIN_009,Landhi,Recyclable,24.856,67.19,14.59,37.8,79.2,1,0,0,16,6,2,11.17,3.42,1
2024-02-25 20:00:00,BIN_009,Landhi,Recyclable,24.856,67.19,15.79,32.6,82.5,1,0,0,20,6,2,14.59,1.1999999999999993,1
2024-02-26 00:00:00,BIN_009,Landhi,Recyclable,24.856,67.19,17.0,36.8,68.7,0,0,0,0,0,2,15.79,1.2100000000000009,1
2024-02-26 04:00:00,BIN_009,Landhi,Recyclable,24.856,67.19,18.82,41.9,71.8,0,0,0,4,0,2,17.0,1.8200000000000003,1
2024-02-26 08:00:00,BIN_009,Landhi,Recyclable,24.856,67.19,19.41,37.2,57.7,0,0,0,8,0,2,18.82,0.5899999999999999,1
2024-02-26 12:00:00,BIN_009,Landhi,Recyclable,24.856,67.19,18.88,36.5,87.6,0,0,0,12,0,2,19.41,-0.5300000000000011,1
2024-02-26 16:00:00,BIN_009,Landhi,Recyclable,24.856,67.19,20.86,28.3,63.2,0,0,0,16,0,2,18.88,1.9800000000000004,1
2024-02-26 20:00:00,BIN_009,Landhi,Recyclable,24.856,67.19,21.81,38.6,75.5,0,0,0,20,0,2,20.86,0.9499999999999993,1
2024-02-27 00:00:00,BIN_009,Landhi,Recyclable,24.856,67.19,24.33,28.7,86.2,0,0,0,0,1,2,21.81,2.5199999999999996,1
2024-02-27 04:00:00,BIN_009,Landhi,Recyclable,24.856,67.19,27.0,31.2,74.4,0,0,0,4,1,2,24.33,2.6700000000000017,1
2024-02-27 08:00:00,BIN_009,Landhi,Recyclable,24.856,67.19,26.89,41.7,72.1,0,0,0,8,1,2,27.0,-0.10999999999999943,1
2024-02-27 12:00:00,BIN_009,Landhi,Recyclable,24.856,67.19,29.04,28.8,87.8,0,0,0,12,1,2,26.89,2.1499999999999986,1
2024-02-27 16:00:00,BIN_009,Landhi,Recyclable,24.856,67.19,33.01,35.4,84.2,0,0,0,16,1,2,29.04,3.969999999999999,1
2024-02-27 20:00:00,BIN_009,Landhi,Recyclable,24.856,67.19,35.56,28.5,64.4,0,0,0,20,1,2,33.01,2.5500000000000043,1
2024-02-28 00:00:00,BIN_009,Landhi,Recyclable,24.856,67.19,35.81,37.9,68.8,0,0,0,0,2,2,35.56,0.25,1
2024-02-28 04:00:00,BIN_009,Landhi,Recyclable,24.856,67.19,37.18,31.8,55.1,0,0,0,4,2,2,35.81,1.3699999999999974,1
2024-02-28 08:00:00,BIN_009,Landhi,Recyclable,24.856,67.19,39.82,33.5,74.7,0,0,0,8,2,2,37.18,2.6400000000000006,1
2024-02-28 12:00:00,BIN_009,Landhi,Recyclable,24.856,67.19,42.06,31.2,76.8,0,0,0,12,2,2,39.82,2.240000000000002,1
2024-02-28 16:00:00,BIN_009,Landhi,Recyclable,24.856,67.19,43.51,37.0,87.1,0,0,0,16,2,2,42.06,1.4499999999999957,1
2024-02-28 20:00:00,BIN_009,Landhi,Recyclable,24.856,67.19,44.5,33.3,81.8,0,0,0,20,2,2,43.51,0.990000000000002,1
2024-02-29 00:00:00,BIN_009,Landhi,Recyclable,24.856,67.19,47.02,33.6,66.2,0,0,0,0,3,2,44.5,2.520000000000003,1
2024-02-29 04:00:00,BIN_009,Landhi,Recyclable,24.856,67.19,48.73,40.4,56.7,0,0,0,4,3,2,47.02,1.7099999999999937,1
2024-02-29 08:00:00,BIN_009,Landhi,Recyclable,24.856,67.19,49.96,28.1,69.1,0,0,0,8,3,2,48.73,1.230000000000004,1
2024-02-29 12:00:00,BIN_009,Landhi,Recyclable,24.856,67.19,53.09,30.6,76.9,0,0,0,12,3,2,49.96,3.1300000000000026,1
2024-02-29 16:00:00,BIN_009,Landhi,Recyclable,24.856,67.19,54.34,28.6,78.0,0,0,0,16,3,2,53.09,1.25,1
2024-02-29 20:00:00,BIN_009,Landhi,Recyclable,24.856,67.19,58.82,39.8,80.2,0,0,0,20,3,2,54.34,4.479999999999997,1
2024-03-01 00:00:00,BIN_009,Landhi,Recyclable,24.856,67.19,59.6,40.4,66.3,0,0,0,0,4,3,58.82,0.7800000000000011,1
2024-03-01 04:00:00,BIN_009,Landhi,Recyclable,24.856,67.19,61.81,28.2,84.5,0,0,0,4,4,3,59.6,2.210000000000001,1
2024-03-01 08:00:00,BIN_009,Landhi,Recyclable,24.856,67.19,63.52,31.2,63.8,0,0,0,8,4,3,61.81,1.7100000000000009,1
2024-03-01 12:00:00,BIN_009,Landhi,Recyclable,24.856,67.19,65.7,34.5,86.4,0,0,0,12,4,3,63.52,2.1799999999999997,1
2024-03-01 16:00:00,BIN_009,Landhi,Recyclable,24.856,67.19,67.59,32.1,83.3,0,0,0,16,4,3,65.7,1.8900000000000006,1
2024-03-01 20:00:00,BIN_009,Landhi,Recyclable,24.856,67.19,68.59,40.9,70.0,0,0,0,20,4,3,67.59,1.0,1
2024-03-02 00:00:00,BIN_009,Landhi,Recyclable,24.856,67.19,72.25,35.4,79.0,1,0,0,0,5,3,68.59,3.6599999999999966,1
2024-03-02 04:00:00,BIN_009,Landhi,Recyclable,24.856,67.19,73.36,36.7,60.4,1,0,0,4,5,3,72.25,1.1099999999999994,1
2024-03-02 08:00:00,BIN_009,Landhi,Recyclable,24.856,67.19,74.68,41.1,63.8,1,0,0,8,5,3,73.36,1.3200000000000074,1
2024-03-02 12:00:00,BIN_009,Landhi,Recyclable,24.856,67.19,77.23,38.3,65.0,1,1,0,12,5,3,74.68,2.549999999999997,1
2024-03-02 16:00:00,BIN_009,Landhi,Recyclable,24.856,67.19,77.39,38.5,74.5,1,1,0,16,5,3,77.23,0.1599999999999966,1
2024-03-02 20:00:00,BIN_009,Landhi,Recyclable,24.856,67.19,77.62,40.4,65.8,1,1,0,20,5,3,77.39,0.23000000000000398,1
2024-03-03 00:00:00,BIN_009,Landhi,Recyclable,24.856,67.19,81.13,30.1,69.0,1,1,0,0,6,3,77.62,3.509999999999991,1
2024-03-03 04:00:00,BIN_009,Landhi,Recyclable,24.856,67.19,84.25,34.8,67.4,1,1,0,4,6,3,81.13,3.1200000000000045,1
2024-03-03 08:00:00,BIN_009,Landhi,Recyclable,24.856,67.19,87.91,31.0,79.8,1,1,1,8,6,3,84.25,3.6599999999999966,1
2024-03-03 12:00:00,BIN_009,Landhi,Recyclable,24.856,67.19,9.56,35.9,76.4,1,0,0,12,6,3,87.91,-78.35,1
2024-03-03 16:00:00,BIN_009,Landhi,Recyclable,24.856,67.19,12.66,41.7,75.8,1,0,0,16,6,3,9.56,3.0999999999999996,1
2024-03-03 20:00:00,BIN_009,Landhi,Recyclable,24.856,67.19,12.31,38.1,70.6,1,0,0,20,6,3,12.66,-0.34999999999999964,1
2024-03-04 00:00:00,BIN_009,Landhi,Recyclable,24.856,67.19,13.85,36.4,71.0,0,0,0,0,0,3,12.31,1.5399999999999991,1
2024-03-04 04:00:00,BIN_009,Landhi,Recyclable,24.856,67.19,13.47,32.8,71.4,0,0,0,4,0,3,13.85,-0.379999999999999,1
2024-03-04 08:00:00,BIN_009,Landhi,Recyclable,24.856,67.19,14.03,33.0,74.8,0,0,0,8,0,3,13.47,0.5599999999999987,1
2024-03-04 12:00:00,BIN_009,Landhi,Recyclable,24.856,67.19,12.74,31.3,89.6,0,0,0,12,0,3,14.03,-1.2899999999999991,1
2024-03-04 16:00:00,BIN_009,Landhi,Recyclable,24.856,67.19,12.1,34.7,85.3,0,0,0,16,0,3,12.74,-0.6400000000000006,1
2024-03-04 20:00:00,BIN_009,Landhi,Recyclable,24.856,67.19,13.57,28.3,78.8,0,0,0,20,0,3,12.1,1.4700000000000006,1
2024-03-05 00:00:00,BIN_009,Landhi,Recyclable,24.856,67.19,13.14,39.4,67.9,0,0,0,0,1,3,13.57,-0.4299999999999997,1
2024-03-05 04:00:00,BIN_009,Landhi,Recyclable,24.856,67.19,14.87,32.1,84.0,0,0,0,4,1,3,13.14,1.7299999999999986,1
2024-03-05 08:00:00,BIN_009,Landhi,Recyclable,24.856,67.19,17.5,36.8,80.9,0,0,0,8,1,3,14.87,2.630000000000001,1
2024-03-05 12:00:00,BIN_009,Landhi,Recyclable,24.856,67.19,19.37,39.7,56.9,0,0,0,12,1,3,17.5,1.870000000000001,1
2024-03-05 16:00:00,BIN_009,Landhi,Recyclable,24.856,67.19,21.64,29.0,72.8,0,0,0,16,1,3,19.37,2.2699999999999996,1
2024-03-05 20:00:00,BIN_009,Landhi,Recyclable,24.856,67.19,25.1,29.2,80.8,0,0,0,20,1,3,21.64,3.460000000000001,1
2024-03-06 00:00:00,BIN_009,Landhi,Recyclable,24.856,67.19,27.46,30.6,76.2,0,0,0,0,2,3,25.1,2.3599999999999994,1
2024-03-06 04:00:00,BIN_009,Landhi,Recyclable,24.856,67.19,29.01,31.0,76.5,0,0,0,4,2,3,27.46,1.5500000000000007,1
2024-03-06 08:00:00,BIN_009,Landhi,Recyclable,24.856,67.19,31.91,39.4,84.9,0,0,0,8,2,3,29.01,2.8999999999999986,1
2024-03-06 12:00:00,BIN_009,Landhi,Recyclable,24.856,67.19,34.82,29.1,67.0,0,0,0,12,2,3,31.91,2.91,1
2024-03-06 16:00:00,BIN_009,Landhi,Recyclable,24.856,67.19,36.25,30.7,74.3,0,0,0,16,2,3,34.82,1.4299999999999997,1
2024-03-06 20:00:00,BIN_009,Landhi,Recyclable,24.856,67.19,40.69,33.7,68.7,0,0,0,20,2,3,36.25,4.439999999999998,1
2024-03-07 00:00:00,BIN_009,Landhi,Recyclable,24.856,67.19,41.58,28.4,57.0,0,0,0,0,3,3,40.69,0.8900000000000006,1
2024-03-07 04:00:00,BIN_009,Landhi,Recyclable,24.856,67.19,44.94,40.0,88.6,0,0,0,4,3,3,41.58,3.3599999999999994,1
2024-03-07 08:00:00,BIN_009,Landhi,Recyclable,24.856,67.19,44.86,41.1,78.2,0,0,0,8,3,3,44.94,-0.0799999999999983,1
2024-03-07 12:00:00,BIN_009,Landhi,Recyclable,24.856,67.19,48.45,39.8,81.8,0,0,0,12,3,3,44.86,3.5900000000000034,1
2024-03-07 16:00:00,BIN_009,Landhi,Recyclable,24.856,67.19,49.29,30.6,65.2,0,0,0,16,3,3,48.45,0.8399999999999963,1
2024-03-07 20:00:00,BIN_009,Landhi,Recyclable,24.856,67.19,47.25,38.9,86.3,0,0,0,20,3,3,49.29,-2.039999999999999,1
2024-03-08 00:00:00,BIN_009,Landhi,Recyclable,24.856,67.19,48.3,29.2,57.0,0,0,0,0,4,3,47.25,1.0499999999999972,1
2024-03-08 04:00:00,BIN_009,Landhi,Recyclable,24.856,67.19,52.39,33.2,71.2,0,0,0,4,4,3,48.3,4.090000000000003,1
2024-03-08 08:00:00,BIN_009,Landhi,Recyclable,24.856,67.19,54.03,29.8,82.9,0,0,0,8,4,3,52.39,1.6400000000000006,1
2024-03-08 12:00:00,BIN_009,Landhi,Recyclable,24.856,67.19,57.28,37.9,73.5,0,0,0,12,4,3,54.03,3.25,1
2024-03-08 16:00:00,BIN_009,Landhi,Recyclable,24.856,67.19,57.42,37.2,86.9,0,0,0,16,4,3,57.28,0.14000000000000057,1
2024-03-08 20:00:00,BIN_009,Landhi,Recyclable,24.856,67.19,58.93,29.3,64.2,0,0,0,20,4,3,57.42,1.509999999999998,1
2024-03-09 00:00:00,BIN_009,Landhi,Recyclable,24.856,67.19,60.4,37.2,73.7,1,0,0,0,5,3,58.93,1.4699999999999989,1
2024-03-09 04:00:00,BIN_009,Landhi,Recyclable,24.856,67.19,63.09,36.3,69.6,1,0,0,4,5,3,60.4,2.690000000000005,1
2024-03-09 08:00:00,BIN_009,Landhi,Recyclable,24.856,67.19,64.68,38.4,81.1,1,0,0,8,5,3,63.09,1.5900000000000034,1
2024-03-09 12:00:00,BIN_009,Landhi,Recyclable,24.856,67.19,66.44,37.4,77.5,1,0,0,12,5,3,64.68,1.759999999999991,1
2024-03-09 16:00:00,BIN_009,Landhi,Recyclable,24.856,67.19,68.28,32.3,58.6,1,0,0,16,5,3,66.44,1.8400000000000034,1
2024-03-09 20:00:00,BIN_009,Landhi,Recyclable,24.856,67.19,72.26,28.9,67.2,1,0,0,20,5,3,68.28,3.980000000000004,1
2024-03-10 00:00:00,BIN_009,Landhi,Recyclable,24.856,67.19,74.24,31.1,82.9,1,0,0,0,6,3,72.26,1.9799999999999898,1
2024-03-10 04:00:00,BIN_009,Landhi,Recyclable,24.856,67.19,77.48,31.0,64.4,1,1,0,4,6,3,74.24,3.240000000000009,1
2024-03-10 08:00:00,BIN_009,Landhi,Recyclable,24.856,67.19,79.51,32.5,60.4,1,1,0,8,6,3,77.48,2.030000000000001,1
2024-03-10 12:00:00,BIN_009,Landhi,Recyclable,24.856,67.19,79.04,34.3,85.6,1,1,0,12,6,3,79.51,-0.46999999999999886,1
2024-03-10 16:00:00,BIN_009,Landhi,Recyclable,24.856,67.19,82.44,30.7,60.8,1,1,0,16,6,3,79.04,3.3999999999999915,1
2024-03-10 20:00:00,BIN_009,Landhi,Recyclable,24.856,67.19,84.62,36.1,71.2,1,1,0,20,6,3,82.44,2.180000000000007,1
2024-03-11 00:00:00,BIN_009,Landhi,Recyclable,24.856,67.19,87.75,38.5,88.0,0,1,1,0,0,3,84.62,3.1299999999999955,1
2024-03-11 04:00:00,BIN_009,Landhi,Recyclable,24.856,67.19,6.35,30.9,74.3,0,0,0,4,0,3,87.75,-81.4,1
2024-03-11 08:00:00,BIN_009,Landhi,Recyclable,24.856,67.19,7.31,30.9,68.9,0,0,0,8,0,3,6.35,0.96,1
2024-03-11 12:00:00,BIN_009,Landhi,Recyclable,24.856,67.19,7.85,29.6,56.1,0,0,0,12,0,3,7.31,0.54,1
2024-03-11 16:00:00,BIN_009,Landhi,Recyclable,24.856,67.19,11.0,37.9,78.1,0,0,0,16,0,3,7.85,3.1500000000000004,1
2024-03-11 20:00:00,BIN_009,Landhi,Recyclable,24.856,67.19,14.86,29.6,65.2,0,0,0,20,0,3,11.0,3.8599999999999994,1
2024-03-12 00:00:00,BIN_009,Landhi,Recyclable,24.856,67.19,15.15,32.8,88.8,0,0,0,0,1,3,14.86,0.2900000000000009,1
2024-03-12 04:00:00,BIN_009,Landhi,Recyclable,24.856,67.19,17.57,36.3,83.0,0,0,0,4,1,3,15.15,2.42,1
2024-03-12 08:00:00,BIN_009,Landhi,Recyclable,24.856,67.19,17.78,39.0,79.0,0,0,0,8,1,3,17.57,0.21000000000000085,1
2024-03-12 12:00:00,BIN_009,Landhi,Recyclable,24.856,67.19,18.21,37.5,74.3,0,0,0,12,1,3,17.78,0.4299999999999997,1
2024-03-12 16:00:00,BIN_009,Landhi,Recyclable,24.856,67.19,22.12,31.8,67.3,0,0,0,16,1,3,18.21,3.91,1
2024-03-12 20:00:00,BIN_009,Landhi,Recyclable,24.856,67.19,24.24,40.2,65.8,0,0,0,20,1,3,22.12,2.1199999999999974,1
2024-03-13 00:00:00,BIN_009,Landhi,Recyclable,24.856,67.19,28.44,42.0,70.2,0,0,0,0,2,3,24.24,4.200000000000003,1
2024-03-13 04:00:00,BIN_009,Landhi,Recyclable,24.856,67.19,30.53,34.0,84.5,0,0,0,4,2,3,28.44,2.09,1
2024-03-13 08:00:00,BIN_009,Landhi,Recyclable,24.856,67.19,32.92,34.5,66.3,0,0,0,8,2,3,30.53,2.3900000000000006,1
2024-03-13 12:00:00,BIN_009,Landhi,Recyclable,24.856,67.19,35.62,36.5,85.7,0,0,0,12,2,3,32.92,2.6999999999999957,1
2024-03-13 16:00:00,BIN_009,Landhi,Recyclable,24.856,67.19,35.28,41.7,78.7,0,0,0,16,2,3,35.62,-0.3399999999999963,1
2024-03-13 20:00:00,BIN_009,Landhi,Recyclable,24.856,67.19,33.09,33.7,55.9,0,0,0,20,2,3,35.28,-2.1899999999999977,1
2024-03-14 00:00:00,BIN_009,Landhi,Recyclable,24.856,67.19,33.23,39.7,81.3,0,0,0,0,3,3,33.09,0.13999999999999346,1
2024-03-14 04:00:00,BIN_009,Landhi,Recyclable,24.856,67.19,34.9,34.4,70.0,0,0,0,4,3,3,33.23,1.6700000000000017,1
2024-03-14 08:00:00,BIN_009,Landhi,Recyclable,24.856,67.19,35.9,31.5,87.9,0,0,0,8,3,3,34.9,1.0,1
2024-03-14 12:00:00,BIN_009,Landhi,Recyclable,24.856,67.19,38.22,39.3,83.7,0,0,0,12,3,3,35.9,2.3200000000000003,1
2024-03-14 16:00:00,BIN_009,Landhi,Recyclable,24.856,67.19,39.1,28.4,63.3,0,0,0,16,3,3,38.22,0.8800000000000026,1
2024-03-14 20:00:00,BIN_009,Landhi,Recyclable,24.856,67.19,40.07,38.8,63.4,0,0,0,20,3,3,39.1,0.9699999999999989,1
2024-03-15 00:00:00,BIN_009,Landhi,Recyclable,24.856,67.19,40.15,33.5,89.4,0,0,0,0,4,3,40.07,0.0799999999999983,1
2024-03-15 04:00:00,BIN_009,Landhi,Recyclable,24.856,67.19,42.88,31.4,68.2,0,0,0,4,4,3,40.15,2.730000000000004,1
2024-03-15 08:00:00,BIN_009,Landhi,Recyclable,24.856,67.19,43.37,34.9,68.3,0,0,0,8,4,3,42.88,0.4899999999999949,1
2024-03-15 12:00:00,BIN_009,Landhi,Recyclable,24.856,67.19,44.33,37.7,83.6,0,0,0,12,4,3,43.37,0.9600000000000009,1
2024-03-15 16:00:00,BIN_009,Landhi,Recyclable,24.856,67.19,45.05,36.7,56.9,0,0,0,16,4,3,44.33,0.7199999999999989,1
2024-03-15 20:00:00,BIN_009,Landhi,Recyclable,24.856,67.19,46.58,36.6,79.0,0,0,0,20,4,3,45.05,1.5300000000000011,1
2024-03-16 00:00:00,BIN_009,Landhi,Recyclable,24.856,67.19,49.26,40.8,83.5,1,0,0,0,5,3,46.58,2.6799999999999997,1
2024-03-16 04:00:00,BIN_009,Landhi,Recyclable,24.856,67.19,50.41,32.3,75.5,1,0,0,4,5,3,49.26,1.1499999999999986,1
2024-03-16 08:00:00,BIN_009,Landhi,Recyclable,24.856,67.19,51.93,39.5,55.3,1,0,0,8,5,3,50.41,1.5200000000000031,1
2024-03-16 12:00:00,BIN_009,Landhi,Recyclable,24.856,67.19,54.7,28.1,81.6,1,0,0,12,5,3,51.93,2.770000000000003,1
2024-03-16 16:00:00,BIN_009,Landhi,Recyclable,24.856,67.19,57.71,41.0,59.1,1,0,0,16,5,3,54.7,3.009999999999998,1
2024-03-16 20:00:00,BIN_009,Landhi,Recyclable,24.856,67.19,60.61,31.2,86.6,1,0,0,20,5,3,57.71,2.8999999999999986,1
2024-03-17 00:00:00,BIN_009,Landhi,Recyclable,24.856,67.19,63.32,35.4,57.9,1,0,0,0,6,3,60.61,2.710000000000001,1
2024-03-17 04:00:00,BIN_009,Landhi,Recyclable,24.856,67.19,63.78,32.0,73.2,1,0,0,4,6,3,63.32,0.46000000000000085,1
2024-03-17 08:00:00,BIN_009,Landhi,Recyclable,24.856,67.19,66.36,36.7,72.4,1,0,0,8,6,3,63.78,2.5799999999999983,1
2024-03-17 12:00:00,BIN_009,Landhi,Recyclable,24.856,67.19,69.42,32.2,59.2,1,0,0,12,6,3,66.36,3.0600000000000023,1
2024-03-17 16:00:00,BIN_009,Landhi,Recyclable,24.856,67.19,70.72,31.0,70.1,1,0,0,16,6,3,69.42,1.2999999999999972,1
2024-03-17 20:00:00,BIN_009,Landhi,Recyclable,24.856,67.19,72.5,33.9,56.6,1,0,0,20,6,3,70.72,1.7800000000000011,1
2024-03-18 00:00:00,BIN_009,Landhi,Recyclable,24.856,67.19,75.81,29.1,88.0,0,1,0,0,0,3,72.5,3.3100000000000023,1
2024-03-18 04:00:00,BIN_009,Landhi,Recyclable,24.856,67.19,80.57,29.4,84.9,0,1,0,4,0,3,75.81,4.759999999999991,1
2024-03-18 08:00:00,BIN_009,Landhi,Recyclable,24.856,67.19,84.03,33.6,57.5,0,1,0,8,0,3,80.57,3.460000000000008,1
2024-03-18 12:00:00,BIN_009,Landhi,Recyclable,24.856,67.19,84.33,38.7,57.5,0,1,0,12,0,3,84.03,0.29999999999999716,1
2024-03-18 16:00:00,BIN_009,Landhi,Recyclable,24.856,67.19,88.46,33.5,62.6,0,1,1,16,0,3,84.33,4.1299999999999955,1
2024-03-18 20:00:00,BIN_009,Landhi,Recyclable,24.856,67.19,8.8,39.0,87.3,0,0,0,20,0,3,88.46,-79.66,1
2024-03-19 00:00:00,BIN_009,Landhi,Recyclable,24.856,67.19,10.44,33.1,64.0,0,0,0,0,1,3,8.8,1.6399999999999988,1
2024-03-19 04:00:00,BIN_009,Landhi,Recyclable,24.856,67.19,8.36,38.5,66.9,0,0,0,4,1,3,10.44,-2.08,1
2024-03-19 08:00:00,BIN_009,Landhi,Recyclable,24.856,67.19,6.95,38.0,87.1,0,0,0,8,1,3,8.36,-1.4099999999999993,1
2024-03-19 12:00:00,BIN_009,Landhi,Recyclable,24.856,67.19,6.27,37.3,71.5,0,0,0,12,1,3,6.95,-0.6800000000000006,1
2024-03-19 16:00:00,BIN_009,Landhi,Recyclable,24.856,67.19,8.65,28.8,58.3,0,0,0,16,1,3,6.27,2.380000000000001,1
2024-03-19 20:00:00,BIN_009,Landhi,Recyclable,24.856,67.19,11.94,28.5,71.0,0,0,0,20,1,3,8.65,3.289999999999999,1
2024-03-20 00:00:00,BIN_009,Landhi,Recyclable,24.856,67.19,12.6,33.4,86.8,0,0,0,0,2,3,11.94,0.6600000000000001,1
2024-03-20 04:00:00,BIN_009,Landhi,Recyclable,24.856,67.19,15.45,39.7,78.3,0,0,0,4,2,3,12.6,2.8499999999999996,1
2024-03-20 08:00:00,BIN_009,Landhi,Recyclable,24.856,67.19,16.07,28.2,58.7,0,0,0,8,2,3,15.45,0.620000000000001,1
2024-03-20 12:00:00,BIN_009,Landhi,Recyclable,24.856,67.19,17.01,32.1,74.3,0,0,0,12,2,3,16.07,0.9400000000000013,1
2024-03-20 16:00:00,BIN_009,Landhi,Recyclable,24.856,67.19,19.17,36.6,74.3,0,0,0,16,2,3,17.01,2.16,1
2024-03-20 20:00:00,BIN_009,Landhi,Recyclable,24.856,67.19,18.94,31.5,68.0,0,0,0,20,2,3,19.17,-0.23000000000000043,1
2024-03-21 00:00:00,BIN_009,Landhi,Recyclable,24.856,67.19,20.13,40.6,89.3,0,0,0,0,3,3,18.94,1.1899999999999977,1
2024-03-21 04:00:00,BIN_009,Landhi,Recyclable,24.856,67.19,21.19,37.1,87.1,0,0,0,4,3,3,20.13,1.0600000000000023,1
2024-03-21 08:00:00,BIN_009,Landhi,Recyclable,24.856,67.19,22.2,42.0,58.5,0,0,0,8,3,3,21.19,1.009999999999998,1
2024-03-21 12:00:00,BIN_009,Landhi,Recyclable,24.856,67.19,23.8,37.6,63.8,0,0,0,12,3,3,22.2,1.6000000000000014,1
2024-03-21 16:00:00,BIN_009,Landhi,Recyclable,24.856,67.19,27.69,34.1,63.8,0,0,0,16,3,3,23.8,3.8900000000000006,1
2024-03-21 20:00:00,BIN_009,Landhi,Recyclable,24.856,67.19,27.35,32.7,67.0,0,0,0,20,3,3,27.69,-0.33999999999999986,1
2024-03-22 00:00:00,BIN_009,Landhi,Recyclable,24.856,67.19,26.7,39.4,60.5,0,0,0,0,4,3,27.35,-0.6500000000000021,1
2024-03-22 04:00:00,BIN_009,Landhi,Recyclable,24.856,67.19,27.87,30.9,67.8,0,0,0,4,4,3,26.7,1.1700000000000017,1
2024-03-22 08:00:00,BIN_009,Landhi,Recyclable,24.856,67.19,29.31,31.9,74.9,0,0,0,8,4,3,27.87,1.4399999999999977,1
2024-03-22 12:00:00,BIN_009,Landhi,Recyclable,24.856,67.19,29.18,34.3,70.2,0,0,0,12,4,3,29.31,-0.129999999999999,1
2024-03-22 16:00:00,BIN_009,Landhi,Recyclable,24.856,67.19,30.01,28.7,76.3,0,0,0,16,4,3,29.18,0.8300000000000018,1
2024-03-22 20:00:00,BIN_009,Landhi,Recyclable,24.856,67.19,31.04,38.0,68.0,0,0,0,20,4,3,30.01,1.0299999999999976,1
2024-03-23 00:00:00,BIN_009,Landhi,Recyclable,24.856,67.19,34.69,41.1,57.3,1,0,0,0,5,3,31.04,3.6499999999999986,1
2024-03-23 04:00:00,BIN_009,Landhi,Recyclable,24.856,67.19,38.06,30.7,57.4,1,0,0,4,5,3,34.69,3.3700000000000045,1
2024-03-23 08:00:00,BIN_009,Landhi,Recyclable,24.856,67.19,40.42,36.0,57.9,1,0,0,8,5,3,38.06,2.3599999999999994,1
2024-03-23 12:00:00,BIN_009,Landhi,Recyclable,24.856,67.19,42.9,31.8,65.4,1,0,0,12,5,3,40.42,2.479999999999997,1
2024-03-23 16:00:00,BIN_009,Landhi,Recyclable,24.856,67.19,42.37,29.0,80.6,1,0,0,16,5,3,42.9,-0.5300000000000011,1
2024-03-23 20:00:00,BIN_009,Landhi,Recyclable,24.856,67.19,44.88,32.2,70.8,1,0,0,20,5,3,42.37,2.510000000000005,1
2024-03-24 00:00:00,BIN_009,Landhi,Recyclable,24.856,67.19,47.16,35.9,86.6,1,0,0,0,6,3,44.88,2.279999999999994,1
2024-03-24 04:00:00,BIN_009,Landhi,Recyclable,24.856,67.19,48.58,34.9,87.9,1,0,0,4,6,3,47.16,1.4200000000000017,1
2024-03-24 08:00:00,BIN_009,Landhi,Recyclable,24.856,67.19,50.75,41.1,66.3,1,0,0,8,6,3,48.58,2.1700000000000017,1
2024-03-24 12:00:00,BIN_009,Landhi,Recyclable,24.856,67.19,54.04,33.1,56.6,1,0,0,12,6,3,50.75,3.289999999999999,1
2024-03-24 16:00:00,BIN_009,Landhi,Recyclable,24.856,67.19,58.33,38.8,60.2,1,0,0,16,6,3,54.04,4.289999999999999,1
2024-03-24 20:00:00,BIN_009,Landhi,Recyclable,24.856,67.19,61.19,34.2,61.2,1,0,0,20,6,3,58.33,2.8599999999999994,1
2024-03-25 00:00:00,BIN_009,Landhi,Recyclable,24.856,67.19,61.22,40.7,63.1,0,0,0,0,0,3,61.19,0.030000000000001137,1
2024-03-25 04:00:00,BIN_009,Landhi,Recyclable,24.856,67.19,63.35,32.1,84.8,0,0,0,4,0,3,61.22,2.1300000000000026,1
2024-03-25 08:00:00,BIN_009,Landhi,Recyclable,24.856,67.19,64.18,34.9,58.0,0,0,0,8,0,3,63.35,0.8300000000000054,1
2024-03-25 12:00:00,BIN_009,Landhi,Recyclable,24.856,67.19,65.58,41.8,75.6,0,0,0,12,0,3,64.18,1.3999999999999915,1
2024-03-25 16:00:00,BIN_009,Landhi,Recyclable,24.856,67.19,67.67,29.1,83.0,0,0,0,16,0,3,65.58,2.0900000000000034,1
2024-03-25 20:00:00,BIN_009,Landhi,Recyclable,24.856,67.19,66.72,41.0,85.6,0,0,0,20,0,3,67.67,-0.9500000000000028,1
2024-03-26 00:00:00,BIN_009,Landhi,Recyclable,24.856,67.19,66.25,28.5,77.8,0,0,0,0,1,3,66.72,-0.46999999999999886,1
2024-03-26 04:00:00,BIN_009,Landhi,Recyclable,24.856,67.19,65.96,35.5,71.1,0,0,0,4,1,3,66.25,-0.29000000000000625,1
2024-03-26 08:00:00,BIN_009,Landhi,Recyclable,24.856,67.19,64.44,30.5,81.3,0,0,0,8,1,3,65.96,-1.519999999999996,1
2024-03-26 12:00:00,BIN_009,Landhi,Recyclable,24.856,67.19,65.94,30.9,79.1,0,0,0,12,1,3,64.44,1.5,1
2024-03-26 16:00:00,BIN_009,Landhi,Recyclable,24.856,67.19,67.66,41.1,56.3,0,0,0,16,1,3,65.94,1.7199999999999989,1
2024-03-26 20:00:00,BIN_009,Landhi,Recyclable,24.856,67.19,65.85,35.0,84.9,0,0,0,20,1,3,67.66,-1.8100000000000023,1
2024-03-27 00:00:00,BIN_009,Landhi,Recyclable,24.856,67.19,64.91,33.6,78.8,0,0,0,0,2,3,65.85,-0.9399999999999977,1
2024-03-27 04:00:00,BIN_009,Landhi,Recyclable,24.856,67.19,67.31,40.5,56.4,0,0,0,4,2,3,64.91,2.4000000000000057,1
2024-03-27 08:00:00,BIN_009,Landhi,Recyclable,24.856,67.19,68.46,31.3,64.3,0,0,0,8,2,3,67.31,1.1499999999999915,1
2024-03-27 12:00:00,BIN_009,Landhi,Recyclable,24.856,67.19,69.14,31.1,61.9,0,0,0,12,2,3,68.46,0.6800000000000068,1
2024-03-27 16:00:00,BIN_009,Landhi,Recyclable,24.856,67.19,70.07,31.4,87.7,0,0,0,16,2,3,69.14,0.9299999999999926,1
2024-03-27 20:00:00,BIN_009,Landhi,Recyclable,24.856,67.19,70.88,38.6,82.6,0,0,0,20,2,3,70.07,0.8100000000000023,1
2024-03-28 00:00:00,BIN_009,Landhi,Recyclable,24.856,67.19,70.04,36.1,83.8,0,0,0,0,3,3,70.88,-0.8399999999999892,1
2024-03-28 04:00:00,BIN_009,Landhi,Recyclable,24.856,67.19,70.61,38.9,86.1,0,0,0,4,3,3,70.04,0.5699999999999932,1
2024-03-28 08:00:00,BIN_009,Landhi,Recyclable,24.856,67.19,71.68,40.3,60.4,0,0,0,8,3,3,70.61,1.0700000000000074,1
2024-03-28 12:00:00,BIN_009,Landhi,Recyclable,24.856,67.19,73.08,40.1,66.5,0,0,0,12,3,3,71.68,1.3999999999999915,1
2024-03-28 16:00:00,BIN_009,Landhi,Recyclable,24.856,67.19,73.94,32.6,86.1,0,0,0,16,3,3,73.08,0.8599999999999994,1
2024-03-28 20:00:00,BIN_009,Landhi,Recyclable,24.856,67.19,75.23,28.4,69.2,0,1,0,20,3,3,73.94,1.2900000000000063,1
2024-03-29 00:00:00,BIN_009,Landhi,Recyclable,24.856,67.19,76.56,30.4,63.8,0,1,0,0,4,3,75.23,1.3299999999999983,1
2024-03-29 04:00:00,BIN_009,Landhi,Recyclable,24.856,67.19,77.53,40.3,70.3,0,1,0,4,4,3,76.56,0.9699999999999989,1
2024-03-29 08:00:00,BIN_009,Landhi,Recyclable,24.856,67.19,79.92,30.0,64.1,0,1,0,8,4,3,77.53,2.3900000000000006,1
2024-03-29 12:00:00,BIN_009,Landhi,Recyclable,24.856,67.19,79.01,35.6,63.3,0,1,0,12,4,3,79.92,-0.9099999999999966,1
2024-03-29 16:00:00,BIN_009,Landhi,Recyclable,24.856,67.19,80.33,38.8,88.2,0,1,0,16,4,3,79.01,1.3199999999999932,1
2024-03-29 20:00:00,BIN_009,Landhi,Recyclable,24.856,67.19,84.82,29.6,66.7,0,1,0,20,4,3,80.33,4.489999999999995,1
2024-03-30 00:00:00,BIN_009,Landhi,Recyclable,24.856,67.19,85.41,39.3,81.6,1,1,1,0,5,3,84.82,0.5900000000000034,1
2024-03-30 04:00:00,BIN_009,Landhi,Recyclable,24.856,67.19,6.06,35.5,57.1,1,0,0,4,5,3,85.41,-79.35,1
2024-03-30 08:00:00,BIN_009,Landhi,Recyclable,24.856,67.19,10.09,36.0,64.3,1,0,0,8,5,3,6.06,4.03,1
2024-03-30 12:00:00,BIN_009,Landhi,Recyclable,24.856,67.19,12.39,37.3,67.7,1,0,0,12,5,3,10.09,2.3000000000000007,1
2024-03-30 16:00:00,BIN_009,Landhi,Recyclable,24.856,67.19,13.05,33.3,80.2,1,0,0,16,5,3,12.39,0.6600000000000001,1
2024-03-30 20:00:00,BIN_009,Landhi,Recyclable,24.856,67.19,19.41,40.4,55.2,1,0,0,20,5,3,13.05,6.359999999999999,1
2024-01-01 04:00:00,BIN_010,PECHS,Organic,24.872,67.061,25.16,39.7,61.2,0,0,0,4,0,1,23.26,1.8999999999999986,2
2024-01-01 08:00:00,BIN_010,PECHS,Organic,24.872,67.061,27.56,40.2,86.2,0,0,0,8,0,1,25.16,2.3999999999999986,2
2024-01-01 12:00:00,BIN_010,PECHS,Organic,24.872,67.061,27.84,37.0,73.4,0,0,0,12,0,1,27.56,0.28000000000000114,2
2024-01-01 16:00:00,BIN_010,PECHS,Organic,24.872,67.061,31.28,35.4,76.3,0,0,0,16,0,1,27.84,3.4400000000000013,2
2024-01-01 20:00:00,BIN_010,PECHS,Organic,24.872,67.061,31.75,33.5,88.8,0,0,0,20,0,1,31.28,0.46999999999999886,2
2024-01-02 00:00:00,BIN_010,PECHS,Organic,24.872,67.061,34.5,28.1,75.0,0,0,0,0,1,1,31.75,2.75,2
2024-01-02 04:00:00,BIN_010,PECHS,Organic,24.872,67.061,36.4,38.0,81.1,0,0,0,4,1,1,34.5,1.8999999999999986,2
2024-01-02 08:00:00,BIN_010,PECHS,Organic,24.872,67.061,37.91,28.9,73.3,0,0,0,8,1,1,36.4,1.509999999999998,2
2024-01-02 12:00:00,BIN_010,PECHS,Organic,24.872,67.061,37.37,33.3,56.6,0,0,0,12,1,1,37.91,-0.5399999999999991,2
2024-01-02 16:00:00,BIN_010,PECHS,Organic,24.872,67.061,37.51,41.9,62.3,0,0,0,16,1,1,37.37,0.14000000000000057,2
2024-01-02 20:00:00,BIN_010,PECHS,Organic,24.872,67.061,36.82,35.6,89.6,0,0,0,20,1,1,37.51,-0.6899999999999977,2
2024-01-03 00:00:00,BIN_010,PECHS,Organic,24.872,67.061,38.54,37.7,58.9,0,0,0,0,2,1,36.82,1.7199999999999989,2
2024-01-03 04:00:00,BIN_010,PECHS,Organic,24.872,67.061,41.04,34.2,83.3,0,0,0,4,2,1,38.54,2.5,2
2024-01-03 08:00:00,BIN_010,PECHS,Organic,24.872,67.061,45.62,38.4,63.9,0,0,0,8,2,1,41.04,4.579999999999998,2
2024-01-03 12:00:00,BIN_010,PECHS,Organic,24.872,67.061,47.43,40.3,71.1,0,0,0,12,2,1,45.62,1.8100000000000023,2
2024-01-03 16:00:00,BIN_010,PECHS,Organic,24.872,67.061,49.78,33.8,81.3,0,0,0,16,2,1,47.43,2.3500000000000014,2
2024-01-03 20:00:00,BIN_010,PECHS,Organic,24.872,67.061,51.02,35.7,68.4,0,0,0,20,2,1,49.78,1.240000000000002,2
2024-01-04 00:00:00,BIN_010,PECHS,Organic,24.872,67.061,53.27,33.5,58.8,0,0,0,0,3,1,51.02,2.25,2
2024-01-04 04:00:00,BIN_010,PECHS,Organic,24.872,67.061,56.93,40.5,56.2,0,0,0,4,3,1,53.27,3.6599999999999966,2
2024-01-04 08:00:00,BIN_010,PECHS,Organic,24.872,67.061,58.12,37.0,87.3,0,0,0,8,3,1,56.93,1.1899999999999977,2
2024-01-04 12:00:00,BIN_010,PECHS,Organic,24.872,67.061,61.26,30.1,74.8,0,0,0,12,3,1,58.12,3.1400000000000006,2
2024-01-04 16:00:00,BIN_010,PECHS,Organic,24.872,67.061,64.14,35.4,76.9,0,0,0,16,3,1,61.26,2.8800000000000026,2
2024-01-04 20:00:00,BIN_010,PECHS,Organic,24.872,67.061,67.06,38.6,84.4,0,0,0,20,3,1,64.14,2.9200000000000017,2
2024-01-05 00:00:00,BIN_010,PECHS,Organic,24.872,67.061,67.74,42.0,70.2,0,0,0,0,4,1,67.06,0.6799999999999926,2
2024-01-05 04:00:00,BIN_010,PECHS,Organic,24.872,67.061,71.35,28.3,67.7,0,0,0,4,4,1,67.74,3.6099999999999994,2
2024-01-05 08:00:00,BIN_010,PECHS,Organic,24.872,67.061,72.88,37.6,57.6,0,0,0,8,4,1,71.35,1.5300000000000011,2
2024-01-05 12:00:00,BIN_010,PECHS,Organic,24.872,67.061,74.51,30.8,58.3,0,0,0,12,4,1,72.88,1.6300000000000097,2
2024-01-05 16:00:00,BIN_010,PECHS,Organic,24.872,67.061,76.1,36.0,88.8,0,1,0,16,4,1,74.51,1.5899999999999892,2
2024-01-05 20:00:00,BIN_010,PECHS,Organic,24.872,67.061,77.56,40.3,85.7,0,1,0,20,4,1,76.1,1.460000000000008,2
2024-01-06 00:00:00,BIN_010,PECHS,Organic,24.872,67.061,78.98,29.1,82.2,1,1,0,0,5,1,77.56,1.4200000000000017,2
2024-01-06 04:00:00,BIN_010,PECHS,Organic,24.872,67.061,80.09,29.0,74.5,1,1,0,4,5,1,78.98,1.1099999999999994,2
2024-01-06 08:00:00,BIN_010,PECHS,Organic,24.872,67.061,81.11,41.9,81.5,1,1,0,8,5,1,80.09,1.019999999999996,2
2024-01-06 12:00:00,BIN_010,PECHS,Organic,24.872,67.061,82.15,39.7,75.0,1,1,0,12,5,1,81.11,1.0400000000000063,2
2024-01-06 16:00:00,BIN_010,PECHS,Organic,24.872,67.061,84.93,41.2,64.8,1,1,0,16,5,1,82.15,2.780000000000001,2
2024-01-06 20:00:00,BIN_010,PECHS,Organic,24.872,67.061,88.51,36.3,79.2,1,1,1,20,5,1,84.93,3.5799999999999983,2
2024-01-07 00:00:00,BIN_010,PECHS,Organic,24.872,67.061,2.49,34.6,84.8,1,0,0,0,6,1,88.51,-86.02000000000001,2
2024-01-07 04:00:00,BIN_010,PECHS,Organic,24.872,67.061,4.53,37.0,56.6,1,0,0,4,6,1,2.49,2.04,2
2024-01-07 08:00:00,BIN_010,PECHS,Organic,24.872,67.061,6.25,38.9,66.5,1,0,0,8,6,1,4.53,1.7199999999999998,2
2024-01-07 12:00:00,BIN_010,PECHS,Organic,24.872,67.061,8.55,34.6,83.0,1,0,0,12,6,1,6.25,2.3000000000000007,2
2024-01-07 16:00:00,BIN_010,PECHS,Organic,24.872,67.061,8.72,32.7,89.9,1,0,0,16,6,1,8.55,0.16999999999999993,2
2024-01-07 20:00:00,BIN_010,PECHS,Organic,24.872,67.061,10.19,39.6,85.9,1,0,0,20,6,1,8.72,1.4699999999999989,2
2024-01-08 00:00:00,BIN_010,PECHS,Organic,24.872,67.061,11.65,32.2,63.2,0,0,0,0,0,1,10.19,1.4600000000000009,2
2024-01-08 04:00:00,BIN_010,PECHS,Organic,24.872,67.061,14.14,39.6,78.8,0,0,0,4,0,1,11.65,2.49,2
2024-01-08 08:00:00,BIN_010,PECHS,Organic,24.872,67.061,14.94,35.1,73.5,0,0,0,8,0,1,14.14,0.7999999999999989,2
2024-01-08 12:00:00,BIN_010,PECHS,Organic,24.872,67.061,14.67,40.4,68.3,0,0,0,12,0,1,14.94,-0.2699999999999996,2
2024-01-08 16:00:00,BIN_010,PECHS,Organic,24.872,67.061,16.21,38.4,87.6,0,0,0,16,0,1,14.67,1.540000000000001,2
2024-01-08 20:00:00,BIN_010,PECHS,Organic,24.872,67.061,19.25,40.7,57.0,0,0,0,20,0,1,16.21,3.039999999999999,2
2024-01-09 00:00:00,BIN_010,PECHS,Organic,24.872,67.061,20.81,34.0,77.4,0,0,0,0,1,1,19.25,1.5599999999999987,2
2024-01-09 04:00:00,BIN_010,PECHS,Organic,24.872,67.061,20.37,41.2,58.9,0,0,0,4,1,1,20.81,-0.4399999999999977,2
2024-01-09 08:00:00,BIN_010,PECHS,Organic,24.872,67.061,20.06,40.5,88.8,0,0,0,8,1,1,20.37,-0.3100000000000023,2
2024-01-09 12:00:00,BIN_010,PECHS,Organic,24.872,67.061,21.47,34.7,58.6,0,0,0,12,1,1,20.06,1.4100000000000001,2
2024-01-09 16:00:00,BIN_010,PECHS,Organic,24.872,67.061,24.24,33.0,86.1,0,0,0,16,1,1,21.47,2.7699999999999996,2
2024-01-09 20:00:00,BIN_010,PECHS,Organic,24.872,67.061,27.46,41.7,74.5,0,0,0,20,1,1,24.24,3.2200000000000024,2
2024-01-10 00:00:00,BIN_010,PECHS,Organic,24.872,67.061,26.56,36.2,70.4,0,0,0,0,2,1,27.46,-0.9000000000000021,2
2024-01-10 04:00:00,BIN_010,PECHS,Organic,24.872,67.061,29.14,32.2,57.4,0,0,0,4,2,1,26.56,2.580000000000002,2
2024-01-10 08:00:00,BIN_010,PECHS,Organic,24.872,67.061,29.72,35.6,76.1,0,0,0,8,2,1,29.14,0.5799999999999983,2
2024-01-10 12:00:00,BIN_010,PECHS,Organic,24.872,67.061,30.51,36.5,68.6,0,0,0,12,2,1,29.72,0.7900000000000027,2
2024-01-10 16:00:00,BIN_010,PECHS,Organic,24.872,67.061,34.03,34.7,89.6,0,0,0,16,2,1,30.51,3.5199999999999996,2
2024-01-10 20:00:00,BIN_010,PECHS,Organic,24.872,67.061,35.34,34.2,77.7,0,0,0,20,2,1,34.03,1.3100000000000023,2
2024-01-11 00:00:00,BIN_010,PECHS,Organic,24.872,67.061,37.29,39.9,88.0,0,0,0,0,3,1,35.34,1.9499999999999957,2
2024-01-11 04:00:00,BIN_010,PECHS,Organic,24.872,67.061,38.38,42.0,64.9,0,0,0,4,3,1,37.29,1.0900000000000034,2
2024-01-11 08:00:00,BIN_010,PECHS,Organic,24.872,67.061,37.96,35.9,60.5,0,0,0,8,3,1,38.38,-0.4200000000000017,2
2024-01-11 12:00:00,BIN_010,PECHS,Organic,24.872,67.061,42.98,40.0,86.8,0,0,0,12,3,1,37.96,5.019999999999996,2
2024-01-11 16:00:00,BIN_010,PECHS,Organic,24.872,67.061,42.1,30.0,78.9,0,0,0,16,3,1,42.98,-0.8799999999999955,2
2024-01-11 20:00:00,BIN_010,PECHS,Organic,24.872,67.061,43.24,32.4,86.8,0,0,0,20,3,1,42.1,1.1400000000000006,2
2024-01-12 00:00:00,BIN_010,PECHS,Organic,24.872,67.061,46.71,35.8,56.6,0,0,0,0,4,1,43.24,3.469999999999999,2
2024-01-12 04:00:00,BIN_010,PECHS,Organic,24.872,67.061,50.48,41.0,77.0,0,0,0,4,4,1,46.71,3.769999999999996,2
2024-01-12 08:00:00,BIN_010,PECHS,Organic,24.872,67.061,52.24,37.9,57.0,0,0,0,8,4,1,50.48,1.7600000000000051,2
2024-01-12 12:00:00,BIN_010,PECHS,Organic,24.872,67.061,54.26,36.8,81.8,0,0,0,12,4,1,52.24,2.019999999999996,2
2024-01-12 16:00:00,BIN_010,PECHS,Organic,24.872,67.061,57.04,31.2,89.1,0,0,0,16,4,1,54.26,2.780000000000001,2
2024-01-12 20:00:00,BIN_010,PECHS,Organic,24.872,67.061,59.86,41.9,57.6,0,0,0,20,4,1,57.04,2.8200000000000003,2
2024-01-13 00:00:00,BIN_010,PECHS,Organic,24.872,67.061,61.88,37.6,66.8,1,0,0,0,5,1,59.86,2.020000000000003,2
2024-01-13 04:00:00,BIN_010,PECHS,Organic,24.872,67.061,64.61,41.5,58.6,1,0,0,4,5,1,61.88,2.729999999999997,2
2024-01-13 08:00:00,BIN_010,PECHS,Organic,24.872,67.061,62.68,32.6,77.6,1,0,0,8,5,1,64.61,-1.9299999999999997,2
2024-01-13 12:00:00,BIN_010,PECHS,Organic,24.872,67.061,64.8,29.8,80.1,1,0,0,12,5,1,62.68,2.1199999999999974,2
2024-01-13 16:00:00,BIN_010,PECHS,Organic,24.872,67.061,66.5,32.5,73.1,1,0,0,16,5,1,64.8,1.7000000000000028,2
2024-01-13 20:00:00,BIN_010,PECHS,Organic,24.872,67.061,70.17,28.6,88.1,1,0,0,20,5,1,66.5,3.6700000000000017,2
2024-01-14 00:00:00,BIN_010,PECHS,Organic,24.872,67.061,70.96,38.0,74.4,1,0,0,0,6,1,70.17,0.789999999999992,2
2024-01-14 04:00:00,BIN_010,PECHS,Organic,24.872,67.061,74.67,29.5,87.6,1,0,0,4,6,1,70.96,3.710000000000008,2
2024-01-14 08:00:00,BIN_010,PECHS,Organic,24.872,67.061,79.45,35.0,76.2,1,1,0,8,6,1,74.67,4.780000000000001,2
2024-01-14 12:00:00,BIN_010,PECHS,Organic,24.872,67.061,81.19,32.2,62.0,1,1,0,12,6,1,79.45,1.7399999999999949,2
2024-01-14 16:00:00,BIN_010,PECHS,Organic,24.872,67.061,80.06,33.5,78.5,1,1,0,16,6,1,81.19,-1.1299999999999955,2
2024-01-14 20:00:00,BIN_010,PECHS,Organic,24.872,67.061,84.72,37.7,56.6,1,1,0,20,6,1,80.06,4.659999999999997,2
2024-01-15 00:00:00,BIN_010,PECHS,Organic,24.872,67.061,85.01,29.4,63.3,0,1,1,0,0,1,84.72,0.29000000000000625,2
2024-01-15 04:00:00,BIN_010,PECHS,Organic,24.872,67.061,0.0,41.9,80.8,0,0,0,4,0,1,85.01,-85.01,2
2024-01-15 08:00:00,BIN_010,PECHS,Organic,24.872,67.061,1.02,39.0,87.3,0,0,0,8,0,1,0.0,1.02,2
2024-01-15 12:00:00,BIN_010,PECHS,Organic,24.872,67.061,5.32,36.4,61.5,0,0,0,12,0,1,1.02,4.300000000000001,2
2024-01-15 16:00:00,BIN_010,PECHS,Organic,24.872,67.061,9.69,32.7,68.4,0,0,0,16,0,1,5.32,4.369999999999999,2
2024-01-15 20:00:00,BIN_010,PECHS,Organic,24.872,67.061,12.58,38.3,87.5,0,0,0,20,0,1,9.69,2.8900000000000006,2
2024-01-16 00:00:00,BIN_010,PECHS,Organic,24.872,67.061,16.16,30.4,62.4,0,0,0,0,1,1,12.58,3.58,2
2024-01-16 04:00:00,BIN_010,PECHS,Organic,24.872,67.061,18.71,35.4,61.2,0,0,0,4,1,1,16.16,2.5500000000000007,2
2024-01-16 08:00:00,BIN_010,PECHS,Organic,24.872,67.061,18.34,39.1,83.3,0,0,0,8,1,1,18.71,-0.370000000000001,2
2024-01-16 12:00:00,BIN_010,PECHS,Organic,24.872,67.061,21.44,34.5,61.3,0,0,0,12,1,1,18.34,3.1000000000000014,2
2024-01-16 16:00:00,BIN_010,PECHS,Organic,24.872,67.061,22.58,28.2,66.2,0,0,0,16,1,1,21.44,1.139999999999997,2
2024-01-16 20:00:00,BIN_010,PECHS,Organic,24.872,67.061,24.47,30.7,83.5,0,0,0,20,1,1,22.58,1.8900000000000006,2
2024-01-17 00:00:00,BIN_010,PECHS,Organic,24.872,67.061,25.49,32.6,63.3,0,0,0,0,2,1,24.47,1.0199999999999996,2
2024-01-17 04:00:00,BIN_010,PECHS,Organic,24.872,67.061,28.24,40.7,72.6,0,0,0,4,2,1,25.49,2.75,2
2024-01-17 08:00:00,BIN_010,PECHS,Organic,24.872,67.061,28.52,36.8,68.5,0,0,0,8,2,1,28.24,0.28000000000000114,2
2024-01-17 12:00:00,BIN_010,PECHS,Organic,24.872,67.061,32.94,32.8,77.2,0,0,0,12,2,1,28.52,4.419999999999998,2
2024-01-17 16:00:00,BIN_010,PECHS,Organic,24.872,67.061,32.22,30.1,67.9,0,0,0,16,2,1,32.94,-0.7199999999999989,2
2024-01-17 20:00:00,BIN_010,PECHS,Organic,24.872,67.061,35.03,33.8,77.0,0,0,0,20,2,1,32.22,2.8100000000000023,2
2024-01-18 00:00:00,BIN_010,PECHS,Organic,24.872,67.061,35.67,35.0,70.0,0,0,0,0,3,1,35.03,0.6400000000000006,2
2024-01-18 04:00:00,BIN_010,PECHS,Organic,24.872,67.061,36.49,38.2,63.5,0,0,0,4,3,1,35.67,0.8200000000000003,2
2024-01-18 08:00:00,BIN_010,PECHS,Organic,24.872,67.061,39.64,40.7,88.6,0,0,0,8,3,1,36.49,3.1499999999999986,2
2024-01-18 12:00:00,BIN_010,PECHS,Organic,24.872,67.061,41.72,38.8,86.7,0,0,0,12,3,1,39.64,2.0799999999999983,2
2024-01-18 16:00:00,BIN_010,PECHS,Organic,24.872,67.061,42.4,28.1,79.7,0,0,0,16,3,1,41.72,0.6799999999999997,2
2024-01-18 20:00:00,BIN_010,PECHS,Organic,24.872,67.061,43.21,41.1,61.5,0,0,0,20,3,1,42.4,0.8100000000000023,2
2024-01-19 00:00:00,BIN_010,PECHS,Organic,24.872,67.061,46.92,41.0,77.6,0,0,0,0,4,1,43.21,3.710000000000001,2
2024-01-19 04:00:00,BIN_010,PECHS,Organic,24.872,67.061,49.76,41.6,67.1,0,0,0,4,4,1,46.92,2.8399999999999963,2
2024-01-19 08:00:00,BIN_010,PECHS,Organic,24.872,67.061,52.38,33.4,55.0,0,0,0,8,4,1,49.76,2.6200000000000045,2
2024-01-19 12:00:00,BIN_010,PECHS,Organic,24.872,67.061,51.0,38.2,81.3,0,0,0,12,4,1,52.38,-1.3800000000000026,2
2024-01-19 16:00:00,BIN_010,PECHS,Organic,24.872,67.061,51.56,35.3,67.6,0,0,0,16,4,1,51.0,0.5600000000000023,2
2024-01-19 20:00:00,BIN_010,PECHS,Organic,24.872,67.061,55.16,28.2,74.7,0,0,0,20,4,1,51.56,3.5999999999999943,2
2024-01-20 00:00:00,BIN_010,PECHS,Organic,24.872,67.061,57.44,41.8,57.0,1,0,0,0,5,1,55.16,2.280000000000001,2
2024-01-20 04:00:00,BIN_010,PECHS,Organic,24.872,67.061,60.57,36.2,67.2,1,0,0,4,5,1,57.44,3.1300000000000026,2
2024-01-20 08:00:00,BIN_010,PECHS,Organic,24.872,67.061,62.2,31.6,85.0,1,0,0,8,5,1,60.57,1.6300000000000026,2
2024-01-20 12:00:00,BIN_010,PECHS,Organic,24.872,67.061,65.98,33.2,55.6,1,0,0,12,5,1,62.2,3.780000000000001,2
2024-01-20 16:00:00,BIN_010,PECHS,Organic,24.872,67.061,70.64,31.6,70.1,1,0,0,16,5,1,65.98,4.659999999999997,2
2024-01-20 20:00:00,BIN_010,PECHS,Organic,24.872,67.061,71.18,28.8,75.6,1,0,0,20,5,1,70.64,0.5400000000000063,2
2024-01-21 00:00:00,BIN_010,PECHS,Organic,24.872,67.061,72.68,33.9,58.1,1,0,0,0,6,1,71.18,1.5,2
2024-01-21 04:00:00,BIN_010,PECHS,Organic,24.872,67.061,77.16,30.8,60.4,1,1,0,4,6,1,72.68,4.47999999999999,2
2024-01-21 08:00:00,BIN_010,PECHS,Organic,24.872,67.061,83.57,41.3,57.6,1,1,0,8,6,1,77.16,6.409999999999997,2
2024-01-21 12:00:00,BIN_010,PECHS,Organic,24.872,67.061,83.22,36.4,73.4,1,1,0,12,6,1,83.57,-0.3499999999999943,2
2024-01-21 16:00:00,BIN_010,PECHS,Organic,24.872,67.061,87.09,30.9,56.4,1,1,1,16,6,1,83.22,3.8700000000000045,2
2024-01-21 20:00:00,BIN_010,PECHS,Organic,24.872,67.061,9.04,32.8,55.6,1,0,0,20,6,1,87.09,-78.05000000000001,2
2024-01-22 00:00:00,BIN_010,PECHS,Organic,24.872,67.061,9.53,36.6,61.0,0,0,0,0,0,1,9.04,0.4900000000000002,2
2024-01-22 04:00:00,BIN_010,PECHS,Organic,24.872,67.061,9.63,33.8,71.9,0,0,0,4,0,1,9.53,0.10000000000000142,2
2024-01-22 08:00:00,BIN_010,PECHS,Organic,24.872,67.061,12.03,28.6,88.3,0,0,0,8,0,1,9.63,2.3999999999999986,2
2024-01-22 12:00:00,BIN_010,PECHS,Organic,24.872,67.061,13.71,36.1,82.9,0,0,0,12,0,1,12.03,1.6800000000000015,2
2024-01-22 16:00:00,BIN_010,PECHS,Organic,24.872,67.061,13.22,40.3,86.4,0,0,0,16,0,1,13.71,-0.4900000000000002,2
2024-01-22 20:00:00,BIN_010,PECHS,Organic,24.872,67.061,11.61,31.3,62.0,0,0,0,20,0,1,13.22,-1.6100000000000012,2
2024-01-23 00:00:00,BIN_010,PECHS,Organic,24.872,67.061,14.76,32.5,77.8,0,0,0,0,1,1,11.61,3.1500000000000004,2
2024-01-23 04:00:00,BIN_010,PECHS,Organic,24.872,67.061,16.47,37.9,82.3,0,0,0,4,1,1,14.76,1.709999999999999,2
2024-01-23 08:00:00,BIN_010,PECHS,Organic,24.872,67.061,15.18,41.5,76.4,0,0,0,8,1,1,16.47,-1.2899999999999991,2
2024-01-23 12:00:00,BIN_010,PECHS,Organic,24.872,67.061,18.89,38.2,67.1,0,0,0,12,1,1,15.18,3.710000000000001,2
2024-01-23 16:00:00,BIN_010,PECHS,Organic,24.872,67.061,18.85,31.4,80.0,0,0,0,16,1,1,18.89,-0.03999999999999915,2
2024-01-23 20:00:00,BIN_010,PECHS,Organic,24.872,67.061,21.83,35.3,78.9,0,0,0,20,1,1,18.85,2.979999999999997,2
2024-01-24 00:00:00,BIN_010,PECHS,Organic,24.872,67.061,24.54,34.2,75.9,0,0,0,0,2,1,21.83,2.710000000000001,2
2024-01-24 04:00:00,BIN_010,PECHS,Organic,24.872,67.061,23.98,32.1,80.0,0,0,0,4,2,1,24.54,-0.5599999999999987,2
2024-01-24 08:00:00,BIN_010,PECHS,Organic,24.872,67.061,24.79,32.2,78.1,0,0,0,8,2,1,23.98,0.8099999999999987,2
2024-01-24 12:00:00,BIN_010,PECHS,Organic,24.872,67.061,27.7,37.7,79.6,0,0,0,12,2,1,24.79,2.91,2
2024-01-24 16:00:00,BIN_010,PECHS,Organic,24.872,67.061,28.03,33.5,63.9,0,0,0,16,2,1,27.7,0.33000000000000185,2
2024-01-24 20:00:00,BIN_010,PECHS,Organic,24.872,67.061,32.16,30.2,79.2,0,0,0,20,2,1,28.03,4.1299999999999955,2
2024-01-25 00:00:00,BIN_010,PECHS,Organic,24.872,67.061,34.28,40.7,69.3,0,0,0,0,3,1,32.16,2.1200000000000045,2
2024-01-25 04:00:00,BIN_010,PECHS,Organic,24.872,67.061,36.38,39.9,60.5,0,0,0,4,3,1,34.28,2.1000000000000014,2
2024-01-25 08:00:00,BIN_010,PECHS,Organic,24.872,67.061,39.83,31.4,78.6,0,0,0,8,3,1,36.38,3.4499999999999957,2
2024-01-25 12:00:00,BIN_010,PECHS,Organic,24.872,67.061,42.75,28.6,84.3,0,0,0,12,3,1,39.83,2.9200000000000017,2
2024-01-25 16:00:00,BIN_010,PECHS,Organic,24.872,67.061,45.27,31.1,57.4,0,0,0,16,3,1,42.75,2.520000000000003,2
2024-01-25 20:00:00,BIN_010,PECHS,Organic,24.872,67.061,45.68,34.7,60.9,0,0,0,20,3,1,45.27,0.4099999999999966,2
2024-01-26 00:00:00,BIN_010,PECHS,Organic,24.872,67.061,46.06,32.8,74.9,0,0,0,0,4,1,45.68,0.38000000000000256,2
2024-01-26 04:00:00,BIN_010,PECHS,Organic,24.872,67.061,48.97,32.0,68.2,0,0,0,4,4,1,46.06,2.9099999999999966,2
2024-01-26 08:00:00,BIN_010,PECHS,Organic,24.872,67.061,50.01,29.2,66.5,0,0,0,8,4,1,48.97,1.0399999999999991,2
2024-01-26 12:00:00,BIN_010,PECHS,Organic,24.872,67.061,52.43,33.9,74.0,0,0,0,12,4,1,50.01,2.4200000000000017,2
2024-01-26 16:00:00,BIN_010,PECHS,Organic,24.872,67.061,56.01,28.6,70.1,0,0,0,16,4,1,52.43,3.5799999999999983,2
2024-01-26 20:00:00,BIN_010,PECHS,Organic,24.872,67.061,56.93,33.4,77.7,0,0,0,20,4,1,56.01,0.9200000000000017,2
2024-01-27 00:00:00,BIN_010,PECHS,Organic,24.872,67.061,59.2,41.8,65.6,1,0,0,0,5,1,56.93,2.270000000000003,2
2024-01-27 04:00:00,BIN_010,PECHS,Organic,24.872,67.061,62.24,28.4,60.8,1,0,0,4,5,1,59.2,3.039999999999999,2
2024-01-27 08:00:00,BIN_010,PECHS,Organic,24.872,67.061,62.08,29.4,70.1,1,0,0,8,5,1,62.24,-0.1600000000000037,2
2024-01-27 12:00:00,BIN_010,PECHS,Organic,24.872,67.061,62.95,32.7,59.3,1,0,0,12,5,1,62.08,0.8700000000000045,2
2024-01-27 16:00:00,BIN_010,PECHS,Organic,24.872,67.061,66.17,32.2,80.0,1,0,0,16,5,1,62.95,3.219999999999999,2
2024-01-27 20:00:00,BIN_010,PECHS,Organic,24.872,67.061,67.91,36.6,70.0,1,0,0,20,5,1,66.17,1.7399999999999949,2
2024-01-28 00:00:00,BIN_010,PECHS,Organic,24.872,67.061,69.18,36.3,67.3,1,0,0,0,6,1,67.91,1.2700000000000102,2
2024-01-28 04:00:00,BIN_010,PECHS,Organic,24.872,67.061,69.46,31.0,59.1,1,0,0,4,6,1,69.18,0.2799999999999869,2
2024-01-28 08:00:00,BIN_010,PECHS,Organic,24.872,67.061,71.47,36.8,72.2,1,0,0,8,6,1,69.46,2.010000000000005,2
2024-01-28 12:00:00,BIN_010,PECHS,Organic,24.872,67.061,75.25,40.2,74.1,1,1,0,12,6,1,71.47,3.780000000000001,2
2024-01-28 16:00:00,BIN_010,PECHS,Organic,24.872,67.061,78.7,38.1,58.9,1,1,0,16,6,1,75.25,3.450000000000003,2
2024-01-28 20:00:00,BIN_010,PECHS,Organic,24.872,67.061,80.9,30.5,82.5,1,1,0,20,6,1,78.7,2.200000000000003,2
2024-01-29 00:00:00,BIN_010,PECHS,Organic,24.872,67.061,82.88,35.8,77.1,0,1,0,0,0,1,80.9,1.9799999999999898,2
2024-01-29 04:00:00,BIN_010,PECHS,Organic,24.872,67.061,86.47,34.1,78.8,0,1,1,4,0,1,82.88,3.5900000000000034,2
2024-01-29 08:00:00,BIN_010,PECHS,Organic,24.872,67.061,0.64,30.3,69.3,0,0,0,8,0,1,86.47,-85.83,2
2024-01-29 12:00:00,BIN_010,PECHS,Organic,24.872,67.061,3.93,37.3,77.2,0,0,0,12,0,1,0.64,3.29,2
2024-01-29 16:00:00,BIN_010,PECHS,Organic,24.872,67.061,7.86,39.4,55.9,0,0,0,16,0,1,3.93,3.93,2
2024-01-29 20:00:00,BIN_010,PECHS,Organic,24.872,67.061,7.31,34.3,81.5,0,0,0,20,0,1,7.86,-0.5500000000000007,2
2024-01-30 00:00:00,BIN_010,PECHS,Organic,24.872,67.061,12.12,35.2,89.7,0,0,0,0,1,1,7.31,4.81,2
2024-01-30 04:00:00,BIN_010,PECHS,Organic,24.872,67.061,14.79,28.8,72.2,0,0,0,4,1,1,12.12,2.67,2
2024-01-30 08:00:00,BIN_010,PECHS,Organic,24.872,67.061,14.92,41.5,88.1,0,0,0,8,1,1,14.79,0.13000000000000078,2
2024-01-30 12:00:00,BIN_010,PECHS,Organic,24.872,67.061,16.11,32.7,77.4,0,0,0,12,1,1,14.92,1.1899999999999995,2
2024-01-30 16:00:00,BIN_010,PECHS,Organic,24.872,67.061,19.85,36.8,55.0,0,0,0,16,1,1,16.11,3.740000000000002,2
2024-01-30 20:00:00,BIN_010,PECHS,Organic,24.872,67.061,21.8,38.7,81.1,0,0,0,20,1,1,19.85,1.9499999999999993,2
2024-01-31 00:00:00,BIN_010,PECHS,Organic,24.872,67.061,24.92,40.7,73.3,0,0,0,0,2,1,21.8,3.120000000000001,2
2024-01-31 04:00:00,BIN_010,PECHS,Organic,24.872,67.061,26.69,36.5,89.9,0,0,0,4,2,1,24.92,1.7699999999999996,2
2024-01-31 08:00:00,BIN_010,PECHS,Organic,24.872,67.061,26.86,30.6,86.4,0,0,0,8,2,1,26.69,0.16999999999999815,2
2024-01-31 12:00:00,BIN_010,PECHS,Organic,24.872,67.061,26.8,38.4,58.7,0,0,0,12,2,1,26.86,-0.05999999999999872,2
2024-01-31 16:00:00,BIN_010,PECHS,Organic,24.872,67.061,31.41,35.6,78.3,0,0,0,16,2,1,26.8,4.609999999999999,2
2024-01-31 20:00:00,BIN_010,PECHS,Organic,24.872,67.061,33.22,39.5,68.1,0,0,0,20,2,1,31.41,1.8099999999999987,2
2024-02-01 00:00:00,BIN_010,PECHS,Organic,24.872,67.061,34.58,31.8,56.5,0,0,0,0,3,2,33.22,1.3599999999999994,2
2024-02-01 04:00:00,BIN_010,PECHS,Organic,24.872,67.061,36.69,33.1,68.3,0,0,0,4,3,2,34.58,2.1099999999999994,2
2024-02-01 08:00:00,BIN_010,PECHS,Organic,24.872,67.061,39.25,34.1,77.8,0,0,0,8,3,2,36.69,2.5600000000000023,2
2024-02-01 12:00:00,BIN_010,PECHS,Organic,24.872,67.061,42.64,28.7,61.3,0,0,0,12,3,2,39.25,3.3900000000000006,2
2024-02-01 16:00:00,BIN_010,PECHS,Organic,24.872,67.061,46.57,38.8,69.1,0,0,0,16,3,2,42.64,3.9299999999999997,2
2024-02-01 20:00:00,BIN_010,PECHS,Organic,24.872,67.061,50.27,38.1,78.9,0,0,0,20,3,2,46.57,3.700000000000003,2
2024-02-02 00:00:00,BIN_010,PECHS,Organic,24.872,67.061,55.26,42.0,62.0,0,0,0,0,4,2,50.27,4.989999999999995,2
2024-02-02 04:00:00,BIN_010,PECHS,Organic,24.872,67.061,58.64,35.3,67.1,0,0,0,4,4,2,55.26,3.3800000000000026,2
2024-02-02 08:00:00,BIN_010,PECHS,Organic,24.872,67.061,58.02,28.7,75.0,0,0,0,8,4,2,58.64,-0.6199999999999974,2
2024-02-02 12:00:00,BIN_010,PECHS,Organic,24.872,67.061,59.98,32.7,61.4,0,0,0,12,4,2,58.02,1.9599999999999937,2
2024-02-02 16:00:00,BIN_010,PECHS,Organic,24.872,67.061,61.21,41.3,75.3,0,0,0,16,4,2,59.98,1.230000000000004,2
2024-02-02 20:00:00,BIN_010,PECHS,Organic,24.872,67.061,62.74,39.4,69.8,0,0,0,20,4,2,61.21,1.5300000000000011,2
2024-02-03 00:00:00,BIN_010,PECHS,Organic,24.872,67.061,64.94,36.0,72.2,1,0,0,0,5,2,62.74,2.1999999999999957,2
2024-02-03 04:00:00,BIN_010,PECHS,Organic,24.872,67.061,68.57,38.3,74.8,1,0,0,4,5,2,64.94,3.6299999999999955,2
2024-02-03 08:00:00,BIN_010,PECHS,Organic,24.872,67.061,69.78,36.5,72.1,1,0,0,8,5,2,68.57,1.210000000000008,2
2024-02-03 12:00:00,BIN_010,PECHS,Organic,24.872,67.061,71.37,29.3,68.8,1,0,0,12,5,2,69.78,1.5900000000000034,2
2024-02-03 16:00:00,BIN_010,PECHS,Organic,24.872,67.061,75.57,29.1,67.2,1,1,0,16,5,2,71.37,4.199999999999989,2
2024-02-03 20:00:00,BIN_010,PECHS,Organic,24.872,67.061,77.91,39.5,77.7,1,1,0,20,5,2,75.57,2.3400000000000034,2
2024-02-04 00:00:00,BIN_010,PECHS,Organic,24.872,67.061,81.34,34.9,72.4,1,1,0,0,6,2,77.91,3.430000000000007,2
2024-02-04 04:00:00,BIN_010,PECHS,Organic,24.872,67.061,82.87,41.7,88.1,1,1,0,4,6,2,81.34,1.5300000000000011,2
2024-02-04 08:00:00,BIN_010,PECHS,Organic,24.872,67.061,83.71,32.6,56.1,1,1,0,8,6,2,82.87,0.8399999999999892,2
2024-02-04 12:00:00,BIN_010,PECHS,Organic,24.872,67.061,85.4,28.3,68.8,1,1,1,12,6,2,83.71,1.690000000000012,2
2024-02-04 16:00:00,BIN_010,PECHS,Organic,24.872,67.061,11.71,35.9,55.2,1,0,0,16,6,2,85.4,-73.69,2
2024-02-04 20:00:00,BIN_010,PECHS,Organic,24.872,67.061,15.6,31.0,55.9,1,0,0,20,6,2,11.71,3.889999999999999,2
2024-02-05 00:00:00,BIN_010,PECHS,Organic,24.872,67.061,16.43,40.2,77.5,0,0,0,0,0,2,15.6,0.8300000000000001,2
2024-02-05 04:00:00,BIN_010,PECHS,Organic,24.872,67.061,18.81,31.2,60.5,0,0,0,4,0,2,16.43,2.379999999999999,2
2024-02-05 08:00:00,BIN_010,PECHS,Organic,24.872,67.061,21.73,38.1,67.2,0,0,0,8,0,2,18.81,2.9200000000000017,2
2024-02-05 12:00:00,BIN_010,PECHS,Organic,24.872,67.061,23.84,36.2,65.9,0,0,0,12,0,2,21.73,2.1099999999999994,2
2024-02-05 16:00:00,BIN_010,PECHS,Organic,24.872,67.061,23.67,36.7,67.0,0,0,0,16,0,2,23.84,-0.16999999999999815,2
2024-02-05 20:00:00,BIN_010,PECHS,Organic,24.872,67.061,28.23,28.4,68.8,0,0,0,20,0,2,23.67,4.559999999999999,2
2024-02-06 00:00:00,BIN_010,PECHS,Organic,24.872,67.061,30.24,29.2,86.0,0,0,0,0,1,2,28.23,2.009999999999998,2
2024-02-06 04:00:00,BIN_010,PECHS,Organic,24.872,67.061,32.92,31.8,63.5,0,0,0,4,1,2,30.24,2.6800000000000033,2
2024-02-06 08:00:00,BIN_010,PECHS,Organic,24.872,67.061,35.63,35.6,72.2,0,0,0,8,1,2,32.92,2.710000000000001,2
2024-02-06 12:00:00,BIN_010,PECHS,Organic,24.872,67.061,34.8,38.0,66.1,0,0,0,12,1,2,35.63,-0.8300000000000054,2
2024-02-06 16:00:00,BIN_010,PECHS,Organic,24.872,67.061,35.65,39.0,78.2,0,0,0,16,1,2,34.8,0.8500000000000014,2
2024-02-06 20:00:00,BIN_010,PECHS,Organic,24.872,67.061,38.15,37.6,71.9,0,0,0,20,1,2,35.65,2.5,2
2024-02-07 00:00:00,BIN_010,PECHS,Organic,24.872,67.061,39.0,39.9,56.9,0,0,0,0,2,2,38.15,0.8500000000000014,2
2024-02-07 04:00:00,BIN_010,PECHS,Organic,24.872,67.061,41.08,30.1,75.2,0,0,0,4,2,2,39.0,2.0799999999999983,2
2024-02-07 08:00:00,BIN_010,PECHS,Organic,24.872,67.061,42.38,40.9,89.1,0,0,0,8,2,2,41.08,1.3000000000000043,2
2024-02-07 12:00:00,BIN_010,PECHS,Organic,24.872,67.061,44.36,36.5,71.8,0,0,0,12,2,2,42.38,1.9799999999999969,2
2024-02-07 16:00:00,BIN_010,PECHS,Organic,24.872,67.061,44.83,34.9,87.1,0,0,0,16,2,2,44.36,0.46999999999999886,2
2024-02-07 20:00:00,BIN_010,PECHS,Organic,24.872,67.061,48.33,41.4,87.4,0,0,0,20,2,2,44.83,3.5,2
2024-02-08 00:00:00,BIN_010,PECHS,Organic,24.872,67.061,48.77,32.2,70.4,0,0,0,0,3,2,48.33,0.44000000000000483,2
2024-02-08 04:00:00,BIN_010,PECHS,Organic,24.872,67.061,49.35,32.4,68.1,0,0,0,4,3,2,48.77,0.5799999999999983,2
2024-02-08 08:00:00,BIN_010,PECHS,Organic,24.872,67.061,53.1,38.3,83.5,0,0,0,8,3,2,49.35,3.75,2
2024-02-08 12:00:00,BIN_010,PECHS,Organic,24.872,67.061,55.76,28.5,56.7,0,0,0,12,3,2,53.1,2.6599999999999966,2
2024-02-08 16:00:00,BIN_010,PECHS,Organic,24.872,67.061,57.74,36.1,56.8,0,0,0,16,3,2,55.76,1.980000000000004,2
2024-02-08 20:00:00,BIN_010,PECHS,Organic,24.872,67.061,61.66,31.6,77.3,0,0,0,20,3,2,57.74,3.9199999999999946,2
2024-02-09 00:00:00,BIN_010,PECHS,Organic,24.872,67.061,68.04,39.7,73.8,0,0,0,0,4,2,61.66,6.38000000000001,2
2024-02-09 04:00:00,BIN_010,PECHS,Organic,24.872,67.061,69.82,35.2,86.7,0,0,0,4,4,2,68.04,1.779999999999987,2
2024-02-09 08:00:00,BIN_010,PECHS,Organic,24.872,67.061,71.74,39.8,58.9,0,0,0,8,4,2,69.82,1.9200000000000017,2
2024-02-09 12:00:00,BIN_010,PECHS,Organic,24.872,67.061,71.22,39.1,61.4,0,0,0,12,4,2,71.74,-0.519999999999996,2
2024-02-09 16:00:00,BIN_010,PECHS,Organic,24.872,67.061,73.62,30.7,71.6,0,0,0,16,4,2,71.22,2.4000000000000057,2
2024-02-09 20:00:00,BIN_010,PECHS,Organic,24.872,67.061,77.18,37.5,77.2,0,1,0,20,4,2,73.62,3.5600000000000023,2
2024-02-10 00:00:00,BIN_010,PECHS,Organic,24.872,67.061,80.78,35.3,72.7,1,1,0,0,5,2,77.18,3.5999999999999943,2
2024-02-10 04:00:00,BIN_010,PECHS,Organic,24.872,67.061,82.78,28.9,87.3,1,1,0,4,5,2,80.78,2.0,2
2024-02-10 08:00:00,BIN_010,PECHS,Organic,24.872,67.061,85.21,39.2,62.5,1,1,1,8,5,2,82.78,2.4299999999999926,2
2024-02-10 12:00:00,BIN_010,PECHS,Organic,24.872,67.061,5.56,31.4,81.6,1,0,0,12,5,2,85.21,-79.64999999999999,2
2024-02-10 16:00:00,BIN_010,PECHS,Organic,24.872,67.061,9.49,40.5,77.7,1,0,0,16,5,2,5.56,3.9300000000000006,2
2024-02-10 20:00:00,BIN_010,PECHS,Organic,24.872,67.061,12.04,38.2,74.2,1,0,0,20,5,2,9.49,2.549999999999999,2
2024-02-11 00:00:00,BIN_010,PECHS,Organic,24.872,67.061,16.64,40.7,69.6,1,0,0,0,6,2,12.04,4.600000000000001,2
2024-02-11 04:00:00,BIN_010,PECHS,Organic,24.872,67.061,17.06,32.4,68.6,1,0,0,4,6,2,16.64,0.41999999999999815,2
2024-02-11 08:00:00,BIN_010,PECHS,Organic,24.872,67.061,18.17,35.0,72.3,1,0,0,8,6,2,17.06,1.110000000000003,2
2024-02-11 12:00:00,BIN_010,PECHS,Organic,24.872,67.061,20.25,36.2,67.7,1,0,0,12,6,2,18.17,2.0799999999999983,2
2024-02-11 16:00:00,BIN_010,PECHS,Organic,24.872,67.061,23.9,41.4,75.4,1,0,0,16,6,2,20.25,3.6499999999999986,2
2024-02-11 20:00:00,BIN_010,PECHS,Organic,24.872,67.061,26.57,28.6,88.9,1,0,0,20,6,2,23.9,2.6700000000000017,2
2024-02-12 00:00:00,BIN_010,PECHS,Organic,24.872,67.061,26.8,30.1,60.0,0,0,0,0,0,2,26.57,0.23000000000000043,2
2024-02-12 04:00:00,BIN_010,PECHS,Organic,24.872,67.061,30.42,30.3,56.6,0,0,0,4,0,2,26.8,3.620000000000001,2
2024-02-12 08:00:00,BIN_010,PECHS,Organic,24.872,67.061,32.29,37.8,84.0,0,0,0,8,0,2,30.42,1.8699999999999974,2
2024-02-12 12:00:00,BIN_010,PECHS,Organic,24.872,67.061,35.4,39.1,85.9,0,0,0,12,0,2,32.29,3.1099999999999994,2
2024-02-12 16:00:00,BIN_010,PECHS,Organic,24.872,67.061,37.03,41.3,80.3,0,0,0,16,0,2,35.4,1.6300000000000026,2
2024-02-12 20:00:00,BIN_010,PECHS,Organic,24.872,67.061,39.49,29.0,78.9,0,0,0,20,0,2,37.03,2.460000000000001,2
2024-02-13 00:00:00,BIN_010,PECHS,Organic,24.872,67.061,42.14,33.2,75.5,0,0,0,0,1,2,39.49,2.6499999999999986,2
2024-02-13 04:00:00,BIN_010,PECHS,Organic,24.872,67.061,44.29,28.2,66.6,0,0,0,4,1,2,42.14,2.1499999999999986,2
2024-02-13 08:00:00,BIN_010,PECHS,Organic,24.872,67.061,46.08,39.4,62.2,0,0,0,8,1,2,44.29,1.7899999999999991,2
2024-02-13 12:00:00,BIN_010,PECHS,Organic,24.872,67.061,46.72,35.4,62.1,0,0,0,12,1,2,46.08,0.6400000000000006,2
2024-02-13 16:00:00,BIN_010,PECHS,Organic,24.872,67.061,48.5,29.1,75.6,0,0,0,16,1,2,46.72,1.7800000000000011,2
2024-02-13 20:00:00,BIN_010,PECHS,Organic,24.872,67.061,48.65,28.4,58.7,0,0,0,20,1,2,48.5,0.14999999999999858,2
2024-02-14 00:00:00,BIN_010,PECHS,Organic,24.872,67.061,53.68,28.4,75.1,0,0,0,0,2,2,48.65,5.030000000000001,2
2024-02-14 04:00:00,BIN_010,PECHS,Organic,24.872,67.061,57.22,39.7,80.3,0,0,0,4,2,2,53.68,3.539999999999999,2
2024-02-14 08:00:00,BIN_010,PECHS,Organic,24.872,67.061,59.33,37.4,56.3,0,0,0,8,2,2,57.22,2.1099999999999994,2
2024-02-14 12:00:00,BIN_010,PECHS,Organic,24.872,67.061,59.54,40.0,86.7,0,0,0,12,2,2,59.33,0.21000000000000085,2
2024-02-14 16:00:00,BIN_010,PECHS,Organic,24.872,67.061,61.71,38.4,77.2,0,0,0,16,2,2,59.54,2.1700000000000017,2
2024-02-14 20:00:00,BIN_010,PECHS,Organic,24.872,67.061,63.91,37.5,83.2,0,0,0,20,2,2,61.71,2.1999999999999957,2
2024-02-15 00:00:00,BIN_010,PECHS,Organic,24.872,67.061,63.76,33.3,86.4,0,0,0,0,3,2,63.91,-0.14999999999999858,2
2024-02-15 04:00:00,BIN_010,PECHS,Organic,24.872,67.061,67.27,28.2,79.5,0,0,0,4,3,2,63.76,3.509999999999998,2
2024-02-15 08:00:00,BIN_010,PECHS,Organic,24.872,67.061,69.04,41.9,79.1,0,0,0,8,3,2,67.27,1.7700000000000102,2
2024-02-15 12:00:00,BIN_010,PECHS,Organic,24.872,67.061,70.87,28.5,83.9,0,0,0,12,3,2,69.04,1.8299999999999983,2
2024-02-15 16:00:00,BIN_010,PECHS,Organic,24.872,67.061,71.95,32.4,64.4,0,0,0,16,3,2,70.87,1.0799999999999983,2
2024-02-15 20:00:00,BIN_010,PECHS,Organic,24.872,67.061,71.06,34.0,68.3,0,0,0,20,3,2,71.95,-0.8900000000000006,2
2024-02-16 00:00:00,BIN_010,PECHS,Organic,24.872,67.061,74.5,32.2,62.5,0,0,0,0,4,2,71.06,3.4399999999999977,2
2024-02-16 04:00:00,BIN_010,PECHS,Organic,24.872,67.061,76.96,37.3,78.5,0,1,0,4,4,2,74.5,2.4599999999999937,2
2024-02-16 08:00:00,BIN_010,PECHS,Organic,24.872,67.061,78.8,36.7,58.2,0,1,0,8,4,2,76.96,1.8400000000000034,2
2024-02-16 12:00:00,BIN_010,PECHS,Organic,24.872,67.061,82.29,34.1,63.0,0,1,0,12,4,2,78.8,3.490000000000009,2
2024-02-16 16:00:00,BIN_010,PECHS,Organic,24.872,67.061,84.07,39.4,81.0,0,1,0,16,4,2,82.29,1.779999999999987,2
2024-02-16 20:00:00,BIN_010,PECHS,Organic,24.872,67.061,83.27,36.3,73.9,0,1,0,20,4,2,84.07,-0.7999999999999972,2
2024-02-17 00:00:00,BIN_010,PECHS,Organic,24.872,67.061,86.15,35.8,63.9,1,1,1,0,5,2,83.27,2.8800000000000097,2
2024-02-17 04:00:00,BIN_010,PECHS,Organic,24.872,67.061,4.46,36.6,73.3,1,0,0,4,5,2,86.15,-81.69000000000001,2
2024-02-17 08:00:00,BIN_010,PECHS,Organic,24.872,67.061,8.21,29.0,67.7,1,0,0,8,5,2,4.46,3.750000000000001,2
2024-02-17 12:00:00,BIN_010,PECHS,Organic,24.872,67.061,12.36,41.1,85.2,1,0,0,12,5,2,8.21,4.149999999999999,2
2024-02-17 16:00:00,BIN_010,PECHS,Organic,24.872,67.061,13.44,34.3,67.5,1,0,0,16,5,2,12.36,1.08,2
2024-02-17 20:00:00,BIN_010,PECHS,Organic,24.872,67.061,14.96,37.6,88.8,1,0,0,20,5,2,13.44,1.5200000000000014,2
2024-02-18 00:00:00,BIN_010,PECHS,Organic,24.872,67.061,16.37,40.6,56.3,1,0,0,0,6,2,14.96,1.4100000000000001,2
2024-02-18 04:00:00,BIN_010,PECHS,Organic,24.872,67.061,18.36,41.3,78.3,1,0,0,4,6,2,16.37,1.9899999999999984,2
2024-02-18 08:00:00,BIN_010,PECHS,Organic,24.872,67.061,20.59,34.3,66.6,1,0,0,8,6,2,18.36,2.2300000000000004,2
2024-02-18 12:00:00,BIN_010,PECHS,Organic,24.872,67.061,21.97,41.4,83.8,1,0,0,12,6,2,20.59,1.379999999999999,2
2024-02-18 16:00:00,BIN_010,PECHS,Organic,24.872,67.061,22.76,38.3,80.4,1,0,0,16,6,2,21.97,0.7900000000000027,2
2024-02-18 20:00:00,BIN_010,PECHS,Organic,24.872,67.061,25.71,34.0,87.4,1,0,0,20,6,2,22.76,2.9499999999999993,2
2024-02-19 00:00:00,BIN_010,PECHS,Organic,24.872,67.061,26.66,28.9,82.8,0,0,0,0,0,2,25.71,0.9499999999999993,2
2024-02-19 04:00:00,BIN_010,PECHS,Organic,24.872,67.061,27.27,36.7,66.0,0,0,0,4,0,2,26.66,0.6099999999999994,2
2024-02-19 08:00:00,BIN_010,PECHS,Organic,24.872,67.061,28.74,31.5,64.1,0,0,0,8,0,2,27.27,1.4699999999999989,2
2024-02-19 12:00:00,BIN_010,PECHS,Organic,24.872,67.061,28.61,40.3,73.0,0,0,0,12,0,2,28.74,-0.129999999999999,2
2024-02-19 16:00:00,BIN_010,PECHS,Organic,24.872,67.061,29.82,30.6,59.2,0,0,0,16,0,2,28.61,1.2100000000000009,2
2024-02-19 20:00:00,BIN_010,PECHS,Organic,24.872,67.061,28.17,40.2,87.9,0,0,0,20,0,2,29.82,-1.6499999999999986,2
2024-02-20 00:00:00,BIN_010,PECHS,Organic,24.872,67.061,29.56,41.4,57.9,0,0,0,0,1,2,28.17,1.389999999999997,2
2024-02-20 04:00:00,BIN_010,PECHS,Organic,24.872,67.061,30.36,37.0,89.0,0,0,0,4,1,2,29.56,0.8000000000000007,2
2024-02-20 08:00:00,BIN_010,PECHS,Organic,24.872,67.061,32.05,30.3,62.1,0,0,0,8,1,2,30.36,1.6899999999999977,2
2024-02-20 12:00:00,BIN_010,PECHS,Organic,24.872,67.061,34.4,40.5,86.9,0,0,0,12,1,2,32.05,2.3500000000000014,2
2024-02-20 16:00:00,BIN_010,PECHS,Organic,24.872,67.061,38.2,38.4,78.2,0,0,0,16,1,2,34.4,3.8000000000000043,2
2024-02-20 20:00:00,BIN_010,PECHS,Organic,24.872,67.061,40.77,39.6,79.0,0,0,0,20,1,2,38.2,2.5700000000000003,2
2024-02-21 00:00:00,BIN_010,PECHS,Organic,24.872,67.061,40.14,38.4,71.6,0,0,0,0,2,2,40.77,-0.6300000000000026,2
2024-02-21 04:00:00,BIN_010,PECHS,Organic,24.872,67.061,42.18,32.1,83.1,0,0,0,4,2,2,40.14,2.039999999999999,2
2024-02-21 08:00:00,BIN_010,PECHS,Organic,24.872,67.061,44.47,30.3,77.7,0,0,0,8,2,2,42.18,2.289999999999999,2
2024-02-21 12:00:00,BIN_010,PECHS,Organic,24.872,67.061,46.45,31.4,86.6,0,0,0,12,2,2,44.47,1.980000000000004,2
2024-02-21 16:00:00,BIN_010,PECHS,Organic,24.872,67.061,48.61,39.1,67.4,0,0,0,16,2,2,46.45,2.1599999999999966,2
2024-02-21 20:00:00,BIN_010,PECHS,Organic,24.872,67.061,49.25,41.4,84.8,0,0,0,20,2,2,48.61,0.6400000000000006,2
2024-02-22 00:00:00,BIN_010,PECHS,Organic,24.872,67.061,49.41,40.5,88.8,0,0,0,0,3,2,49.25,0.1599999999999966,2
2024-02-22 04:00:00,BIN_010,PECHS,Organic,24.872,67.061,49.67,29.0,71.5,0,0,0,4,3,2,49.41,0.2600000000000051,2
2024-02-22 08:00:00,BIN_010,PECHS,Organic,24.872,67.061,50.08,33.3,66.1,0,0,0,8,3,2,49.67,0.4099999999999966,2
2024-02-22 12:00:00,BIN_010,PECHS,Organic,24.872,67.061,51.97,35.5,78.1,0,0,0,12,3,2,50.08,1.8900000000000006,2
2024-02-22 16:00:00,BIN_010,PECHS,Organic,24.872,67.061,52.58,39.4,78.7,0,0,0,16,3,2,51.97,0.6099999999999994,2
2024-02-22 20:00:00,BIN_010,PECHS,Organic,24.872,67.061,54.94,40.4,70.7,0,0,0,20,3,2,52.58,2.3599999999999994,2
2024-02-23 00:00:00,BIN_010,PECHS,Organic,24.872,67.061,53.61,41.1,80.0,0,0,0,0,4,2,54.94,-1.3299999999999983,2
2024-02-23 04:00:00,BIN_010,PECHS,Organic,24.872,67.061,53.76,41.0,82.9,0,0,0,4,4,2,53.61,0.14999999999999858,2
2024-02-23 08:00:00,BIN_010,PECHS,Organic,24.872,67.061,54.12,32.1,88.9,0,0,0,8,4,2,53.76,0.35999999999999943,2
2024-02-23 12:00:00,BIN_010,PECHS,Organic,24.872,67.061,56.24,32.5,58.3,0,0,0,12,4,2,54.12,2.1200000000000045,2
2024-02-23 16:00:00,BIN_010,PECHS,Organic,24.872,67.061,59.51,32.0,65.4,0,0,0,16,4,2,56.24,3.269999999999996,2
2024-02-23 20:00:00,BIN_010,PECHS,Organic,24.872,67.061,62.61,34.6,55.8,0,0,0,20,4,2,59.51,3.1000000000000014,2
2024-02-24 00:00:00,BIN_010,PECHS,Organic,24.872,67.061,63.87,40.0,83.1,1,0,0,0,5,2,62.61,1.259999999999998,2
2024-02-24 04:00:00,BIN_010,PECHS,Organic,24.872,67.061,67.69,37.3,66.4,1,0,0,4,5,2,63.87,3.8200000000000003,2
2024-02-24 08:00:00,BIN_010,PECHS,Organic,24.872,67.061,65.71,32.7,84.7,1,0,0,8,5,2,67.69,-1.980000000000004,2
2024-02-24 12:00:00,BIN_010,PECHS,Organic,24.872,67.061,69.21,34.8,84.1,1,0,0,12,5,2,65.71,3.5,2
2024-02-24 16:00:00,BIN_010,PECHS,Organic,24.872,67.061,71.56,35.1,73.3,1,0,0,16,5,2,69.21,2.3500000000000085,2
2024-02-24 20:00:00,BIN_010,PECHS,Organic,24.872,67.061,74.32,31.0,80.2,1,0,0,20,5,2,71.56,2.759999999999991,2
2024-02-25 00:00:00,BIN_010,PECHS,Organic,24.872,67.061,76.78,36.0,87.0,1,1,0,0,6,2,74.32,2.460000000000008,2
2024-02-25 04:00:00,BIN_010,PECHS,Organic,24.872,67.061,77.82,35.4,59.8,1,1,0,4,6,2,76.78,1.039999999999992,2
2024-02-25 08:00:00,BIN_010,PECHS,Organic,24.872,67.061,78.79,30.9,56.1,1,1,0,8,6,2,77.82,0.9700000000000131,2
2024-02-25 12:00:00,BIN_010,PECHS,Organic,24.872,67.061,81.27,35.2,58.0,1,1,0,12,6,2,78.79,2.4799999999999898,2
2024-02-25 16:00:00,BIN_010,PECHS,Organic,24.872,67.061,84.65,38.1,57.7,1,1,0,16,6,2,81.27,3.3800000000000097,2
2024-02-25 20:00:00,BIN_010,PECHS,Organic,24.872,67.061,86.82,31.1,78.6,1,1,1,20,6,2,84.65,2.1699999999999875,2
2024-02-26 00:00:00,BIN_010,PECHS,Organic,24.872,67.061,13.13,41.4,81.2,0,0,0,0,0,2,86.82,-73.69,2
2024-02-26 04:00:00,BIN_010,PECHS,Organic,24.872,67.061,18.15,39.9,67.4,0,0,0,4,0,2,13.13,5.019999999999998,2
2024-02-26 08:00:00,BIN_010,PECHS,Organic,24.872,67.061,23.06,32.5,75.0,0,0,0,8,0,2,18.15,4.91,2
2024-02-26 12:00:00,BIN_010,PECHS,Organic,24.872,67.061,26.28,31.3,60.0,0,0,0,12,0,2,23.06,3.2200000000000024,2
2024-02-26 16:00:00,BIN_010,PECHS,Organic,24.872,67.061,30.09,40.8,71.0,0,0,0,16,0,2,26.28,3.8099999999999987,2
2024-02-26 20:00:00,BIN_010,PECHS,Organic,24.872,67.061,30.73,37.0,58.6,0,0,0,20,0,2,30.09,0.6400000000000006,2
2024-02-27 00:00:00,BIN_010,PECHS,Organic,24.872,67.061,32.69,38.9,82.8,0,0,0,0,1,2,30.73,1.9599999999999973,2
2024-02-27 04:00:00,BIN_010,PECHS,Organic,24.872,67.061,35.73,31.6,73.5,0,0,0,4,1,2,32.69,3.039999999999999,2
2024-02-27 08:00:00,BIN_010,PECHS,Organic,24.872,67.061,37.67,32.2,85.2,0,0,0,8,1,2,35.73,1.9400000000000048,2
2024-02-27 12:00:00,BIN_010,PECHS,Organic,24.872,67.061,39.49,41.1,81.1,0,0,0,12,1,2,37.67,1.8200000000000003,2
2024-02-27 16:00:00,BIN_010,PECHS,Organic,24.872,67.061,40.15,28.5,84.1,0,0,0,16,1,2,39.49,0.6599999999999966,2
2024-02-27 20:00:00,BIN_010,PECHS,Organic,24.872,67.061,40.15,39.9,77.1,0,0,0,20,1,2,40.15,0.0,2
2024-02-28 00:00:00,BIN_010,PECHS,Organic,24.872,67.061,40.95,38.5,80.4,0,0,0,0,2,2,40.15,0.8000000000000043,2
2024-02-28 04:00:00,BIN_010,PECHS,Organic,24.872,67.061,42.35,40.8,80.6,0,0,0,4,2,2,40.95,1.3999999999999986,2
2024-02-28 08:00:00,BIN_010,PECHS,Organic,24.872,67.061,44.88,36.8,69.9,0,0,0,8,2,2,42.35,2.530000000000001,2
2024-02-28 12:00:00,BIN_010,PECHS,Organic,24.872,67.061,47.68,40.6,77.8,0,0,0,12,2,2,44.88,2.799999999999997,2
2024-02-28 16:00:00,BIN_010,PECHS,Organic,24.872,67.061,48.27,32.1,74.0,0,0,0,16,2,2,47.68,0.5900000000000034,2
2024-02-28 20:00:00,BIN_010,PECHS,Organic,24.872,67.061,49.73,31.9,62.7,0,0,0,20,2,2,48.27,1.4599999999999937,2
2024-02-29 00:00:00,BIN_010,PECHS,Organic,24.872,67.061,49.54,39.2,72.0,0,0,0,0,3,2,49.73,-0.18999999999999773,2
2024-02-29 04:00:00,BIN_010,PECHS,Organic,24.872,67.061,51.43,36.0,60.2,0,0,0,4,3,2,49.54,1.8900000000000006,2
2024-02-29 08:00:00,BIN_010,PECHS,Organic,24.872,67.061,51.84,39.3,82.0,0,0,0,8,3,2,51.43,0.4100000000000037,2
2024-02-29 12:00:00,BIN_010,PECHS,Organic,24.872,67.061,51.0,31.1,76.6,0,0,0,12,3,2,51.84,-0.8400000000000034,2
2024-02-29 16:00:00,BIN_010,PECHS,Organic,24.872,67.061,52.86,37.8,83.1,0,0,0,16,3,2,51.0,1.8599999999999994,2
2024-02-29 20:00:00,BIN_010,PECHS,Organic,24.872,67.061,55.48,38.1,79.5,0,0,0,20,3,2,52.86,2.6199999999999974,2
2024-03-01 00:00:00,BIN_010,PECHS,Organic,24.872,67.061,57.37,36.9,84.7,0,0,0,0,4,3,55.48,1.8900000000000006,2
2024-03-01 04:00:00,BIN_010,PECHS,Organic,24.872,67.061,59.85,37.4,80.7,0,0,0,4,4,3,57.37,2.480000000000004,2
2024-03-01 08:00:00,BIN_010,PECHS,Organic,24.872,67.061,60.64,30.1,72.7,0,0,0,8,4,3,59.85,0.7899999999999991,2
2024-03-01 12:00:00,BIN_010,PECHS,Organic,24.872,67.061,60.41,34.4,89.9,0,0,0,12,4,3,60.64,-0.23000000000000398,2
2024-03-01 16:00:00,BIN_010,PECHS,Organic,24.872,67.061,64.09,32.7,84.1,0,0,0,16,4,3,60.41,3.680000000000007,2
2024-03-01 20:00:00,BIN_010,PECHS,Organic,24.872,67.061,66.58,36.6,79.4,0,0,0,20,4,3,64.09,2.489999999999995,2
2024-03-02 00:00:00,BIN_010,PECHS,Organic,24.872,67.061,69.48,36.9,75.6,1,0,0,0,5,3,66.58,2.9000000000000057,2
2024-03-02 04:00:00,BIN_010,PECHS,Organic,24.872,67.061,69.02,40.8,86.4,1,0,0,4,5,3,69.48,-0.46000000000000796,2
2024-03-02 08:00:00,BIN_010,PECHS,Organic,24.872,67.061,71.29,41.6,84.1,1,0,0,8,5,3,69.02,2.2700000000000102,2
2024-03-02 12:00:00,BIN_010,PECHS,Organic,24.872,67.061,73.58,31.8,70.0,1,0,0,12,5,3,71.29,2.289999999999992,2
2024-03-02 16:00:00,BIN_010,PECHS,Organic,24.872,67.061,74.99,32.4,81.7,1,0,0,16,5,3,73.58,1.4099999999999966,2
2024-03-02 20:00:00,BIN_010,PECHS,Organic,24.872,67.061,79.73,39.7,89.1,1,1,0,20,5,3,74.99,4.740000000000009,2
2024-03-03 00:00:00,BIN_010,PECHS,Organic,24.872,67.061,81.12,32.3,62.8,1,1,0,0,6,3,79.73,1.3900000000000006,2
2024-03-03 04:00:00,BIN_010,PECHS,Organic,24.872,67.061,86.57,31.0,69.3,1,1,1,4,6,3,81.12,5.449999999999989,2
2024-03-03 08:00:00,BIN_010,PECHS,Organic,24.872,67.061,13.07,32.9,71.0,1,0,0,8,6,3,86.57,-73.5,2
2024-03-03 12:00:00,BIN_010,PECHS,Organic,24.872,67.061,14.03,30.1,69.2,1,0,0,12,6,3,13.07,0.9599999999999991,2
2024-03-03 16:00:00,BIN_010,PECHS,Organic,24.872,67.061,16.4,29.4,82.7,1,0,0,16,6,3,14.03,2.369999999999999,2
2024-03-03 20:00:00,BIN_010,PECHS,Organic,24.872,67.061,17.22,35.9,80.3,1,0,0,20,6,3,16.4,0.8200000000000003,2
2024-03-04 00:00:00,BIN_010,PECHS,Organic,24.872,67.061,16.2,29.4,73.3,0,0,0,0,0,3,17.22,-1.0199999999999996,2
2024-03-04 04:00:00,BIN_010,PECHS,Organic,24.872,67.061,16.03,35.2,71.4,0,0,0,4,0,3,16.2,-0.16999999999999815,2
2024-03-04 08:00:00,BIN_010,PECHS,Organic,24.872,67.061,18.84,38.5,60.0,0,0,0,8,0,3,16.03,2.8099999999999987,2
2024-03-04 12:00:00,BIN_010,PECHS,Organic,24.872,67.061,21.36,36.7,57.8,0,0,0,12,0,3,18.84,2.5199999999999996,2
2024-03-04 16:00:00,BIN_010,PECHS,Organic,24.872,67.061,21.71,29.9,85.2,0,0,0,16,0,3,21.36,0.3500000000000014,2
2024-03-04 20:00:00,BIN_010,PECHS,Organic,24.872,67.061,25.72,36.6,67.4,0,0,0,20,0,3,21.71,4.009999999999998,2
2024-03-05 00:00:00,BIN_010,PECHS,Organic,24.872,67.061,27.51,40.9,75.9,0,0,0,0,1,3,25.72,1.7900000000000027,2
2024-03-05 04:00:00,BIN_010,PECHS,Organic,24.872,67.061,28.5,41.6,59.8,0,0,0,4,1,3,27.51,0.9899999999999984,2
2024-03-05 08:00:00,BIN_010,PECHS,Organic,24.872,67.061,32.29,35.4,58.2,0,0,0,8,1,3,28.5,3.789999999999999,2
2024-03-05 12:00:00,BIN_010,PECHS,Organic,24.872,67.061,34.49,36.2,76.4,0,0,0,12,1,3,32.29,2.200000000000003,2
2024-03-05 16:00:00,BIN_010,PECHS,Organic,24.872,67.061,37.58,38.8,78.2,0,0,0,16,1,3,34.49,3.0899999999999963,2
2024-03-05 20:00:00,BIN_010,PECHS,Organic,24.872,67.061,40.51,31.0,69.1,0,0,0,20,1,3,37.58,2.9299999999999997,2
2024-03-06 00:00:00,BIN_010,PECHS,Organic,24.872,67.061,42.34,32.4,62.9,0,0,0,0,2,3,40.51,1.8300000000000054,2
2024-03-06 04:00:00,BIN_010,PECHS,Organic,24.872,67.061,42.85,35.1,76.2,0,0,0,4,2,3,42.34,0.509999999999998,2
2024-03-06 08:00:00,BIN_010,PECHS,Organic,24.872,67.061,45.12,34.0,66.7,0,0,0,8,2,3,42.85,2.269999999999996,2
2024-03-06 12:00:00,BIN_010,PECHS,Organic,24.872,67.061,45.02,35.9,82.4,0,0,0,12,2,3,45.12,-0.09999999999999432,2
2024-03-06 16:00:00,BIN_010,PECHS,Organic,24.872,67.061,47.65,38.6,68.6,0,0,0,16,2,3,45.02,2.6299999999999955,2
2024-03-06 20:00:00,BIN_010,PECHS,Organic,24.872,67.061,50.49,38.5,68.5,0,0,0,20,2,3,47.65,2.8400000000000034,2
2024-03-07 00:00:00,BIN_010,PECHS,Organic,24.872,67.061,52.89,32.5,69.8,0,0,0,0,3,3,50.49,2.3999999999999986,2
2024-03-07 04:00:00,BIN_010,PECHS,Organic,24.872,67.061,51.94,34.9,85.0,0,0,0,4,3,3,52.89,-0.9500000000000028,2
2024-03-07 08:00:00,BIN_010,PECHS,Organic,24.872,67.061,50.33,31.5,69.3,0,0,0,8,3,3,51.94,-1.6099999999999994,2
2024-03-07 12:00:00,BIN_010,PECHS,Organic,24.872,67.061,52.62,35.2,81.1,0,0,0,12,3,3,50.33,2.289999999999999,2
2024-03-07 16:00:00,BIN_010,PECHS,Organic,24.872,67.061,53.91,33.3,67.6,0,0,0,16,3,3,52.62,1.2899999999999991,2
2024-03-07 20:00:00,BIN_010,PECHS,Organic,24.872,67.061,55.05,33.5,82.8,0,0,0,20,3,3,53.91,1.1400000000000006,2
2024-03-08 00:00:00,BIN_010,PECHS,Organic,24.872,67.061,56.81,36.7,63.1,0,0,0,0,4,3,55.05,1.7600000000000051,2
2024-03-08 04:00:00,BIN_010,PECHS,Organic,24.872,67.061,55.48,38.1,74.1,0,0,0,4,4,3,56.81,-1.3300000000000054,2
2024-03-08 08:00:00,BIN_010,PECHS,Organic,24.872,67.061,59.22,31.4,85.9,0,0,0,8,4,3,55.48,3.740000000000002,2
2024-03-08 12:00:00,BIN_010,PECHS,Organic,24.872,67.061,60.61,35.9,76.3,0,0,0,12,4,3,59.22,1.3900000000000006,2
2024-03-08 16:00:00,BIN_010,PECHS,Organic,24.872,67.061,62.6,36.4,81.4,0,0,0,16,4,3,60.61,1.990000000000002,2
2024-03-08 20:00:00,BIN_010,PECHS,Organic,24.872,67.061,64.63,34.1,74.2,0,0,0,20,4,3,62.6,2.029999999999994,2
2024-03-09 00:00:00,BIN_010,PECHS,Organic,24.872,67.061,67.57,28.0,64.9,1,0,0,0,5,3,64.63,2.9399999999999977,2
2024-03-09 04:00:00,BIN_010,PECHS,Organic,24.872,67.061,69.05,36.2,75.8,1,0,0,4,5,3,67.57,1.480000000000004,2
2024-03-09 08:00:00,BIN_010,PECHS,Organic,24.872,67.061,71.35,35.1,80.4,1,0,0,8,5,3,69.05,2.299999999999997,2
2024-03-09 12:00:00,BIN_010,PECHS,Organic,24.872,67.061,75.91,35.0,76.3,1,1,0,12,5,3,71.35,4.560000000000002,2
2024-03-09 16:00:00,BIN_010,PECHS,Organic,24.872,67.061,77.84,33.4,55.1,1,1,0,16,5,3,75.91,1.9300000000000068,2
2024-03-09 20:00:00,BIN_010,PECHS,Organic,24.872,67.061,81.39,36.6,56.0,1,1,0,20,5,3,77.84,3.549999999999997,2
2024-03-10 00:00:00,BIN_010,PECHS,Organic,24.872,67.061,85.75,35.7,64.4,1,1,1,0,6,3,81.39,4.359999999999999,2
2024-03-10 04:00:00,BIN_010,PECHS,Organic,24.872,67.061,10.14,31.8,80.7,1,0,0,4,6,3,85.75,-75.61,2
2024-03-10 08:00:00,BIN_010,PECHS,Organic,24.872,67.061,10.68,40.7,62.0,1,0,0,8,6,3,10.14,0.5399999999999991,2
2024-03-10 12:00:00,BIN_010,PECHS,Organic,24.872,67.061,13.5,41.9,55.3,1,0,0,12,6,3,10.68,2.8200000000000003,2
2024-03-10 16:00:00,BIN_010,PECHS,Organic,24.872,67.061,14.53,28.2,80.6,1,0,0,16,6,3,13.5,1.0299999999999994,2
2024-03-10 20:00:00,BIN_010,PECHS,Organic,24.872,67.061,15.82,37.7,82.7,1,0,0,20,6,3,14.53,1.290000000000001,2
2024-03-11 00:00:00,BIN_010,PECHS,Organic,24.872,67.061,17.0,37.2,70.4,0,0,0,0,0,3,15.82,1.1799999999999997,2
2024-03-11 04:00:00,BIN_010,PECHS,Organic,24.872,67.061,16.29,37.8,77.2,0,0,0,4,0,3,17.0,-0.7100000000000009,2
2024-03-11 08:00:00,BIN_010,PECHS,Organic,24.872,67.061,18.41,38.1,78.0,0,0,0,8,0,3,16.29,2.120000000000001,2
2024-03-11 12:00:00,BIN_010,PECHS,Organic,24.872,67.061,19.61,30.2,64.4,0,0,0,12,0,3,18.41,1.1999999999999993,2
2024-03-11 16:00:00,BIN_010,PECHS,Organic,24.872,67.061,19.06,31.2,83.2,0,0,0,16,0,3,19.61,-0.5500000000000007,2
2024-03-11 20:00:00,BIN_010,PECHS,Organic,24.872,67.061,19.69,36.9,74.8,0,0,0,20,0,3,19.06,0.6300000000000026,2
2024-03-12 00:00:00,BIN_010,PECHS,Organic,24.872,67.061,21.46,30.7,82.8,0,0,0,0,1,3,19.69,1.7699999999999996,2
2024-03-12 04:00:00,BIN_010,PECHS,Organic,24.872,67.061,23.16,41.5,80.4,0,0,0,4,1,3,21.46,1.6999999999999993,2
2024-03-12 08:00:00,BIN_010,PECHS,Organic,24.872,67.061,23.93,32.5,55.2,0,0,0,8,1,3,23.16,0.7699999999999996,2
2024-03-12 12:00:00,BIN_010,PECHS,Organic,24.872,67.061,24.73,37.5,64.4,0,0,0,12,1,3,23.93,0.8000000000000007,2
2024-03-12 16:00:00,BIN_010,PECHS,Organic,24.872,67.061,25.72,34.7,88.8,0,0,0,16,1,3,24.73,0.9899999999999984,2
2024-03-12 20:00:00,BIN_010,PECHS,Organic,24.872,67.061,29.12,31.4,80.2,0,0,0,20,1,3,25.72,3.400000000000002,2
2024-03-13 00:00:00,BIN_010,PECHS,Organic,24.872,67.061,29.68,35.0,67.3,0,0,0,0,2,3,29.12,0.5599999999999987,2
2024-03-13 04:00:00,BIN_010,PECHS,Organic,24.872,67.061,32.48,38.8,76.8,0,0,0,4,2,3,29.68,2.799999999999997,2
2024-03-13 08:00:00,BIN_010,PECHS,Organic,24.872,67.061,36.49,31.3,81.4,0,0,0,8,2,3,32.48,4.010000000000005,2
2024-03-13 12:00:00,BIN_010,PECHS,Organic,24.872,67.061,38.02,40.1,85.8,0,0,0,12,2,3,36.49,1.5300000000000011,2
2024-03-13 16:00:00,BIN_010,PECHS,Organic,24.872,67.061,39.09,41.7,68.3,0,0,0,16,2,3,38.02,1.0700000000000003,2
2024-03-13 20:00:00,BIN_010,PECHS,Organic,24.872,67.061,42.87,36.9,60.6,0,0,0,20,2,3,39.09,3.779999999999994,2
2024-03-14 00:00:00,BIN_010,PECHS,Organic,24.872,67.061,45.74,37.4,65.2,0,0,0,0,3,3,42.87,2.8700000000000045,2
2024-03-14 04:00:00,BIN_010,PECHS,Organic,24.872,67.061,48.55,34.9,58.9,0,0,0,4,3,3,45.74,2.809999999999995,2
2024-03-14 08:00:00,BIN_010,PECHS,Organic,24.872,67.061,47.86,32.9,60.7,0,0,0,8,3,3,48.55,-0.6899999999999977,2
2024-03-14 12:00:00,BIN_010,PECHS,Organic,24.872,67.061,49.32,31.2,57.7,0,0,0,12,3,3,47.86,1.4600000000000009,2
2024-03-14 16:00:00,BIN_010,PECHS,Organic,24.872,67.061,51.14,33.6,73.7,0,0,0,16,3,3,49.32,1.8200000000000003,2
2024-03-14 20:00:00,BIN_010,PECHS,Organic,24.872,67.061,54.12,36.8,87.3,0,0,0,20,3,3,51.14,2.979999999999997,2
2024-03-15 00:00:00,BIN_010,PECHS,Organic,24.872,67.061,55.01,41.7,68.0,0,0,0,0,4,3,54.12,0.8900000000000006,2
2024-03-15 04:00:00,BIN_010,PECHS,Organic,24.872,67.061,55.42,28.3,60.2,0,0,0,4,4,3,55.01,0.4100000000000037,2
2024-03-15 08:00:00,BIN_010,PECHS,Organic,24.872,67.061,57.72,41.9,76.0,0,0,0,8,4,3,55.42,2.299999999999997,2
2024-03-15 12:00:00,BIN_010,PECHS,Organic,24.872,67.061,59.15,28.5,57.9,0,0,0,12,4,3,57.72,1.4299999999999997,2
2024-03-15 16:00:00,BIN_010,PECHS,Organic,24.872,67.061,57.1,36.5,70.4,0,0,0,16,4,3,59.15,-2.049999999999997,2
2024-03-15 20:00:00,BIN_010,PECHS,Organic,24.872,67.061,58.09,41.1,73.7,0,0,0,20,4,3,57.1,0.990000000000002,2
2024-03-16 00:00:00,BIN_010,PECHS,Organic,24.872,67.061,61.29,30.1,63.0,1,0,0,0,5,3,58.09,3.1999999999999957,2
2024-03-16 04:00:00,BIN_010,PECHS,Organic,24.872,67.061,64.01,29.5,59.9,1,0,0,4,5,3,61.29,2.720000000000006,2
2024-03-16 08:00:00,BIN_010,PECHS,Organic,24.872,67.061,63.23,33.9,89.4,1,0,0,8,5,3,64.01,-0.7800000000000082,2
2024-03-16 12:00:00,BIN_010,PECHS,Organic,24.872,67.061,65.69,30.2,73.9,1,0,0,12,5,3,63.23,2.460000000000001,2
2024-03-16 16:00:00,BIN_010,PECHS,Organic,24.872,67.061,67.51,35.4,88.1,1,0,0,16,5,3,65.69,1.8200000000000074,2
2024-03-16 20:00:00,BIN_010,PECHS,Organic,24.872,67.061,68.78,33.5,57.3,1,0,0,20,5,3,67.51,1.269999999999996,2
2024-03-17 00:00:00,BIN_010,PECHS,Organic,24.872,67.061,69.47,31.2,76.6,1,0,0,0,6,3,68.78,0.6899999999999977,2
2024-03-17 04:00:00,BIN_010,PECHS,Organic,24.872,67.061,71.23,28.9,71.3,1,0,0,4,6,3,69.47,1.7600000000000051,2
2024-03-17 08:00:00,BIN_010,PECHS,Organic,24.872,67.061,71.49,28.3,89.5,1,0,0,8,6,3,71.23,0.2599999999999909,2
2024-03-17 12:00:00,BIN_010,PECHS,Organic,24.872,67.061,76.54,33.1,82.3,1,1,0,12,6,3,71.49,5.050000000000011,2
2024-03-17 16:00:00,BIN_010,PECHS,Organic,24.872,67.061,78.35,33.4,67.0,1,1,0,16,6,3,76.54,1.809999999999988,2
2024-03-17 20:00:00,BIN_010,PECHS,Organic,24.872,67.061,77.57,28.3,67.6,1,1,0,20,6,3,78.35,-0.7800000000000011,2
2024-03-18 00:00:00,BIN_010,PECHS,Organic,24.872,67.061,79.8,30.0,75.7,0,1,0,0,0,3,77.57,2.230000000000004,2
2024-03-18 04:00:00,BIN_010,PECHS,Organic,24.872,67.061,82.55,40.5,79.5,0,1,0,4,0,3,79.8,2.75,2
2024-03-18 08:00:00,BIN_010,PECHS,Organic,24.872,67.061,83.64,35.4,84.8,0,1,0,8,0,3,82.55,1.0900000000000034,2
2024-03-18 12:00:00,BIN_010,PECHS,Organic,24.872,67.061,82.61,41.0,87.5,0,1,0,12,0,3,83.64,-1.0300000000000011,2
2024-03-18 16:00:00,BIN_010,PECHS,Organic,24.872,67.061,80.18,36.5,71.8,0,1,0,16,0,3,82.61,-2.4299999999999926,2
2024-03-18 20:00:00,BIN_010,PECHS,Organic,24.872,67.061,85.02,41.1,63.4,0,1,1,20,0,3,80.18,4.839999999999989,2
2024-03-19 00:00:00,BIN_010,PECHS,Organic,24.872,67.061,6.85,35.1,79.3,0,0,0,0,1,3,85.02,-78.17,2
2024-03-19 04:00:00,BIN_010,PECHS,Organic,24.872,67.061,10.02,30.4,84.8,0,0,0,4,1,3,6.85,3.17,2
2024-03-19 08:00:00,BIN_010,PECHS,Organic,24.872,67.061,11.32,29.1,74.1,0,0,0,8,1,3,10.02,1.3000000000000007,2
2024-03-19 12:00:00,BIN_010,PECHS,Organic,24.872,67.061,11.49,37.4,87.9,0,0,0,12,1,3,11.32,0.16999999999999993,2
2024-03-19 16:00:00,BIN_010,PECHS,Organic,24.872,67.061,13.65,41.1,71.7,0,0,0,16,1,3,11.49,2.16,2
2024-03-19 20:00:00,BIN_010,PECHS,Organic,24.872,67.061,17.9,35.9,75.9,0,0,0,20,1,3,13.65,4.249999999999998,2
2024-03-20 00:00:00,BIN_010,PECHS,Organic,24.872,67.061,21.36,30.6,74.4,0,0,0,0,2,3,17.9,3.460000000000001,2
2024-03-20 04:00:00,BIN_010,PECHS,Organic,24.872,67.061,22.63,38.1,86.6,0,0,0,4,2,3,21.36,1.2699999999999996,2
2024-03-20 08:00:00,BIN_010,PECHS,Organic,24.872,67.061,24.4,37.0,68.8,0,0,0,8,2,3,22.63,1.7699999999999996,2
2024-03-20 12:00:00,BIN_010,PECHS,Organic,24.872,67.061,27.67,34.6,86.7,0,0,0,12,2,3,24.4,3.270000000000003,2
2024-03-20 16:00:00,BIN_010,PECHS,Organic,24.872,67.061,29.18,35.3,82.3,0,0,0,16,2,3,27.67,1.509999999999998,2
2024-03-20 20:00:00,BIN_010,PECHS,Organic,24.872,67.061,31.63,35.9,89.8,0,0,0,20,2,3,29.18,2.4499999999999993,2
2024-03-21 00:00:00,BIN_010,PECHS,Organic,24.872,67.061,36.04,39.1,72.3,0,0,0,0,3,3,31.63,4.41,2
2024-03-21 04:00:00,BIN_010,PECHS,Organic,24.872,67.061,37.21,40.0,74.1,0,0,0,4,3,3,36.04,1.1700000000000017,2
2024-03-21 08:00:00,BIN_010,PECHS,Organic,24.872,67.061,37.58,33.5,80.7,0,0,0,8,3,3,37.21,0.36999999999999744,2
2024-03-21 12:00:00,BIN_010,PECHS,Organic,24.872,67.061,39.0,40.9,63.8,0,0,0,12,3,3,37.58,1.4200000000000017,2
2024-03-21 16:00:00,BIN_010,PECHS,Organic,24.872,67.061,39.25,37.7,88.6,0,0,0,16,3,3,39.0,0.25,2
2024-03-21 20:00:00,BIN_010,PECHS,Organic,24.872,67.061,40.36,37.0,76.6,0,0,0,20,3,3,39.25,1.1099999999999994,2
2024-03-22 00:00:00,BIN_010,PECHS,Organic,24.872,67.061,40.81,38.2,76.1,0,0,0,0,4,3,40.36,0.45000000000000284,2
2024-03-22 04:00:00,BIN_010,PECHS,Organic,24.872,67.061,42.71,37.3,86.5,0,0,0,4,4,3,40.81,1.8999999999999986,2
2024-03-22 08:00:00,BIN_010,PECHS,Organic,24.872,67.061,45.44,41.0,89.6,0,0,0,8,4,3,42.71,2.729999999999997,2
2024-03-22 12:00:00,BIN_010,PECHS,Organic,24.872,67.061,48.18,36.1,58.8,0,0,0,12,4,3,45.44,2.740000000000002,2
2024-03-22 16:00:00,BIN_010,PECHS,Organic,24.872,67.061,52.11,28.4,57.0,0,0,0,16,4,3,48.18,3.9299999999999997,2
2024-03-22 20:00:00,BIN_010,PECHS,Organic,24.872,67.061,53.53,28.9,80.6,0,0,0,20,4,3,52.11,1.4200000000000017,2
2024-03-23 00:00:00,BIN_010,PECHS,Organic,24.872,67.061,52.31,29.5,80.6,1,0,0,0,5,3,53.53,-1.2199999999999989,2
2024-03-23 04:00:00,BIN_010,PECHS,Organic,24.872,67.061,54.59,32.5,64.3,1,0,0,4,5,3,52.31,2.280000000000001,2
2024-03-23 08:00:00,BIN_010,PECHS,Organic,24.872,67.061,57.99,33.1,77.5,1,0,0,8,5,3,54.59,3.3999999999999986,2
2024-03-23 12:00:00,BIN_010,PECHS,Organic,24.872,67.061,63.2,31.8,82.8,1,0,0,12,5,3,57.99,5.210000000000001,2
2024-03-23 16:00:00,BIN_010,PECHS,Organic,24.872,67.061,64.58,39.0,79.8,1,0,0,16,5,3,63.2,1.3799999999999955,2
2024-03-23 20:00:00,BIN_010,PECHS,Organic,24.872,67.061,66.13,30.6,59.1,1,0,0,20,5,3,64.58,1.5499999999999972,2
2024-03-24 00:00:00,BIN_010,PECHS,Organic,24.872,67.061,69.08,32.6,78.0,1,0,0,0,6,3,66.13,2.950000000000003,2
2024-03-24 04:00:00,BIN_010,PECHS,Organic,24.872,67.061,72.19,29.7,72.7,1,0,0,4,6,3,69.08,3.1099999999999994,2
2024-03-24 08:00:00,BIN_010,PECHS,Organic,24.872,67.061,74.36,29.0,71.6,1,0,0,8,6,3,72.19,2.1700000000000017,2
2024-03-24 12:00:00,BIN_010,PECHS,Organic,24.872,67.061,76.27,33.9,70.6,1,1,0,12,6,3,74.36,1.9099999999999966,2
2024-03-24 16:00:00,BIN_010,PECHS,Organic,24.872,67.061,78.33,38.6,67.9,1,1,0,16,6,3,76.27,2.0600000000000023,2
2024-03-24 20:00:00,BIN_010,PECHS,Organic,24.872,67.061,79.93,38.0,67.9,1,1,0,20,6,3,78.33,1.6000000000000085,2
2024-03-25 00:00:00,BIN_010,PECHS,Organic,24.872,67.061,84.1,41.3,58.8,0,1,0,0,0,3,79.93,4.1699999999999875,2
2024-03-25 04:00:00,BIN_010,PECHS,Organic,24.872,67.061,82.91,28.5,76.3,0,1,0,4,0,3,84.1,-1.1899999999999977,2
2024-03-25 08:00:00,BIN_010,PECHS,Organic,24.872,67.061,80.27,37.0,74.4,0,1,0,8,0,3,82.91,-2.6400000000000006,2
2024-03-25 12:00:00,BIN_010,PECHS,Organic,24.872,67.061,79.84,36.9,85.6,0,1,0,12,0,3,80.27,-0.4299999999999926,2
2024-03-25 16:00:00,BIN_010,PECHS,Organic,24.872,67.061,81.54,34.5,77.4,0,1,0,16,0,3,79.84,1.7000000000000028,2
2024-03-25 20:00:00,BIN_010,PECHS,Organic,24.872,67.061,85.79,34.4,71.0,0,1,1,20,0,3,81.54,4.25,2
2024-03-26 00:00:00,BIN_010,PECHS,Organic,24.872,67.061,1.83,39.5,64.8,0,0,0,0,1,3,85.79,-83.96000000000001,2
2024-03-26 04:00:00,BIN_010,PECHS,Organic,24.872,67.061,1.6,35.3,67.1,0,0,0,4,1,3,1.83,-0.22999999999999998,2
2024-03-26 08:00:00,BIN_010,PECHS,Organic,24.872,67.061,1.98,41.9,65.6,0,0,0,8,1,3,1.6,0.3799999999999999,2
2024-03-26 12:00:00,BIN_010,PECHS,Organic,24.872,67.061,5.66,31.3,74.9,0,0,0,12,1,3,1.98,3.68,2
2024-03-26 16:00:00,BIN_010,PECHS,Organic,24.872,67.061,6.77,37.9,57.1,0,0,0,16,1,3,5.66,1.1099999999999994,2
2024-03-26 20:00:00,BIN_010,PECHS,Organic,24.872,67.061,9.18,40.9,57.8,0,0,0,20,1,3,6.77,2.41,2
2024-03-27 00:00:00,BIN_010,PECHS,Organic,24.872,67.061,10.88,34.3,89.1,0,0,0,0,2,3,9.18,1.700000000000001,2
2024-03-27 04:00:00,BIN_010,PECHS,Organic,24.872,67.061,13.92,41.9,77.8,0,0,0,4,2,3,10.88,3.039999999999999,2
2024-03-27 08:00:00,BIN_010,PECHS,Organic,24.872,67.061,15.67,35.4,73.0,0,0,0,8,2,3,13.92,1.75,2
2024-03-27 12:00:00,BIN_010,PECHS,Organic,24.872,67.061,15.78,36.0,55.7,0,0,0,12,2,3,15.67,0.10999999999999943,2
2024-03-27 16:00:00,BIN_010,PECHS,Organic,24.872,67.061,19.04,29.6,75.0,0,0,0,16,2,3,15.78,3.26,2
2024-03-27 20:00:00,BIN_010,PECHS,Organic,24.872,67.061,22.28,36.0,78.9,0,0,0,20,2,3,19.04,3.240000000000002,2
2024-03-28 00:00:00,BIN_010,PECHS,Organic,24.872,67.061,24.35,31.9,72.7,0,0,0,0,3,3,22.28,2.0700000000000003,2
2024-03-28 04:00:00,BIN_010,PECHS,Organic,24.872,67.061,24.99,38.8,79.7,0,0,0,4,3,3,24.35,0.639999999999997,2
2024-03-28 08:00:00,BIN_010,PECHS,Organic,24.872,67.061,27.07,41.6,60.5,0,0,0,8,3,3,24.99,2.080000000000002,2
2024-03-28 12:00:00,BIN_010,PECHS,Organic,24.872,67.061,27.36,39.9,79.6,0,0,0,12,3,3,27.07,0.28999999999999915,2
2024-03-28 16:00:00,BIN_010,PECHS,Organic,24.872,67.061,27.98,32.0,86.7,0,0,0,16,3,3,27.36,0.620000000000001,2
2024-03-28 20:00:00,BIN_010,PECHS,Organic,24.872,67.061,31.11,33.0,57.2,0,0,0,20,3,3,27.98,3.129999999999999,2
2024-03-29 00:00:00,BIN_010,PECHS,Organic,24.872,67.061,31.39,39.2,77.5,0,0,0,0,4,3,31.11,0.28000000000000114,2
2024-03-29 04:00:00,BIN_010,PECHS,Organic,24.872,67.061,33.51,40.2,82.5,0,0,0,4,4,3,31.39,2.1199999999999974,2
2024-03-29 08:00:00,BIN_010,PECHS,Organic,24.872,67.061,34.84,38.8,69.6,0,0,0,8,4,3,33.51,1.3300000000000054,2
2024-03-29 12:00:00,BIN_010,PECHS,Organic,24.872,67.061,35.26,41.6,80.8,0,0,0,12,4,3,34.84,0.4199999999999946,2
2024-03-29 16:00:00,BIN_010,PECHS,Organic,24.872,67.061,37.94,35.5,65.1,0,0,0,16,4,3,35.26,2.6799999999999997,2
2024-03-29 20:00:00,BIN_010,PECHS,Organic,24.872,67.061,40.29,32.9,67.0,0,0,0,20,4,3,37.94,2.3500000000000014,2
2024-03-30 00:00:00,BIN_010,PECHS,Organic,24.872,67.061,40.82,36.5,86.5,1,0,0,0,5,3,40.29,0.5300000000000011,2
2024-03-30 04:00:00,BIN_010,PECHS,Organic,24.872,67.061,41.91,32.3,61.5,1,0,0,4,5,3,40.82,1.0899999999999963,2
2024-03-30 08:00:00,BIN_010,PECHS,Organic,24.872,67.061,44.91,41.0,60.8,1,0,0,8,5,3,41.91,3.0,2
2024-03-30 12:00:00,BIN_010,PECHS,Organic,24.872,67.061,48.21,30.0,74.0,1,0,0,12,5,3,44.91,3.3000000000000043,2
2024-03-30 16:00:00,BIN_010,PECHS,Organic,24.872,67.061,49.84,36.4,61.3,1,0,0,16,5,3,48.21,1.6300000000000026,2
2024-03-30 20:00:00,BIN_010,PECHS,Organic,24.872,67.061,55.66,34.7,78.0,1,0,0,20,5,3,49.84,5.819999999999993,2
